
=== STAGE 0: Environment ===
  EGRET OK  (egret at /Users/matthewviens/Optimization/Egret/egret/__init__.py)
[    0.00] Initializing mpi-sppy
Alternative solutions package from or_topas is available.
  SPAROW OK (sparow at /Users/matthewviens/Optimization/sparow/sparow/__init__.py)
  OR-Topas OK
  Stage 0 PASSED

=== STAGE 1: Build EGRET model (tiny_uc_tc) ===
  Reading /Users/matthewviens/Optimization/Egret/egret/models/tests/uc_test_instances/tiny_uc_tc.json
  Truncating time horizon to first 4 periods
  ModelData source: /Users/matthewviens/Optimization/Egret/egret/models/tests/uc_test_instances/tiny_uc_tc.json|T=4
  system keys: ['reserve_ramping_constraints', 'time_keys', 'time_period_length_minutes', 'load_mismatch_cost', 'reserve_shortfall_cost', 'baseMVA', 'reference_bus', 'reference_bus_angle', 'reserve_requirement', 'spinning_reserve_requirement', 'non_spinning_reserve_requirement', 'regulation_up_requirement', 'regulation_down_requirement', 'flexible_ramp_up_requirement', 'flexible_ramp_down_requirement', 'supplemental_reserve_requirement']
  element types: ['bus', 'load', 'branch', 'interface', 'zone', 'generator', 'storage', 'area']
WARNING: Polynomial cost curves will be approximated using piecewise segments
WARNING | WARNING: Polynomial cost curves will be approximated using piecewise segments
  network_constraints: copperplate_power_flow
  Model type: <class 'pyomo.core.base.PyomoModel.ConcreteModel'>
  Model name: UnitCommitment
  Active objectives: ['TotalCostObjective']
  Set ThermalGenerators: length 7
  Set TimePeriods: length 4
  Set Buses: length 2
  Stage 1 PASSED

=== STAGE 2: Inspect binary / integer variables ===
  Binary components:
    UnitOn                                    n=   28  sample_idx=[('GEN1_0_t', 1), ('GEN1_0_t', 2), ('GEN1_0_t', 3)]
    UnitStart                                 n=   28  sample_idx=[('GEN1_0_t', 1), ('GEN1_0_t', 2), ('GEN1_0_t', 3)]
    UnitStop                                  n=   28  sample_idx=[('GEN1_0_t', 1), ('GEN1_0_t', 2), ('GEN1_0_t', 3)]
    StartupIndicator                          n=   14  sample_idx=[('GEN5_0_t', -5, 1), ('GEN5_0_t', -5, 2), ('GEN5_0_t', -5, 3)]
    RegulationOn                              n=   28  sample_idx=[('GEN1_0_t', 1), ('GEN1_0_t', 2), ('GEN1_0_t', 3)]
  Integer (non-binary) components:
    (none)
  Continuous sample (first few):
    PowerGeneratedAboveMinimum                n=   28
    MaximumPowerAvailableAboveMinimum         n=   28
    PiecewiseProduction                       n=   56
    ProductionCost                            n=   28
    StartupCost                               n=   28

  Suggested first_stage_variables (heuristic): ['UnitOn', 'UnitStart', 'UnitStop', 'StartupIndicator', 'RegulationOn']
  Stage 2 PASSED – inspect the list above before continuing

=== STAGE 3: Verify first-stage name list ===
  Candidate names: ['UnitOn', 'UnitStart', 'UnitStop', 'StartupIndicator', 'RegulationOn']
  'UnitOn': found, n=28, domain=Binary
  'UnitStart': found, n=28, domain=Binary
  'UnitStop': found, n=28, domain=Binary
  'StartupIndicator': found, n=14, domain=Binary
  'RegulationOn': found, n=28, domain=Binary
  Total first-stage VarData objects: 126
  Stage 3 PASSED

=== STAGE 4: Trivial SPAROW SP (newsvendor-style) ===
  default_model: None
  bundles: ['1', '2', '3']
  create_bundle_EF succeeded for bundle 1
  int_to_FirstStageVar[1]: 1 entries
    0: s[None,1].x = s[None,1].x
  Stage 4 PASSED

=== STAGE 5: SPAROW SP with EGRET model_builder ===
  default_model: None
  bundles: ['base']
  Building EF for bundle base ...
WARNING: Polynomial cost curves will be approximated using piecewise segments
WARNING | WARNING: Polynomial cost curves will be approximated using piecewise segments
  int_to_FirstStageVar[base]: 126 variables
    [0] s[None,base].UnitOn[GEN1_0_t,1]  domain=Binary
    [1] s[None,base].UnitOn[GEN1_0_t,2]  domain=Binary
    [2] s[None,base].UnitOn[GEN1_0_t,3]  domain=Binary
    [3] s[None,base].UnitOn[GEN1_0_t,4]  domain=Binary
    [4] s[None,base].UnitOn[GEN1_1_t,1]  domain=Binary
  Stage 5 PASSED

=== STAGE 6: Extensive Form solve (reference) ===
  Solver: gurobi
  Bundles / scenarios: ['base']
  Building and solving extensive form ...
INFO - 
INFO | 
INFO - ----------------------------------------------------------------------
INFO | ----------------------------------------------------------------------
INFO - ExtensiveFormSolver - START
INFO | ExtensiveFormSolver - START
INFO - Using single_bundle scheme (extensive form solve).
INFO | Using single_bundle scheme (extensive form solve).
/Users/matthewviens/Optimization/sparow/sparow/sp/bundling/bundling_helper_functions.py:123: UserWarning: No scenario probabilities are given; assuming uniform distribution.
  warnings.warn(
WARNING: Polynomial cost curves will be approximated using piecewise segments
WARNING | WARNING: Polynomial cost curves will be approximated using piecewise segments
INFO | Read LP format model from file /var/folders/n2/cpw5cst11dz704mw_b3h928w0000gn/T/tmp0epo5ug_.pyomo.lp
INFO | Reading time = 0.01 seconds
INFO | x1: 799 rows, 591 columns, 3022 nonzeros
INFO | Set parameter TimeLimit to value 120
INFO | Set parameter TimeLimit to value 120
INFO | Gurobi Optimizer version 13.0.0 build v13.0.0rc1 (mac64[rosetta2] - Darwin 25.5.0 25F84)
INFO | 
INFO | CPU model: Apple M1 Max
INFO | Thread count: 10 physical cores, 10 logical processors, using up to 10 threads
INFO | 
INFO | Non-default parameters:
INFO | TimeLimit  120
INFO | 
INFO | Optimize a model with 799 rows, 591 columns and 3022 nonzeros (Min)
INFO | Model fingerprint: 0x88d4a54b
INFO | Model has 173 linear objective coefficients
INFO | Variable types: 473 continuous, 118 integer (118 binary)
INFO | Coefficient statistics:
INFO |   Matrix range     [2e-02, 2e+03]
INFO |   Objective range  [1e+00, 4e+05]
INFO |   Bounds range     [3e-02, 3e+00]
INFO |   RHS range        [3e-02, 1e+01]
INFO | Found heuristic solution: objective 1.050096e+07
INFO | Presolve removed 380 rows and 216 columns
INFO | Presolve time: 0.05s
INFO | Presolved: 419 rows, 375 columns, 1869 nonzeros
INFO | Found heuristic solution: objective 1.050094e+07
INFO | Variable types: 314 continuous, 61 integer (61 binary)
INFO | 
INFO | Root relaxation: objective 6.903003e+04, 282 iterations, 0.02 seconds (0.00 work units)
INFO | 
INFO |     Nodes    |    Current Node    |     Objective Bounds      |     Work
INFO |  Expl Unexpl |  Obj  Depth IntInf | Incumbent    BestBd   Gap | It/Node Time
INFO | 
INFO |      0     0 69030.0277    0   17 1.0501e+07 69030.0277  99.3%     -    0s
INFO | H    0     0                    69651.771516 69030.0277  0.89%     -    0s
INFO | H    0     0                    69376.018390 69030.0277  0.50%     -    0s
INFO |      0     0 69340.1486    0   16 69376.0184 69340.1486  0.05%     -    0s
INFO |      0     0 69374.7841    0   16 69376.0184 69374.7841  0.00%     -    0s
INFO | 
INFO | Cutting planes:
INFO |   Learned: 2
INFO |   Gomory: 2
INFO |   Cover: 5
INFO |   Implied bound: 1
INFO |   MIR: 2
INFO |   Flow cover: 9
INFO | 
INFO | Explored 1 nodes (391 simplex iterations) in 0.22 seconds (0.02 work units)
INFO | Thread count was 10 (of 10 available processors)
INFO | 
INFO | Solution count 4: 69376 69651.8 1.05009e+07 1.0501e+07 
INFO | 
INFO | Optimal solution found (tolerance 1.00e-04)
INFO | Best objective 6.937601838984e+04, best bound 6.937478409767e+04, gap 0.0018%
INFO - 
INFO | 
INFO - ----------------------------------------------------------------------
INFO | ----------------------------------------------------------------------
INFO - ExtensiveFormSolver - STOP
INFO | ExtensiveFormSolver - STOP
  EF objective value: 69376
  Sample first-stage values (post-EF):
    s[None,base].UnitOn[GEN1_0_t,1] = 1
    s[None,base].UnitOn[GEN1_0_t,2] = 1
    s[None,base].UnitOn[GEN1_0_t,3] = 1
    s[None,base].UnitOn[GEN1_0_t,4] = 1
    s[None,base].UnitOn[GEN1_1_t,1] = 1.0
    s[None,base].UnitOn[GEN1_1_t,2] = 1.0
    s[None,base].UnitOn[GEN1_1_t,3] = 1.0
    s[None,base].UnitOn[GEN1_1_t,4] = 1.0
  Stage 6 PASSED – reference objective recorded

=== STAGE 7: Peek at SPAROW transforms (no solve) ===
  Using bundle bundle
WARNING: Polynomial cost curves will be approximated using piecewise segments
WARNING | WARNING: Polynomial cost curves will be approximated using piecewise segments
WARNING | Implicitly replacing the Component attribute obj (type=<class 'pyomo.core.base.objective.ScalarObjective'>) on block unknown with a new Component (type=<class 'pyomo.core.base.objective.AbstractScalarObjective'>).
This is usually indicative of a modelling error.
To avoid this warning, use block.del_component() and block.add_component().
WARNING | Uncopyable field encountered when deep copying Pyomo components outside the scope of Block.clone().  There is a distinct possibility that the new copy is not complete.  To avoid this situation, please use Block.clone()
ERROR | Unable to clone Pyomo component attribute.
Component 's[None,base].Contingencies' contains an uncopyable field '_init_values' (<class 'pyomo.core.base.set.TuplizeValuesInitializer'>).  Setting field to `None` on new object
  Subproblem model created: <class 'pyomo.core.base.PyomoModel.ConcreteModel'>
  Subproblem active objectives: ['obj']
  Subproblem residual Binary vars (should be 0 or few): 0
WARNING: Polynomial cost curves will be approximated using piecewise segments
WARNING | WARNING: Polynomial cost curves will be approximated using piecewise segments
WARNING | Implicitly replacing the Component attribute obj (type=<class 'pyomo.core.base.objective.ScalarObjective'>) on block unknown with a new Component (type=<class 'pyomo.core.base.objective.AbstractScalarObjective'>).
This is usually indicative of a modelling error.
To avoid this warning, use block.del_component() and block.add_component().
  Master model created: <class 'pyomo.core.base.PyomoModel.ConcreteModel'>
  Master etas: ['bundle']
  Master active objectives: ['obj']
  Stage 7 finished (manual inspection of any warnings above)

=== STAGE 8: SPAROW BendersSolver (+ EF comparison) ===
  EF reference objective: 69376
  eta_bounds_map: {'bundle': (0.0, None)}
  Unfixed 8 previously-fixed first-stage variables
  Seeded numeric values on 118 first-stage variables
  Calling BendersSolver.solve (remove_first_stage_only_cons=True, allow_infeasible=True) ...
  (Per-iteration banners: cuts_added / cuts_total / master_obj / eta)
INFO - BendersSolver - START
INFO | BendersSolver - START
WARNING | Uncopyable field encountered when deep copying Pyomo components outside the scope of Block.clone().  There is a distinct possibility that the new copy is not complete.  To avoid this situation, please use Block.clone()
ERROR | Unable to clone Pyomo component attribute.
Component 's[None,base].Contingencies' contains an uncopyable field '_init_values' (<class 'pyomo.core.base.set.TuplizeValuesInitializer'>).  Setting field to `None` on new object
WARNING: Polynomial cost curves will be approximated using piecewise segments
WARNING | WARNING: Polynomial cost curves will be approximated using piecewise segments
WARNING | Implicitly replacing the Component attribute obj (type=<class 'pyomo.core.base.objective.ScalarObjective'>) on block unknown with a new Component (type=<class 'pyomo.core.base.objective.AbstractScalarObjective'>).
This is usually indicative of a modelling error.
To avoid this warning, use block.del_component() and block.add_component().
WARNING: Polynomial cost curves will be approximated using piecewise segments
WARNING | WARNING: Polynomial cost curves will be approximated using piecewise segments
WARNING | Implicitly replacing the Component attribute obj (type=<class 'pyomo.core.base.objective.ScalarObjective'>) on block unknown with a new Component (type=<class 'pyomo.core.base.objective.AbstractScalarObjective'>).
This is usually indicative of a modelling error.
To avoid this warning, use block.del_component() and block.add_component().
INFO | Gurobi Optimizer version 13.0.0 build v13.0.0rc1 (mac64[rosetta2] - Darwin 25.5.0 25F84)
INFO | 
INFO | CPU model: Apple M1 Max
INFO | Thread count: 10 physical cores, 10 logical processors, using up to 10 threads
INFO | 
INFO | Non-default parameters:
INFO | LogToConsole  0
INFO | 
INFO | Optimize a model with 133 rows, 599 columns and 273 nonzeros (Min)
INFO | Model fingerprint: 0x31b2da19
INFO | Model has 21 linear objective coefficients and an objective constant of 1.2097392000000003e+04
INFO | Variable types: 473 continuous, 126 integer (126 binary)
INFO | Coefficient statistics:
INFO |   Matrix range     [1e+00, 1e+00]
INFO |   Objective range  [1e+00, 3e+03]
INFO |   Bounds range     [1e+00, 1e+00]
INFO |   RHS range        [1e+00, 1e+00]
INFO | Found heuristic solution: objective 12097.392000
INFO | 
INFO | Explored 0 nodes (0 simplex iterations) in 0.00 seconds (0.00 work units)
INFO | Thread count was 1 (of 10 available processors)
INFO | 
INFO | Solution count 1: 12097.4 
INFO | 
INFO | Optimal solution found (tolerance 1.00e-04)
INFO | Best objective 1.209739200000e+04, best bound 1.209739200000e+04, gap 0.0000%
Set parameter InfUnbdInfo to value 1
INFO | Set parameter InfUnbdInfo to value 1
Set parameter DualReductions to value 0
INFO | Set parameter DualReductions to value 0
INFO | Set parameter QCPDual to value 1
INFO | Gurobi Optimizer version 13.0.0 build v13.0.0rc1 (mac64[rosetta2] - Darwin 25.5.0 25F84)
INFO | 
INFO | CPU model: Apple M1 Max
INFO | Thread count: 10 physical cores, 10 logical processors, using up to 10 threads
INFO | 
INFO | Non-default parameters:
INFO | DualReductions  0
INFO | InfUnbdInfo  1
INFO | LogToConsole  0
INFO | QCPDual  1
INFO | 
INFO | Optimize a model with 1448 rows, 598 columns and 3523 nonzeros (Min)
INFO | Model fingerprint: 0x4d1f273b
INFO | Model has 152 linear objective coefficients and an objective constant of 1.2097392000000003e+04
INFO | Coefficient statistics:
INFO |   Matrix range     [2e-02, 2e+03]
INFO |   Objective range  [1e+00, 4e+05]
INFO |   Bounds range     [1e+00, 1e+00]
INFO |   RHS range        [3e-02, 1e+01]
INFO | Presolve time: 0.00s
INFO | Iteration    Objective       Primal Inf.    Dual Inf.      Time
INFO |        0      handle free variables                          0s
INFO | 
INFO | Solved in 228 iterations and 0.00 seconds (0.00 work units)
INFO | Infeasible model
  --- Benders iteration 1  cuts_added=1  cuts_total=1  ---
INFO | Gurobi Optimizer version 13.0.0 build v13.0.0rc1 (mac64[rosetta2] - Darwin 25.5.0 25F84)
INFO | 
INFO | CPU model: Apple M1 Max
INFO | Thread count: 10 physical cores, 10 logical processors, using up to 10 threads
INFO | 
INFO | Non-default parameters:
INFO | LogToConsole  0
INFO | 
INFO | Optimize a model with 134 rows, 599 columns and 277 nonzeros (Min)
INFO | Model fingerprint: 0x782c7ac4
INFO | Model has 21 linear objective coefficients and an objective constant of 1.2097392000000003e+04
INFO | Variable types: 473 continuous, 126 integer (126 binary)
INFO | Coefficient statistics:
INFO |   Matrix range     [1e+00, 3e+00]
INFO |   Objective range  [1e+00, 3e+03]
INFO |   Bounds range     [1e+00, 1e+00]
INFO |   RHS range        [8e-01, 1e+00]
INFO | 
INFO | MIP start from previous solve did not produce a new incumbent solution
INFO | MIP start from previous solve violates constraint x733 by 3.050000000
INFO | 
INFO | Found heuristic solution: objective 17475.992000
INFO | Presolve removed 134 rows and 599 columns
INFO | Presolve time: 0.00s
INFO | Presolve: All rows and columns removed
INFO | 
INFO | Explored 0 nodes (0 simplex iterations) in 0.00 seconds (0.00 work units)
INFO | Thread count was 1 (of 10 available processors)
INFO | 
INFO | Solution count 1: 17476 
INFO | 
INFO | Optimal solution found (tolerance 1.00e-04)
INFO | Best objective 1.747599200000e+04, best bound 1.747599200000e+04, gap 0.0000%
INFO | Set parameter InfUnbdInfo to value 1
INFO | Set parameter DualReductions to value 0
INFO | Set parameter QCPDual to value 1
INFO | Gurobi Optimizer version 13.0.0 build v13.0.0rc1 (mac64[rosetta2] - Darwin 25.5.0 25F84)
INFO | 
INFO | CPU model: Apple M1 Max
INFO | Thread count: 10 physical cores, 10 logical processors, using up to 10 threads
INFO | 
INFO | Non-default parameters:
INFO | DualReductions  0
INFO | InfUnbdInfo  1
INFO | LogToConsole  0
INFO | QCPDual  1
INFO | 
INFO | Optimize a model with 1448 rows, 598 columns and 3523 nonzeros (Min)
INFO | Model fingerprint: 0x8a678491
INFO | Model has 152 linear objective coefficients and an objective constant of 1.2097392000000003e+04
INFO | Coefficient statistics:
INFO |   Matrix range     [2e-02, 2e+03]
INFO |   Objective range  [1e+00, 4e+05]
INFO |   Bounds range     [1e+00, 1e+00]
INFO |   RHS range        [3e-02, 1e+01]
INFO | Presolve time: 0.00s
INFO |        0      handle free variables                          0s
INFO | 
INFO | Solved in 290 iterations and 0.00 seconds (0.00 work units)
INFO | Infeasible model
  --- Benders iteration 2  cuts_added=1  cuts_total=2  ---
INFO | Gurobi Optimizer version 13.0.0 build v13.0.0rc1 (mac64[rosetta2] - Darwin 25.5.0 25F84)
INFO | 
INFO | CPU model: Apple M1 Max
INFO | Thread count: 10 physical cores, 10 logical processors, using up to 10 threads
INFO | 
INFO | Non-default parameters:
INFO | LogToConsole  0
INFO | 
INFO | Optimize a model with 135 rows, 599 columns and 280 nonzeros (Min)
INFO | Model fingerprint: 0x2b30b968
INFO | Model has 21 linear objective coefficients and an objective constant of 1.2097392000000003e+04
INFO | Variable types: 473 continuous, 126 integer (126 binary)
INFO | Coefficient statistics:
INFO |   Matrix range     [4e-01, 3e+00]
INFO |   Objective range  [1e+00, 3e+03]
INFO |   Bounds range     [1e+00, 1e+00]
INFO |   RHS range        [8e-01, 1e+00]
INFO | 
INFO | MIP start from previous solve did not produce a new incumbent solution
INFO | MIP start from previous solve violates constraint x734 by 0.950000000
INFO | 
INFO | Found heuristic solution: objective 20311.967000
INFO | Presolve removed 135 rows and 599 columns
INFO | Presolve time: 0.00s
INFO | Presolve: All rows and columns removed
INFO | 
INFO | Explored 0 nodes (0 simplex iterations) in 0.00 seconds (0.00 work units)
INFO | Thread count was 1 (of 10 available processors)
INFO | 
INFO | Solution count 1: 20312 
INFO | 
INFO | Optimal solution found (tolerance 1.00e-04)
INFO | Best objective 2.031196700000e+04, best bound 2.031196700000e+04, gap 0.0000%
INFO | Set parameter InfUnbdInfo to value 1
INFO | Set parameter DualReductions to value 0
INFO | Set parameter QCPDual to value 1
INFO | Gurobi Optimizer version 13.0.0 build v13.0.0rc1 (mac64[rosetta2] - Darwin 25.5.0 25F84)
INFO | 
INFO | CPU model: Apple M1 Max
INFO | Thread count: 10 physical cores, 10 logical processors, using up to 10 threads
INFO | 
INFO | Non-default parameters:
INFO | DualReductions  0
INFO | InfUnbdInfo  1
INFO | LogToConsole  0
INFO | QCPDual  1
INFO | 
INFO | Optimize a model with 1448 rows, 598 columns and 3523 nonzeros (Min)
INFO | Model fingerprint: 0x894c5605
INFO | Model has 152 linear objective coefficients and an objective constant of 1.2097392000000003e+04
INFO | Coefficient statistics:
INFO |   Matrix range     [2e-02, 2e+03]
INFO |   Objective range  [1e+00, 4e+05]
INFO |   Bounds range     [1e+00, 1e+00]
INFO |   RHS range        [3e-02, 1e+01]
INFO | Presolve time: 0.00s
INFO |        0      handle free variables                          0s
INFO | 
INFO | Solved in 281 iterations and 0.00 seconds (0.00 work units)
INFO | Infeasible model
  --- Benders iteration 3  cuts_added=1  cuts_total=3  ---
INFO | Gurobi Optimizer version 13.0.0 build v13.0.0rc1 (mac64[rosetta2] - Darwin 25.5.0 25F84)
INFO | 
INFO | CPU model: Apple M1 Max
INFO | Thread count: 10 physical cores, 10 logical processors, using up to 10 threads
INFO | 
INFO | Non-default parameters:
INFO | LogToConsole  0
INFO | 
INFO | Optimize a model with 136 rows, 599 columns and 284 nonzeros (Min)
INFO | Model fingerprint: 0x8bda7f47
INFO | Model has 21 linear objective coefficients and an objective constant of 1.2097392000000003e+04
INFO | Variable types: 473 continuous, 126 integer (126 binary)
INFO | Coefficient statistics:
INFO |   Matrix range     [4e-01, 3e+00]
INFO |   Objective range  [1e+00, 3e+03]
INFO |   Bounds range     [1e+00, 1e+00]
INFO |   RHS range        [8e-01, 1e+00]
INFO | 
INFO | MIP start from previous solve did not produce a new incumbent solution
INFO | MIP start from previous solve violates constraint x735 by 0.950000000
INFO | 
INFO | Found heuristic solution: objective 22997.942000
INFO | Presolve removed 136 rows and 599 columns
INFO | Presolve time: 0.00s
INFO | Presolve: All rows and columns removed
INFO | 
INFO | Explored 0 nodes (0 simplex iterations) in 0.00 seconds (0.00 work units)
INFO | Thread count was 1 (of 10 available processors)
INFO | 
INFO | Solution count 1: 22997.9 
INFO | 
INFO | Optimal solution found (tolerance 1.00e-04)
INFO | Best objective 2.299794200000e+04, best bound 2.299794200000e+04, gap 0.0000%
INFO | Set parameter InfUnbdInfo to value 1
INFO | Set parameter DualReductions to value 0
INFO | Set parameter QCPDual to value 1
INFO | Gurobi Optimizer version 13.0.0 build v13.0.0rc1 (mac64[rosetta2] - Darwin 25.5.0 25F84)
INFO | 
INFO | CPU model: Apple M1 Max
INFO | Thread count: 10 physical cores, 10 logical processors, using up to 10 threads
INFO | 
INFO | Non-default parameters:
INFO | DualReductions  0
INFO | InfUnbdInfo  1
INFO | LogToConsole  0
INFO | QCPDual  1
INFO | 
INFO | Optimize a model with 1448 rows, 598 columns and 3523 nonzeros (Min)
INFO | Model fingerprint: 0xc0c08af4
INFO | Model has 152 linear objective coefficients and an objective constant of 1.2097392000000003e+04
INFO | Coefficient statistics:
INFO |   Matrix range     [2e-02, 2e+03]
INFO |   Objective range  [1e+00, 4e+05]
INFO |   Bounds range     [1e+00, 1e+00]
INFO |   RHS range        [3e-02, 1e+01]
INFO | Presolve time: 0.00s
INFO | Presolved: 106 rows, 132 columns, 423 nonzeros
INFO | 
INFO | Iteration    Objective       Primal Inf.    Dual Inf.      Time
INFO |        0    4.4913710e+06   4.398345e+01   0.000000e+00      0s
INFO |       59    4.5341417e+06   0.000000e+00   0.000000e+00      0s
INFO | 
INFO | Solved in 59 iterations and 0.00 seconds (0.00 work units)
INFO | Optimal objective  4.534141693e+06
  --- Benders iteration 4  cuts_added=1  cuts_total=4  ---
INFO | Gurobi Optimizer version 13.0.0 build v13.0.0rc1 (mac64[rosetta2] - Darwin 25.5.0 25F84)
INFO | 
INFO | CPU model: Apple M1 Max
INFO | Thread count: 10 physical cores, 10 logical processors, using up to 10 threads
INFO | 
INFO | Non-default parameters:
INFO | LogToConsole  0
INFO | 
INFO | Optimize a model with 137 rows, 599 columns and 381 nonzeros (Min)
INFO | Model fingerprint: 0xf9b4e4c1
INFO | Model has 21 linear objective coefficients and an objective constant of 1.2097392000000003e+04
INFO | Variable types: 473 continuous, 126 integer (126 binary)
INFO | Coefficient statistics:
INFO |   Matrix range     [4e-01, 2e+06]
INFO |   Objective range  [1e+00, 3e+03]
INFO |   Bounds range     [1e+00, 1e+00]
INFO |   RHS range        [8e-01, 5e+06]
INFO | 
INFO | MIP start from previous solve produced solution with objective 4.54504e+06 (0.00s)
INFO | MIP start from previous solve produced solution with objective 4.54504e+06 (0.00s)
INFO | Loaded MIP start from previous solve with objective 4.54504e+06
INFO | 
INFO | Presolve removed 120 rows and 572 columns
INFO | Presolve time: 0.00s
INFO | Presolved: 17 rows, 27 columns, 74 nonzeros
INFO | Found heuristic solution: objective 4539282.0909
INFO | Variable types: 1 continuous, 26 integer (26 binary)
INFO | 
INFO | Root relaxation: objective 2.685720e+04, 11 iterations, 0.00 seconds (0.00 work units)
INFO | 
INFO |     Nodes    |    Current Node    |     Objective Bounds      |     Work
INFO |  Expl Unexpl |  Obj  Depth IntInf | Incumbent    BestBd   Gap | It/Node Time
INFO | 
INFO |      0     0 26857.2039    0    2 4539282.09 26857.2039  99.4%     -    0s
INFO | H    0     0                    27307.204500 26857.2039  1.65%     -    0s
INFO | H    0     0                    27272.265000 26857.2039  1.52%     -    0s
INFO |      0     0 26882.2223    0    3 27272.2650 26882.2223  1.43%     -    0s
INFO | 
INFO | Explored 1 nodes (12 simplex iterations) in 0.01 seconds (0.00 work units)
INFO | Thread count was 10 (of 10 available processors)
INFO | 
INFO | Solution count 4: 27272.3 27307.2 4.53928e+06 4.54504e+06 
INFO | 
INFO | Optimal solution found (tolerance 1.00e-04)
INFO | Best objective 2.727226500000e+04, best bound 2.727226500000e+04, gap 0.0000%
INFO | Set parameter InfUnbdInfo to value 1
INFO | Set parameter DualReductions to value 0
INFO | Set parameter QCPDual to value 1
INFO | Gurobi Optimizer version 13.0.0 build v13.0.0rc1 (mac64[rosetta2] - Darwin 25.5.0 25F84)
INFO | 
INFO | CPU model: Apple M1 Max
INFO | Thread count: 10 physical cores, 10 logical processors, using up to 10 threads
INFO | 
INFO | Non-default parameters:
INFO | DualReductions  0
INFO | InfUnbdInfo  1
INFO | LogToConsole  0
INFO | QCPDual  1
INFO | 
INFO | Optimize a model with 1448 rows, 598 columns and 3523 nonzeros (Min)
INFO | Model fingerprint: 0x98c6484d
INFO | Model has 152 linear objective coefficients and an objective constant of 1.2097392000000003e+04
INFO | Coefficient statistics:
INFO |   Matrix range     [2e-02, 2e+03]
INFO |   Objective range  [1e+00, 4e+05]
INFO |   Bounds range     [1e+00, 1e+00]
INFO |   RHS range        [3e-02, 1e+01]
INFO | Presolve time: 0.00s
INFO |        0      handle free variables                          0s
INFO | 
INFO | Solved in 381 iterations and 0.00 seconds (0.01 work units)
INFO | Infeasible model
  --- Benders iteration 5  cuts_added=1  cuts_total=5  ---
INFO | Gurobi Optimizer version 13.0.0 build v13.0.0rc1 (mac64[rosetta2] - Darwin 25.5.0 25F84)
INFO | 
INFO | CPU model: Apple M1 Max
INFO | Thread count: 10 physical cores, 10 logical processors, using up to 10 threads
INFO | 
INFO | Non-default parameters:
INFO | LogToConsole  0
INFO | 
INFO | Optimize a model with 138 rows, 599 columns and 385 nonzeros (Min)
INFO | Model fingerprint: 0x9f72aa25
INFO | Model has 21 linear objective coefficients and an objective constant of 1.2097392000000003e+04
INFO | Variable types: 473 continuous, 126 integer (126 binary)
INFO | Coefficient statistics:
INFO |   Matrix range     [1e-01, 2e+06]
INFO |   Objective range  [1e+00, 3e+03]
INFO |   Bounds range     [1e+00, 1e+00]
INFO |   RHS range        [8e-01, 5e+06]
INFO | 
INFO | MIP start from previous solve did not produce a new incumbent solution
INFO | MIP start from previous solve violates constraint x737 by 0.150000000
INFO | 
INFO | Found heuristic solution: objective 4545042.2427
INFO | Presolve removed 121 rows and 572 columns
INFO | Presolve time: 0.00s
INFO | Presolved: 17 rows, 27 columns, 74 nonzeros
INFO | Found heuristic solution: objective 4544944.5909
INFO | Variable types: 1 continuous, 26 integer (26 binary)
INFO | 
INFO | Root relaxation: objective 2.686220e+04, 10 iterations, 0.00 seconds (0.00 work units)
INFO | 
INFO |     Nodes    |    Current Node    |     Objective Bounds      |     Work
INFO |  Expl Unexpl |  Obj  Depth IntInf | Incumbent    BestBd   Gap | It/Node Time
INFO | 
INFO |      0     0 26862.2003    0    2 4544944.59 26862.2003  99.4%     -    0s
INFO | H    0     0                    27307.204500 26862.2003  1.63%     -    0s
INFO | H    0     0                    27272.265000 26862.2003  1.50%     -    0s
INFO |      0     0 26993.9831    0    3 27272.2650 26993.9831  1.02%     -    0s
INFO | 
INFO | Explored 1 nodes (13 simplex iterations) in 0.00 seconds (0.00 work units)
INFO | Thread count was 10 (of 10 available processors)
INFO | 
INFO | Solution count 4: 27272.3 27307.2 4.54494e+06 4.54504e+06 
INFO | 
INFO | Optimal solution found (tolerance 1.00e-04)
INFO | Best objective 2.727226500000e+04, best bound 2.727226500000e+04, gap 0.0000%
INFO | Set parameter InfUnbdInfo to value 1
INFO | Set parameter DualReductions to value 0
INFO | Set parameter QCPDual to value 1
INFO | Gurobi Optimizer version 13.0.0 build v13.0.0rc1 (mac64[rosetta2] - Darwin 25.5.0 25F84)
INFO | 
INFO | CPU model: Apple M1 Max
INFO | Thread count: 10 physical cores, 10 logical processors, using up to 10 threads
INFO | 
INFO | Non-default parameters:
INFO | DualReductions  0
INFO | InfUnbdInfo  1
INFO | LogToConsole  0
INFO | QCPDual  1
INFO | 
INFO | Optimize a model with 1448 rows, 598 columns and 3523 nonzeros (Min)
INFO | Model fingerprint: 0x13018085
INFO | Model has 152 linear objective coefficients and an objective constant of 1.2097392000000003e+04
INFO | Coefficient statistics:
INFO |   Matrix range     [2e-02, 2e+03]
INFO |   Objective range  [1e+00, 4e+05]
INFO |   Bounds range     [1e+00, 1e+00]
INFO |   RHS range        [3e-02, 1e+01]
INFO | Presolve time: 0.00s
INFO |        0      handle free variables                          0s
INFO | 
INFO | Solved in 462 iterations and 0.00 seconds (0.01 work units)
INFO | Infeasible model
  --- Benders iteration 6  cuts_added=1  cuts_total=6  ---
INFO | Gurobi Optimizer version 13.0.0 build v13.0.0rc1 (mac64[rosetta2] - Darwin 25.5.0 25F84)
INFO | 
INFO | CPU model: Apple M1 Max
INFO | Thread count: 10 physical cores, 10 logical processors, using up to 10 threads
INFO | 
INFO | Non-default parameters:
INFO | LogToConsole  0
INFO | 
INFO | Optimize a model with 139 rows, 599 columns and 388 nonzeros (Min)
INFO | Model fingerprint: 0x298501cb
INFO | Model has 21 linear objective coefficients and an objective constant of 1.2097392000000003e+04
INFO | Variable types: 473 continuous, 126 integer (126 binary)
INFO | Coefficient statistics:
INFO |   Matrix range     [1e-01, 2e+06]
INFO |   Objective range  [1e+00, 3e+03]
INFO |   Bounds range     [1e+00, 1e+00]
INFO |   RHS range        [8e-01, 5e+06]
INFO | 
INFO | MIP start from previous solve did not produce a new incumbent solution
INFO | MIP start from previous solve violates constraint x738 by 0.150000000
INFO | 
INFO | Found heuristic solution: objective 4545042.2427
INFO | Presolve removed 122 rows and 572 columns
INFO | Presolve time: 0.00s
INFO | Presolved: 17 rows, 27 columns, 74 nonzeros
INFO | Variable types: 1 continuous, 26 integer (26 binary)
INFO | 
INFO | Root relaxation: objective 2.687047e+04, 11 iterations, 0.00 seconds (0.00 work units)
INFO | 
INFO |     Nodes    |    Current Node    |     Objective Bounds      |     Work
INFO |  Expl Unexpl |  Obj  Depth IntInf | Incumbent    BestBd   Gap | It/Node Time
INFO | 
INFO |      0     0 26870.4725    0    2 4545042.24 26870.4725  99.4%     -    0s
INFO | H    0     0                    27307.204500 26870.4725  1.60%     -    0s
INFO | H    0     0                    27272.265000 26870.4725  1.47%     -    0s
INFO |      0     0 27008.7802    0    3 27272.2650 27008.7802  0.97%     -    0s
INFO | 
INFO | Explored 1 nodes (14 simplex iterations) in 0.00 seconds (0.00 work units)
INFO | Thread count was 10 (of 10 available processors)
INFO | 
INFO | Solution count 3: 27272.3 27307.2 4.54504e+06 
INFO | 
INFO | Optimal solution found (tolerance 1.00e-04)
INFO | Best objective 2.727226500000e+04, best bound 2.727226500000e+04, gap 0.0000%
INFO | Set parameter InfUnbdInfo to value 1
INFO | Set parameter DualReductions to value 0
INFO | Set parameter QCPDual to value 1
INFO | Gurobi Optimizer version 13.0.0 build v13.0.0rc1 (mac64[rosetta2] - Darwin 25.5.0 25F84)
INFO | 
INFO | CPU model: Apple M1 Max
INFO | Thread count: 10 physical cores, 10 logical processors, using up to 10 threads
INFO | 
INFO | Non-default parameters:
INFO | DualReductions  0
INFO | InfUnbdInfo  1
INFO | LogToConsole  0
INFO | QCPDual  1
INFO | 
INFO | Optimize a model with 1448 rows, 598 columns and 3523 nonzeros (Min)
INFO | Model fingerprint: 0xb766e499
INFO | Model has 152 linear objective coefficients and an objective constant of 1.2097392000000003e+04
INFO | Coefficient statistics:
INFO |   Matrix range     [2e-02, 2e+03]
INFO |   Objective range  [1e+00, 4e+05]
INFO |   Bounds range     [1e+00, 1e+00]
INFO |   RHS range        [3e-02, 1e+01]
INFO | Presolve time: 0.00s
INFO |        0      handle free variables                          0s
INFO | 
INFO | Solved in 508 iterations and 0.00 seconds (0.01 work units)
INFO | Infeasible model
  --- Benders iteration 7  cuts_added=1  cuts_total=7  ---
INFO | Gurobi Optimizer version 13.0.0 build v13.0.0rc1 (mac64[rosetta2] - Darwin 25.5.0 25F84)
INFO | 
INFO | CPU model: Apple M1 Max
INFO | Thread count: 10 physical cores, 10 logical processors, using up to 10 threads
INFO | 
INFO | Non-default parameters:
INFO | LogToConsole  0
INFO | 
INFO | Optimize a model with 140 rows, 599 columns and 391 nonzeros (Min)
INFO | Model fingerprint: 0xb687b0eb
INFO | Model has 21 linear objective coefficients and an objective constant of 1.2097392000000003e+04
INFO | Variable types: 473 continuous, 126 integer (126 binary)
INFO | Coefficient statistics:
INFO |   Matrix range     [2e-02, 2e+06]
INFO |   Objective range  [1e+00, 3e+03]
INFO |   Bounds range     [1e+00, 1e+00]
INFO |   RHS range        [6e-01, 5e+06]
INFO | 
INFO | MIP start from previous solve did not produce a new incumbent solution
INFO | MIP start from previous solve violates constraint x739 by 0.020000000
INFO | 
INFO | Found heuristic solution: objective 4545042.2427
INFO | Presolve removed 123 rows and 572 columns
INFO | Presolve time: 0.00s
INFO | Presolved: 17 rows, 27 columns, 74 nonzeros
INFO | Variable types: 1 continuous, 26 integer (26 binary)
INFO | 
INFO | Root relaxation: objective 2.687200e+04, 11 iterations, 0.00 seconds (0.00 work units)
INFO | 
INFO |     Nodes    |    Current Node    |     Objective Bounds      |     Work
INFO |  Expl Unexpl |  Obj  Depth IntInf | Incumbent    BestBd   Gap | It/Node Time
INFO | 
INFO |      0     0 26871.9990    0    2 4545042.24 26871.9990  99.4%     -    0s
INFO | H    0     0                    27307.204500 26871.9990  1.59%     -    0s
INFO | H    0     0                    27272.265000 26871.9990  1.47%     -    0s
INFO |      0     0 27011.5108    0    3 27272.2650 27011.5108  0.96%     -    0s
INFO | 
INFO | Explored 1 nodes (14 simplex iterations) in 0.00 seconds (0.00 work units)
INFO | Thread count was 10 (of 10 available processors)
INFO | 
INFO | Solution count 3: 27272.3 27307.2 4.54504e+06 
INFO | 
INFO | Optimal solution found (tolerance 1.00e-04)
INFO | Best objective 2.727226500000e+04, best bound 2.727226500000e+04, gap 0.0000%
INFO | Set parameter InfUnbdInfo to value 1
INFO | Set parameter DualReductions to value 0
INFO | Set parameter QCPDual to value 1
INFO | Gurobi Optimizer version 13.0.0 build v13.0.0rc1 (mac64[rosetta2] - Darwin 25.5.0 25F84)
INFO | 
INFO | CPU model: Apple M1 Max
INFO | Thread count: 10 physical cores, 10 logical processors, using up to 10 threads
INFO | 
INFO | Non-default parameters:
INFO | DualReductions  0
INFO | InfUnbdInfo  1
INFO | LogToConsole  0
INFO | QCPDual  1
INFO | 
INFO | Optimize a model with 1448 rows, 598 columns and 3523 nonzeros (Min)
INFO | Model fingerprint: 0xbe1acb7b
INFO | Model has 152 linear objective coefficients and an objective constant of 1.2097392000000003e+04
INFO | Coefficient statistics:
INFO |   Matrix range     [2e-02, 2e+03]
INFO |   Objective range  [1e+00, 4e+05]
INFO |   Bounds range     [1e+00, 1e+00]
INFO |   RHS range        [3e-02, 1e+01]
INFO | Presolve time: 0.00s
INFO | Presolved: 127 rows, 154 columns, 551 nonzeros
INFO | 
INFO | Iteration    Objective       Primal Inf.    Dual Inf.      Time
INFO |        0    2.3432582e+06   5.729537e+01   0.000000e+00      0s
INFO |       85    2.5389245e+06   0.000000e+00   0.000000e+00      0s
INFO | 
INFO | Solved in 85 iterations and 0.00 seconds (0.00 work units)
INFO | Optimal objective  2.538924545e+06
  --- Benders iteration 8  cuts_added=1  cuts_total=8  ---
INFO | Gurobi Optimizer version 13.0.0 build v13.0.0rc1 (mac64[rosetta2] - Darwin 25.5.0 25F84)
INFO | 
INFO | CPU model: Apple M1 Max
INFO | Thread count: 10 physical cores, 10 logical processors, using up to 10 threads
INFO | 
INFO | Non-default parameters:
INFO | LogToConsole  0
INFO | 
INFO | Optimize a model with 141 rows, 599 columns and 487 nonzeros (Min)
INFO | Model fingerprint: 0x0daa4739
INFO | Model has 21 linear objective coefficients and an objective constant of 1.2097392000000003e+04
INFO | Variable types: 473 continuous, 126 integer (126 binary)
INFO | Coefficient statistics:
INFO |   Matrix range     [2e-02, 3e+06]
INFO |   Objective range  [1e+00, 3e+03]
INFO |   Bounds range     [1e+00, 1e+00]
INFO |   RHS range        [6e-01, 5e+06]
INFO | 
INFO | MIP start from previous solve produced solution with objective 2.5541e+06 (0.00s)
INFO | Loaded MIP start from previous solve with objective 2.5541e+06
INFO | 
INFO | Presolve removed 116 rows and 559 columns
INFO | Presolve time: 0.00s
INFO | Presolved: 25 rows, 40 columns, 138 nonzeros
INFO | Variable types: 1 continuous, 39 integer (39 binary)
INFO | 
INFO | Root relaxation: objective 2.718810e+04, 14 iterations, 0.00 seconds (0.00 work units)
INFO | 
INFO |     Nodes    |    Current Node    |     Objective Bounds      |     Work
INFO |  Expl Unexpl |  Obj  Depth IntInf | Incumbent    BestBd   Gap | It/Node Time
INFO | 
INFO |      0     0 27188.1028    0    3 2554099.42 27188.1028  98.9%     -    0s
INFO | H    0     0                    29996.504500 27188.1028  9.36%     -    0s
INFO | H    0     0                    28376.542000 27188.1028  4.19%     -    0s
INFO |      0     0 27575.7779    0   12 28376.5420 27575.7779  2.82%     -    0s
INFO |      0     0 28376.2518    0    7 28376.5420 28376.2518  0.00%     -    0s
INFO | 
INFO | Cutting planes:
INFO |   GUB cover: 1
INFO |   RLT: 1
INFO | 
INFO | Explored 1 nodes (33 simplex iterations) in 0.01 seconds (0.00 work units)
INFO | Thread count was 10 (of 10 available processors)
INFO | 
INFO | Solution count 3: 28376.5 29996.5 2.5541e+06 
INFO | 
INFO | Optimal solution found (tolerance 1.00e-04)
INFO | Best objective 2.837654200000e+04, best bound 2.837625182316e+04, gap 0.0010%
INFO | Set parameter InfUnbdInfo to value 1
INFO | Set parameter DualReductions to value 0
INFO | Set parameter QCPDual to value 1
INFO | Gurobi Optimizer version 13.0.0 build v13.0.0rc1 (mac64[rosetta2] - Darwin 25.5.0 25F84)
INFO | 
INFO | CPU model: Apple M1 Max
INFO | Thread count: 10 physical cores, 10 logical processors, using up to 10 threads
INFO | 
INFO | Non-default parameters:
INFO | DualReductions  0
INFO | InfUnbdInfo  1
INFO | LogToConsole  0
INFO | QCPDual  1
INFO | 
INFO | Optimize a model with 1448 rows, 598 columns and 3523 nonzeros (Min)
INFO | Model fingerprint: 0x2dcac094
INFO | Model has 152 linear objective coefficients and an objective constant of 1.2097392000000003e+04
INFO | Coefficient statistics:
INFO |   Matrix range     [2e-02, 2e+03]
INFO |   Objective range  [1e+00, 4e+05]
INFO |   Bounds range     [1e+00, 1e+00]
INFO |   RHS range        [3e-02, 1e+01]
INFO | Presolve time: 0.00s
INFO | Presolved: 140 rows, 165 columns, 632 nonzeros
INFO | 
INFO | Iteration    Objective       Primal Inf.    Dual Inf.      Time
INFO |        0    4.2100572e+05   6.325094e+01   0.000000e+00      0s
INFO |       94    4.6663067e+05   0.000000e+00   0.000000e+00      0s
INFO | 
INFO | Solved in 94 iterations and 0.00 seconds (0.00 work units)
INFO | Optimal objective  4.666306726e+05
  --- Benders iteration 9  cuts_added=1  cuts_total=9  ---
INFO | Gurobi Optimizer version 13.0.0 build v13.0.0rc1 (mac64[rosetta2] - Darwin 25.5.0 25F84)
INFO | 
INFO | CPU model: Apple M1 Max
INFO | Thread count: 10 physical cores, 10 logical processors, using up to 10 threads
INFO | 
INFO | Non-default parameters:
INFO | LogToConsole  0
INFO | 
INFO | Optimize a model with 142 rows, 599 columns and 581 nonzeros (Min)
INFO | Model fingerprint: 0x6d764a55
INFO | Model has 21 linear objective coefficients and an objective constant of 1.2097392000000003e+04
INFO | Variable types: 473 continuous, 126 integer (126 binary)
INFO | Coefficient statistics:
INFO |   Matrix range     [2e-02, 3e+06]
INFO |   Objective range  [1e+00, 3e+03]
INFO |   Bounds range     [1e+00, 1e+00]
INFO |   RHS range        [6e-01, 5e+06]
INFO | 
INFO | MIP start from previous solve produced solution with objective 482910 (0.00s)
INFO | Loaded MIP start from previous solve with objective 482910
INFO | 
INFO | Presolve removed 112 rows and 552 columns
INFO | Presolve time: 0.00s
INFO | Presolved: 30 rows, 47 columns, 196 nonzeros
INFO | Variable types: 1 continuous, 46 integer (46 binary)
INFO | 
INFO | Root relaxation: objective 2.718810e+04, 14 iterations, 0.00 seconds (0.00 work units)
INFO | 
INFO |     Nodes    |    Current Node    |     Objective Bounds      |     Work
INFO |  Expl Unexpl |  Obj  Depth IntInf | Incumbent    BestBd   Gap | It/Node Time
INFO | 
INFO |      0     0 27188.1028    0    3 482909.823 27188.1028  94.4%     -    0s
INFO | H    0     0                    29996.504500 27188.1028  9.36%     -    0s
INFO | H    0     0                    28822.348500 27188.1028  5.67%     -    0s
INFO |      0     0 27784.2738    0   14 28822.3485 27784.2738  3.60%     -    0s
INFO | H    0     0                    28819.023500 27784.2738  3.59%     -    0s
INFO |      0     0 28819.0235    0   14 28819.0235 28819.0235  0.00%     -    0s
INFO | 
INFO | Cutting planes:
INFO |   Gomory: 1
INFO |   Cover: 1
INFO |   GUB cover: 1
INFO | 
INFO | Explored 1 nodes (36 simplex iterations) in 0.01 seconds (0.00 work units)
INFO | Thread count was 10 (of 10 available processors)
INFO | 
INFO | Solution count 4: 28819 28822.3 29996.5 482910 
INFO | 
INFO | Optimal solution found (tolerance 1.00e-04)
INFO | Best objective 2.881902350000e+04, best bound 2.881902350000e+04, gap 0.0000%
INFO | Set parameter InfUnbdInfo to value 1
INFO | Set parameter DualReductions to value 0
INFO | Set parameter QCPDual to value 1
INFO | Gurobi Optimizer version 13.0.0 build v13.0.0rc1 (mac64[rosetta2] - Darwin 25.5.0 25F84)
INFO | 
INFO | CPU model: Apple M1 Max
INFO | Thread count: 10 physical cores, 10 logical processors, using up to 10 threads
INFO | 
INFO | Non-default parameters:
INFO | DualReductions  0
INFO | InfUnbdInfo  1
INFO | LogToConsole  0
INFO | QCPDual  1
INFO | 
INFO | Optimize a model with 1448 rows, 598 columns and 3523 nonzeros (Min)
INFO | Model fingerprint: 0x4bc3d02d
INFO | Model has 152 linear objective coefficients and an objective constant of 1.2097392000000003e+04
INFO | Coefficient statistics:
INFO |   Matrix range     [2e-02, 2e+03]
INFO |   Objective range  [1e+00, 4e+05]
INFO |   Bounds range     [1e+00, 1e+00]
INFO |   RHS range        [3e-02, 1e+01]
INFO | Presolve time: 0.00s
INFO | Presolved: 147 rows, 171 columns, 655 nonzeros
INFO | 
INFO | Iteration    Objective       Primal Inf.    Dual Inf.      Time
INFO |        0    2.3420767e+06   5.470133e+01   0.000000e+00      0s
INFO |       82    2.3929672e+06   0.000000e+00   0.000000e+00      0s
INFO | 
INFO | Solved in 82 iterations and 0.00 seconds (0.00 work units)
INFO | Optimal objective  2.392967160e+06
  --- Benders iteration 10  cuts_added=1  cuts_total=10  ---
INFO | Gurobi Optimizer version 13.0.0 build v13.0.0rc1 (mac64[rosetta2] - Darwin 25.5.0 25F84)
INFO | 
INFO | CPU model: Apple M1 Max
INFO | Thread count: 10 physical cores, 10 logical processors, using up to 10 threads
INFO | 
INFO | Non-default parameters:
INFO | LogToConsole  0
INFO | 
INFO | Optimize a model with 143 rows, 599 columns and 674 nonzeros (Min)
INFO | Model fingerprint: 0x4df4ce55
INFO | Model has 21 linear objective coefficients and an objective constant of 1.2097392000000003e+04
INFO | Variable types: 473 continuous, 126 integer (126 binary)
INFO | Coefficient statistics:
INFO |   Matrix range     [2e-02, 3e+06]
INFO |   Objective range  [1e+00, 3e+03]
INFO |   Bounds range     [1e+00, 1e+00]
INFO |   RHS range        [6e-01, 5e+06]
INFO | 
INFO | MIP start from previous solve produced solution with objective 2.40969e+06 (0.00s)
INFO | Loaded MIP start from previous solve with objective 2.40969e+06
INFO | 
INFO | Presolve removed 106 rows and 547 columns
INFO | Presolve time: 0.00s
INFO | Presolved: 37 rows, 52 columns, 262 nonzeros
INFO | Variable types: 1 continuous, 51 integer (51 binary)
INFO | 
INFO | Root relaxation: objective 2.741248e+04, 19 iterations, 0.00 seconds (0.00 work units)
INFO | 
INFO |     Nodes    |    Current Node    |     Objective Bounds      |     Work
INFO |  Expl Unexpl |  Obj  Depth IntInf | Incumbent    BestBd   Gap | It/Node Time
INFO | 
INFO |      0     0 27412.4772    0    9 2409688.79 27412.4772  98.9%     -    0s
INFO | H    0     0                    33745.167000 27412.4772  18.8%     -    0s
INFO | H    0     0                    29533.313000 27412.4772  7.18%     -    0s
INFO |      0     0 28443.3439    0   13 29533.3130 28443.3439  3.69%     -    0s
INFO | H    0     0                    28857.288000 28443.3439  1.43%     -    0s
INFO |      0     0 28857.2880    0   13 28857.2880 28857.2880  0.00%     -    0s
INFO | 
INFO | Cutting planes:
INFO |   Gomory: 1
INFO |   MIR: 1
INFO |   GUB cover: 1
INFO | 
INFO | Explored 1 nodes (31 simplex iterations) in 0.01 seconds (0.00 work units)
INFO | Thread count was 10 (of 10 available processors)
INFO | 
INFO | Solution count 4: 28857.3 29533.3 33745.2 2.40969e+06 
INFO | 
INFO | Optimal solution found (tolerance 1.00e-04)
INFO | Best objective 2.885728800000e+04, best bound 2.885728800000e+04, gap 0.0000%
INFO | Set parameter InfUnbdInfo to value 1
INFO | Set parameter DualReductions to value 0
INFO | Set parameter QCPDual to value 1
INFO | Gurobi Optimizer version 13.0.0 build v13.0.0rc1 (mac64[rosetta2] - Darwin 25.5.0 25F84)
INFO | 
INFO | CPU model: Apple M1 Max
INFO | Thread count: 10 physical cores, 10 logical processors, using up to 10 threads
INFO | 
INFO | Non-default parameters:
INFO | DualReductions  0
INFO | InfUnbdInfo  1
INFO | LogToConsole  0
INFO | QCPDual  1
INFO | 
INFO | Optimize a model with 1448 rows, 598 columns and 3523 nonzeros (Min)
INFO | Model fingerprint: 0x50454fcc
INFO | Model has 152 linear objective coefficients and an objective constant of 1.2097392000000003e+04
INFO | Coefficient statistics:
INFO |   Matrix range     [2e-02, 2e+03]
INFO |   Objective range  [1e+00, 4e+05]
INFO |   Bounds range     [1e+00, 1e+00]
INFO |   RHS range        [3e-02, 1e+01]
INFO | Presolve time: 0.00s
INFO | Presolved: 143 rows, 167 columns, 647 nonzeros
INFO | 
INFO | Iteration    Objective       Primal Inf.    Dual Inf.      Time
INFO |        0    1.0414094e+06   6.440430e+01   0.000000e+00      0s
INFO |       87    1.2350178e+06   0.000000e+00   0.000000e+00      0s
INFO | 
INFO | Solved in 87 iterations and 0.00 seconds (0.00 work units)
INFO | Optimal objective  1.235017751e+06
  --- Benders iteration 11  cuts_added=1  cuts_total=11  ---
INFO | Gurobi Optimizer version 13.0.0 build v13.0.0rc1 (mac64[rosetta2] - Darwin 25.5.0 25F84)
INFO | 
INFO | CPU model: Apple M1 Max
INFO | Thread count: 10 physical cores, 10 logical processors, using up to 10 threads
INFO | 
INFO | Non-default parameters:
INFO | LogToConsole  0
INFO | 
INFO | Optimize a model with 144 rows, 599 columns and 768 nonzeros (Min)
INFO | Model fingerprint: 0x48de185e
INFO | Model has 21 linear objective coefficients and an objective constant of 1.2097392000000003e+04
INFO | Variable types: 473 continuous, 126 integer (126 binary)
INFO | Coefficient statistics:
INFO |   Matrix range     [2e-02, 3e+06]
INFO |   Objective range  [1e+00, 3e+03]
INFO |   Bounds range     [1e+00, 1e+00]
INFO |   RHS range        [6e-01, 5e+06]
INFO | 
INFO | MIP start from previous solve produced solution with objective 1.25178e+06 (0.00s)
INFO | Loaded MIP start from previous solve with objective 1.25178e+06
INFO | 
INFO | Presolve removed 102 rows and 544 columns
INFO | Presolve time: 0.00s
INFO | Presolved: 42 rows, 55 columns, 327 nonzeros
INFO | Variable types: 1 continuous, 54 integer (54 binary)
INFO | 
INFO | Root relaxation: objective 2.741176e+04, 24 iterations, 0.00 seconds (0.00 work units)
INFO | 
INFO |     Nodes    |    Current Node    |     Objective Bounds      |     Work
INFO |  Expl Unexpl |  Obj  Depth IntInf | Incumbent    BestBd   Gap | It/Node Time
INFO | 
INFO |      0     0 27411.7591    0    9 1251777.65 27411.7591  97.8%     -    0s
INFO | H    0     0                    33745.167000 27411.7591  18.8%     -    0s
INFO | H    0     0                    31059.192000 27411.7591  11.7%     -    0s
INFO | H    0     0                    29996.504500 27411.7591  8.62%     -    0s
INFO | H    0     0                    29891.686000 28586.4124  4.37%     -    0s
INFO |      0     0 28736.0655    0   10 29891.6860 28736.0655  3.87%     -    0s
INFO |      0     0 29043.7753    0   14 29891.6860 29043.7753  2.84%     -    0s
INFO |      0     0 29043.7753    0   14 29891.6860 29043.7753  2.84%     -    0s
INFO |      0     0 29067.4356    0   16 29891.6860 29067.4356  2.76%     -    0s
INFO |      0     0 29067.4356    0   18 29891.6860 29067.4356  2.76%     -    0s
INFO |      0     0 29067.4356    0   21 29891.6860 29067.4356  2.76%     -    0s
INFO | H    0     0                    29456.517000 29279.6351  0.60%     -    0s
INFO |      0     0 29456.5170    0   20 29456.5170 29456.5170  0.00%     -    0s
INFO | 
INFO | Cutting planes:
INFO |   Gomory: 2
INFO |   Cover: 3
INFO |   MIR: 4
INFO |   GUB cover: 3
INFO | 
INFO | Explored 1 nodes (60 simplex iterations) in 0.01 seconds (0.00 work units)
INFO | Thread count was 10 (of 10 available processors)
INFO | 
INFO | Solution count 6: 29456.5 29891.7 29996.5 ... 1.25178e+06
INFO | 
INFO | Optimal solution found (tolerance 1.00e-04)
INFO | Best objective 2.945651700000e+04, best bound 2.945651700000e+04, gap 0.0000%
INFO | Set parameter InfUnbdInfo to value 1
INFO | Set parameter DualReductions to value 0
INFO | Set parameter QCPDual to value 1
INFO | Gurobi Optimizer version 13.0.0 build v13.0.0rc1 (mac64[rosetta2] - Darwin 25.5.0 25F84)
INFO | 
INFO | CPU model: Apple M1 Max
INFO | Thread count: 10 physical cores, 10 logical processors, using up to 10 threads
INFO | 
INFO | Non-default parameters:
INFO | DualReductions  0
INFO | InfUnbdInfo  1
INFO | LogToConsole  0
INFO | QCPDual  1
INFO | 
INFO | Optimize a model with 1448 rows, 598 columns and 3523 nonzeros (Min)
INFO | Model fingerprint: 0xe35b9ffc
INFO | Model has 152 linear objective coefficients and an objective constant of 1.2097392000000003e+04
INFO | Coefficient statistics:
INFO |   Matrix range     [2e-02, 2e+03]
INFO |   Objective range  [1e+00, 4e+05]
INFO |   Bounds range     [1e+00, 1e+00]
INFO |   RHS range        [3e-02, 1e+01]
INFO | Presolve time: 0.00s
INFO | Presolved: 145 rows, 174 columns, 667 nonzeros
INFO | 
INFO | Iteration    Objective       Primal Inf.    Dual Inf.      Time
INFO |        0    1.4129834e+05   6.957248e+01   0.000000e+00      0s
INFO |       95    1.8418515e+05   0.000000e+00   0.000000e+00      0s
INFO | 
INFO | Solved in 95 iterations and 0.00 seconds (0.00 work units)
INFO | Optimal objective  1.841851460e+05
  --- Benders iteration 12  cuts_added=1  cuts_total=12  ---
INFO | Gurobi Optimizer version 13.0.0 build v13.0.0rc1 (mac64[rosetta2] - Darwin 25.5.0 25F84)
INFO | 
INFO | CPU model: Apple M1 Max
INFO | Thread count: 10 physical cores, 10 logical processors, using up to 10 threads
INFO | 
INFO | Non-default parameters:
INFO | LogToConsole  0
INFO | 
INFO | Optimize a model with 145 rows, 599 columns and 861 nonzeros (Min)
INFO | Model fingerprint: 0x3e2f6ca2
INFO | Model has 21 linear objective coefficients and an objective constant of 1.2097392000000003e+04
INFO | Variable types: 473 continuous, 126 integer (126 binary)
INFO | Coefficient statistics:
INFO |   Matrix range     [2e-02, 3e+06]
INFO |   Objective range  [1e+00, 3e+03]
INFO |   Bounds range     [1e+00, 1e+00]
INFO |   RHS range        [6e-01, 5e+06]
INFO | 
INFO | MIP start from previous solve produced solution with objective 201544 (0.00s)
INFO | Loaded MIP start from previous solve with objective 201544
INFO | 
INFO | Presolve removed 102 rows and 544 columns
INFO | Presolve time: 0.00s
INFO | Presolved: 43 rows, 55 columns, 373 nonzeros
INFO | Variable types: 1 continuous, 54 integer (54 binary)
INFO | 
INFO | Root relaxation: objective 2.741176e+04, 24 iterations, 0.00 seconds (0.00 work units)
INFO | 
INFO |     Nodes    |    Current Node    |     Objective Bounds      |     Work
INFO |  Expl Unexpl |  Obj  Depth IntInf | Incumbent    BestBd   Gap | It/Node Time
INFO | 
INFO |      0     0 27411.7591    0    9 201544.271 27411.7591  86.4%     -    0s
INFO | H    0     0                    31209.192000 27411.7591  12.2%     -    0s
INFO | H    0     0                    31059.192000 27411.7591  11.7%     -    0s
INFO | H    0     0                    29996.504500 27411.7591  8.62%     -    0s
INFO | H    0     0                    29891.686000 28596.2904  4.33%     -    0s
INFO |      0     0 28741.5728    0   10 29891.6860 28741.5728  3.85%     -    0s
INFO |      0     0 28987.7143    0   14 29891.6860 28987.7143  3.02%     -    0s
INFO |      0     0 29067.4356    0   14 29891.6860 29067.4356  2.76%     -    0s
INFO |      0     0 29067.4356    0   16 29891.6860 29067.4356  2.76%     -    0s
INFO |      0     0 29095.8462    0   18 29891.6860 29095.8462  2.66%     -    0s
INFO |      0     0 29095.8462    0   21 29891.6860 29095.8462  2.66%     -    0s
INFO |      0     0 29421.4394    0   20 29891.6860 29421.4394  1.57%     -    0s
INFO |      0     0 29891.6860    0   23 29891.6860 29891.6860  0.00%     -    0s
INFO | 
INFO | Cutting planes:
INFO |   Gomory: 1
INFO |   Cover: 2
INFO |   MIR: 2
INFO |   GUB cover: 4
INFO |   RLT: 1
INFO | 
INFO | Explored 1 nodes (88 simplex iterations) in 0.01 seconds (0.01 work units)
INFO | Thread count was 10 (of 10 available processors)
INFO | 
INFO | Solution count 5: 29891.7 29996.5 31059.2 ... 201544
INFO | 
INFO | Optimal solution found (tolerance 1.00e-04)
INFO | Best objective 2.989168600000e+04, best bound 2.989168600000e+04, gap 0.0000%
INFO | Set parameter InfUnbdInfo to value 1
INFO | Set parameter DualReductions to value 0
INFO | Set parameter QCPDual to value 1
INFO | Gurobi Optimizer version 13.0.0 build v13.0.0rc1 (mac64[rosetta2] - Darwin 25.5.0 25F84)
INFO | 
INFO | CPU model: Apple M1 Max
INFO | Thread count: 10 physical cores, 10 logical processors, using up to 10 threads
INFO | 
INFO | Non-default parameters:
INFO | DualReductions  0
INFO | InfUnbdInfo  1
INFO | LogToConsole  0
INFO | QCPDual  1
INFO | 
INFO | Optimize a model with 1448 rows, 598 columns and 3523 nonzeros (Min)
INFO | Model fingerprint: 0x00193439
INFO | Model has 152 linear objective coefficients and an objective constant of 1.2097392000000003e+04
INFO | Coefficient statistics:
INFO |   Matrix range     [2e-02, 2e+03]
INFO |   Objective range  [1e+00, 4e+05]
INFO |   Bounds range     [1e+00, 1e+00]
INFO |   RHS range        [3e-02, 1e+01]
INFO | Presolve time: 0.00s
INFO | Presolved: 153 rows, 181 columns, 710 nonzeros
INFO | 
INFO | Iteration    Objective       Primal Inf.    Dual Inf.      Time
INFO |        0    2.3648961e+04   5.641075e+01   0.000000e+00      0s
INFO |      130    7.8260247e+04   0.000000e+00   0.000000e+00      0s
INFO | 
INFO | Solved in 130 iterations and 0.00 seconds (0.00 work units)
INFO | Optimal objective  7.826024694e+04
  --- Benders iteration 13  cuts_added=1  cuts_total=13  ---
INFO | Gurobi Optimizer version 13.0.0 build v13.0.0rc1 (mac64[rosetta2] - Darwin 25.5.0 25F84)
INFO | 
INFO | CPU model: Apple M1 Max
INFO | Thread count: 10 physical cores, 10 logical processors, using up to 10 threads
INFO | 
INFO | Non-default parameters:
INFO | LogToConsole  0
INFO | 
INFO | Optimize a model with 146 rows, 599 columns and 957 nonzeros (Min)
INFO | Model fingerprint: 0xd24e5b6e
INFO | Model has 21 linear objective coefficients and an objective constant of 1.2097392000000003e+04
INFO | Variable types: 473 continuous, 126 integer (126 binary)
INFO | Coefficient statistics:
INFO |   Matrix range     [2e-02, 3e+06]
INFO |   Objective range  [1e+00, 3e+03]
INFO |   Bounds range     [1e+00, 1e+00]
INFO |   RHS range        [6e-01, 5e+06]
INFO | 
INFO | MIP start from previous solve produced solution with objective 96054.5 (0.00s)
INFO | Loaded MIP start from previous solve with objective 96054.5
INFO | 
INFO | Presolve removed 102 rows and 544 columns
INFO | Presolve time: 0.00s
INFO | Presolved: 44 rows, 55 columns, 420 nonzeros
INFO | Variable types: 1 continuous, 54 integer (54 binary)
INFO | 
INFO | Root relaxation: objective 2.793906e+04, 22 iterations, 0.00 seconds (0.00 work units)
INFO | 
INFO |     Nodes    |    Current Node    |     Objective Bounds      |     Work
INFO |  Expl Unexpl |  Obj  Depth IntInf | Incumbent    BestBd   Gap | It/Node Time
INFO | 
INFO |      0     0 27939.0569    0   13 96054.5409 27939.0569  70.9%     -    0s
INFO | H    0     0                    30536.492000 27939.0569  8.51%     -    0s
INFO | H    0     0                    30529.842000 27939.0569  8.49%     -    0s
INFO | H    0     0                    29989.854500 27939.0569  6.84%     -    0s
INFO |      0     0 28650.7100    0   12 29989.8545 28650.7100  4.47%     -    0s
INFO |      0     0 29047.7376    0   12 29989.8545 29047.7376  3.14%     -    0s
INFO |      0     0 29047.7376    0   12 29989.8545 29047.7376  3.14%     -    0s
INFO |      0     0 29505.4082    0   14 29989.8545 29505.4082  1.62%     -    0s
INFO |      0     0 29854.5159    0   14 29989.8545 29854.5159  0.45%     -    0s
INFO |      0     0 29854.5159    0   16 29989.8545 29854.5159  0.45%     -    0s
INFO |      0     0 29892.1479    0   18 29989.8545 29892.1479  0.33%     -    0s
INFO | 
INFO | Cutting planes:
INFO |   Gomory: 2
INFO |   Lift-and-project: 1
INFO |   Cover: 2
INFO |   MIR: 6
INFO |   GUB cover: 1
INFO | 
INFO | Explored 1 nodes (58 simplex iterations) in 0.02 seconds (0.01 work units)
INFO | Thread count was 10 (of 10 available processors)
INFO | 
INFO | Solution count 4: 29989.9 30529.8 30536.5 96054.5 
INFO | 
INFO | Optimal solution found (tolerance 1.00e-04)
INFO | Best objective 2.998985450000e+04, best bound 2.998985450000e+04, gap 0.0000%
INFO | Set parameter InfUnbdInfo to value 1
INFO | Set parameter DualReductions to value 0
INFO | Set parameter QCPDual to value 1
INFO | Gurobi Optimizer version 13.0.0 build v13.0.0rc1 (mac64[rosetta2] - Darwin 25.5.0 25F84)
INFO | 
INFO | CPU model: Apple M1 Max
INFO | Thread count: 10 physical cores, 10 logical processors, using up to 10 threads
INFO | 
INFO | Non-default parameters:
INFO | DualReductions  0
INFO | InfUnbdInfo  1
INFO | LogToConsole  0
INFO | QCPDual  1
INFO | 
INFO | Optimize a model with 1448 rows, 598 columns and 3523 nonzeros (Min)
INFO | Model fingerprint: 0x4afc7d69
INFO | Model has 152 linear objective coefficients and an objective constant of 1.2097392000000003e+04
INFO | Coefficient statistics:
INFO |   Matrix range     [2e-02, 2e+03]
INFO |   Objective range  [1e+00, 4e+05]
INFO |   Bounds range     [1e+00, 1e+00]
INFO |   RHS range        [3e-02, 1e+01]
INFO | Presolve time: 0.00s
INFO |        0      handle free variables                          0s
INFO | 
INFO | Solved in 422 iterations and 0.00 seconds (0.01 work units)
INFO | Infeasible model
  --- Benders iteration 14  cuts_added=1  cuts_total=14  ---
INFO | Gurobi Optimizer version 13.0.0 build v13.0.0rc1 (mac64[rosetta2] - Darwin 25.5.0 25F84)
INFO | 
INFO | CPU model: Apple M1 Max
INFO | Thread count: 10 physical cores, 10 logical processors, using up to 10 threads
INFO | 
INFO | Non-default parameters:
INFO | LogToConsole  0
INFO | 
INFO | Optimize a model with 147 rows, 599 columns and 960 nonzeros (Min)
INFO | Model fingerprint: 0xbf4df32f
INFO | Model has 21 linear objective coefficients and an objective constant of 1.2097392000000003e+04
INFO | Variable types: 473 continuous, 126 integer (126 binary)
INFO | Coefficient statistics:
INFO |   Matrix range     [2e-02, 3e+06]
INFO |   Objective range  [1e+00, 3e+03]
INFO |   Bounds range     [1e+00, 1e+00]
INFO |   RHS range        [6e-01, 5e+06]
INFO | 
INFO | MIP start from previous solve did not produce a new incumbent solution
INFO | MIP start from previous solve violates constraint x746 by 0.150000000
INFO | 
INFO | Found heuristic solution: objective 4545042.2427
INFO | Presolve removed 102 rows and 544 columns
INFO | Presolve time: 0.00s
INFO | Presolved: 45 rows, 55 columns, 422 nonzeros
INFO | Variable types: 1 continuous, 54 integer (54 binary)
INFO | 
INFO | Root relaxation: objective 2.794017e+04, 23 iterations, 0.00 seconds (0.00 work units)
INFO | 
INFO |     Nodes    |    Current Node    |     Objective Bounds      |     Work
INFO |  Expl Unexpl |  Obj  Depth IntInf | Incumbent    BestBd   Gap | It/Node Time
INFO | 
INFO |      0     0 27940.1677    0   14 4545042.24 27940.1677  99.4%     -    0s
INFO | H    0     0                    30536.492000 27940.1677  8.50%     -    0s
INFO | H    0     0                    30529.842000 27940.1677  8.48%     -    0s
INFO | H    0     0                    29989.854500 27940.1677  6.83%     -    0s
INFO |      0     0 28602.6293    0   13 29989.8545 28602.6293  4.63%     -    0s
INFO |      0     0 28986.1522    0   12 29989.8545 28986.1522  3.35%     -    0s
INFO |      0     0 29047.7382    0   12 29989.8545 29047.7382  3.14%     -    0s
INFO |      0     0 29464.5090    0   13 29989.8545 29464.5090  1.75%     -    0s
INFO |      0     0 29646.9207    0   14 29989.8545 29646.9207  1.14%     -    0s
INFO |      0     0 29842.5144    0   14 29989.8545 29842.5144  0.49%     -    0s
INFO | 
INFO | Cutting planes:
INFO |   Gomory: 2
INFO |   Lift-and-project: 2
INFO |   Cover: 4
INFO |   MIR: 5
INFO |   GUB cover: 1
INFO | 
INFO | Explored 1 nodes (56 simplex iterations) in 0.01 seconds (0.01 work units)
INFO | Thread count was 10 (of 10 available processors)
INFO | 
INFO | Solution count 4: 29989.9 30529.8 30536.5 4.54504e+06 
INFO | 
INFO | Optimal solution found (tolerance 1.00e-04)
INFO | Best objective 2.998985450000e+04, best bound 2.998985450000e+04, gap 0.0000%
INFO | Set parameter InfUnbdInfo to value 1
INFO | Set parameter DualReductions to value 0
INFO | Set parameter QCPDual to value 1
INFO | Gurobi Optimizer version 13.0.0 build v13.0.0rc1 (mac64[rosetta2] - Darwin 25.5.0 25F84)
INFO | 
INFO | CPU model: Apple M1 Max
INFO | Thread count: 10 physical cores, 10 logical processors, using up to 10 threads
INFO | 
INFO | Non-default parameters:
INFO | DualReductions  0
INFO | InfUnbdInfo  1
INFO | LogToConsole  0
INFO | QCPDual  1
INFO | 
INFO | Optimize a model with 1448 rows, 598 columns and 3523 nonzeros (Min)
INFO | Model fingerprint: 0xbea3db43
INFO | Model has 152 linear objective coefficients and an objective constant of 1.2097392000000003e+04
INFO | Coefficient statistics:
INFO |   Matrix range     [2e-02, 2e+03]
INFO |   Objective range  [1e+00, 4e+05]
INFO |   Bounds range     [1e+00, 1e+00]
INFO |   RHS range        [3e-02, 1e+01]
INFO | Presolve time: 0.00s
INFO | Presolved: 142 rows, 166 columns, 620 nonzeros
INFO | 
INFO | Iteration    Objective       Primal Inf.    Dual Inf.      Time
INFO |        0    1.7196332e+06   5.297748e+01   0.000000e+00      0s
INFO |       87    1.7605207e+06   0.000000e+00   0.000000e+00      0s
INFO | 
INFO | Solved in 87 iterations and 0.00 seconds (0.00 work units)
INFO | Optimal objective  1.760520691e+06
  --- Benders iteration 15  cuts_added=1  cuts_total=15  ---
INFO | Gurobi Optimizer version 13.0.0 build v13.0.0rc1 (mac64[rosetta2] - Darwin 25.5.0 25F84)
INFO | 
INFO | CPU model: Apple M1 Max
INFO | Thread count: 10 physical cores, 10 logical processors, using up to 10 threads
INFO | 
INFO | Non-default parameters:
INFO | LogToConsole  0
INFO | 
INFO | Optimize a model with 148 rows, 599 columns and 1055 nonzeros (Min)
INFO | Model fingerprint: 0x8e1241ee
INFO | Model has 21 linear objective coefficients and an objective constant of 1.2097392000000003e+04
INFO | Variable types: 473 continuous, 126 integer (126 binary)
INFO | Coefficient statistics:
INFO |   Matrix range     [2e-02, 3e+06]
INFO |   Objective range  [1e+00, 3e+03]
INFO |   Bounds range     [1e+00, 1e+00]
INFO |   RHS range        [6e-01, 5e+06]
INFO | 
INFO | MIP start from previous solve produced solution with objective 1.77841e+06 (0.00s)
INFO | MIP start from previous solve produced solution with objective 1.77841e+06 (0.00s)
INFO | Loaded MIP start from previous solve with objective 1.77841e+06
INFO | 
INFO | Presolve removed 102 rows and 544 columns
INFO | Presolve time: 0.00s
INFO | Presolved: 46 rows, 55 columns, 471 nonzeros
INFO | Variable types: 1 continuous, 54 integer (54 binary)
INFO | 
INFO | Root relaxation: objective 2.830334e+04, 37 iterations, 0.00 seconds (0.00 work units)
INFO | 
INFO |     Nodes    |    Current Node    |     Objective Bounds      |     Work
INFO |  Expl Unexpl |  Obj  Depth IntInf | Incumbent    BestBd   Gap | It/Node Time
INFO | 
INFO |      0     0 28303.3373    0    8 1778413.15 28303.3373  98.4%     -    0s
INFO | H    0     0                    35815.129500 28303.3373  21.0%     -    0s
INFO | H    0     0                    35365.129500 28303.3373  20.0%     -    0s
INFO | H    0     0                    29996.504500 28303.3373  5.64%     -    0s
INFO |      0     0 29704.5115    0    6 29996.5045 29704.5115  0.97%     -    0s
INFO | 
INFO | Cutting planes:
INFO |   Cover: 1
INFO |   Clique: 2
INFO |   MIR: 1
INFO |   GUB cover: 1
INFO | 
INFO | Explored 1 nodes (46 simplex iterations) in 0.01 seconds (0.00 work units)
INFO | Thread count was 10 (of 10 available processors)
INFO | 
INFO | Solution count 4: 29996.5 35365.1 35815.1 1.77841e+06 
INFO | 
INFO | Optimal solution found (tolerance 1.00e-04)
INFO | Best objective 2.999650450000e+04, best bound 2.999650450000e+04, gap 0.0000%
INFO | Set parameter InfUnbdInfo to value 1
INFO | Set parameter DualReductions to value 0
INFO | Set parameter QCPDual to value 1
INFO | Gurobi Optimizer version 13.0.0 build v13.0.0rc1 (mac64[rosetta2] - Darwin 25.5.0 25F84)
INFO | 
INFO | CPU model: Apple M1 Max
INFO | Thread count: 10 physical cores, 10 logical processors, using up to 10 threads
INFO | 
INFO | Non-default parameters:
INFO | DualReductions  0
INFO | InfUnbdInfo  1
INFO | LogToConsole  0
INFO | QCPDual  1
INFO | 
INFO | Optimize a model with 1448 rows, 598 columns and 3523 nonzeros (Min)
INFO | Model fingerprint: 0x2c7d3627
INFO | Model has 152 linear objective coefficients and an objective constant of 1.2097392000000003e+04
INFO | Coefficient statistics:
INFO |   Matrix range     [2e-02, 2e+03]
INFO |   Objective range  [1e+00, 4e+05]
INFO |   Bounds range     [1e+00, 1e+00]
INFO |   RHS range        [3e-02, 1e+01]
INFO | Presolve time: 0.00s
INFO | Presolved: 148 rows, 171 columns, 665 nonzeros
INFO | 
INFO | Iteration    Objective       Primal Inf.    Dual Inf.      Time
INFO |        0    3.2119530e+05   6.209991e+01   0.000000e+00      0s
INFO |       85    3.6366693e+05   0.000000e+00   0.000000e+00      0s
INFO | 
INFO | Solved in 85 iterations and 0.00 seconds (0.00 work units)
INFO | Optimal objective  3.636669270e+05
  --- Benders iteration 16  cuts_added=1  cuts_total=16  ---
INFO | Gurobi Optimizer version 13.0.0 build v13.0.0rc1 (mac64[rosetta2] - Darwin 25.5.0 25F84)
INFO | 
INFO | CPU model: Apple M1 Max
INFO | Thread count: 10 physical cores, 10 logical processors, using up to 10 threads
INFO | 
INFO | Non-default parameters:
INFO | LogToConsole  0
INFO | 
INFO | Optimize a model with 149 rows, 599 columns and 1149 nonzeros (Min)
INFO | Model fingerprint: 0x1af5347b
INFO | Model has 21 linear objective coefficients and an objective constant of 1.2097392000000003e+04
INFO | Variable types: 473 continuous, 126 integer (126 binary)
INFO | Coefficient statistics:
INFO |   Matrix range     [2e-02, 3e+06]
INFO |   Objective range  [1e+00, 3e+03]
INFO |   Bounds range     [1e+00, 1e+00]
INFO |   RHS range        [6e-01, 5e+06]
INFO | 
INFO | MIP start from previous solve produced solution with objective 381566 (0.00s)
INFO | MIP start from previous solve produced solution with objective 381566 (0.00s)
INFO | Loaded MIP start from previous solve with objective 381566
INFO | 
INFO | Presolve removed 102 rows and 544 columns
INFO | Presolve time: 0.00s
INFO | Presolved: 47 rows, 55 columns, 508 nonzeros
INFO | Variable types: 1 continuous, 54 integer (54 binary)
INFO | 
INFO | Root relaxation: objective 2.832784e+04, 37 iterations, 0.00 seconds (0.00 work units)
INFO | 
INFO |     Nodes    |    Current Node    |     Objective Bounds      |     Work
INFO |  Expl Unexpl |  Obj  Depth IntInf | Incumbent    BestBd   Gap | It/Node Time
INFO | 
INFO |      0     0 28327.8412    0    8 381566.040 28327.8412  92.6%     -    0s
INFO | H    0     0                    35815.129500 28327.8412  20.9%     -    0s
INFO | H    0     0                    35365.129500 28327.8412  19.9%     -    0s
INFO | H    0     0                    29996.504500 28327.8412  5.56%     -    0s
INFO |      0     0 29776.6643    0    6 29996.5045 29776.6643  0.73%     -    0s
INFO | 
INFO | Cutting planes:
INFO |   Cover: 2
INFO |   Clique: 2
INFO |   MIR: 3
INFO |   GUB cover: 1
INFO |   RLT: 1
INFO | 
INFO | Explored 1 nodes (47 simplex iterations) in 0.01 seconds (0.00 work units)
INFO | Thread count was 10 (of 10 available processors)
INFO | 
INFO | Solution count 4: 29996.5 35365.1 35815.1 381566 
INFO | 
INFO | Optimal solution found (tolerance 1.00e-04)
INFO | Best objective 2.999650450000e+04, best bound 2.999650450000e+04, gap 0.0000%
INFO | Set parameter InfUnbdInfo to value 1
INFO | Set parameter DualReductions to value 0
INFO | Set parameter QCPDual to value 1
INFO | Gurobi Optimizer version 13.0.0 build v13.0.0rc1 (mac64[rosetta2] - Darwin 25.5.0 25F84)
INFO | 
INFO | CPU model: Apple M1 Max
INFO | Thread count: 10 physical cores, 10 logical processors, using up to 10 threads
INFO | 
INFO | Non-default parameters:
INFO | DualReductions  0
INFO | InfUnbdInfo  1
INFO | LogToConsole  0
INFO | QCPDual  1
INFO | 
INFO | Optimize a model with 1448 rows, 598 columns and 3523 nonzeros (Min)
INFO | Model fingerprint: 0x918d94bc
INFO | Model has 152 linear objective coefficients and an objective constant of 1.2097392000000003e+04
INFO | Coefficient statistics:
INFO |   Matrix range     [2e-02, 2e+03]
INFO |   Objective range  [1e+00, 4e+05]
INFO |   Bounds range     [1e+00, 1e+00]
INFO |   RHS range        [3e-02, 1e+01]
INFO | Presolve time: 0.00s
INFO | Presolved: 140 rows, 161 columns, 605 nonzeros
INFO | 
INFO | Iteration    Objective       Primal Inf.    Dual Inf.      Time
INFO |        0    3.2135825e+04   5.462936e+01   0.000000e+00      0s
INFO |       91    7.9293244e+04   0.000000e+00   0.000000e+00      0s
INFO | 
INFO | Solved in 91 iterations and 0.00 seconds (0.00 work units)
INFO | Optimal objective  7.929324399e+04
  --- Benders iteration 17  cuts_added=1  cuts_total=17  ---
INFO | Gurobi Optimizer version 13.0.0 build v13.0.0rc1 (mac64[rosetta2] - Darwin 25.5.0 25F84)
INFO | 
INFO | CPU model: Apple M1 Max
INFO | Thread count: 10 physical cores, 10 logical processors, using up to 10 threads
INFO | 
INFO | Non-default parameters:
INFO | LogToConsole  0
INFO | 
INFO | Optimize a model with 150 rows, 599 columns and 1244 nonzeros (Min)
INFO | Model fingerprint: 0xe3c64bac
INFO | Model has 21 linear objective coefficients and an objective constant of 1.2097392000000003e+04
INFO | Variable types: 473 continuous, 126 integer (126 binary)
INFO | Coefficient statistics:
INFO |   Matrix range     [2e-02, 3e+06]
INFO |   Objective range  [1e+00, 3e+03]
INFO |   Bounds range     [1e+00, 1e+00]
INFO |   RHS range        [6e-01, 5e+06]
INFO | 
INFO | MIP start from previous solve produced solution with objective 97192.4 (0.00s)
INFO | Loaded MIP start from previous solve with objective 97192.4
INFO | 
INFO | Presolve removed 102 rows and 544 columns
INFO | Presolve time: 0.00s
INFO | Presolved: 48 rows, 55 columns, 548 nonzeros
INFO | Variable types: 1 continuous, 54 integer (54 binary)
INFO | 
INFO | Root relaxation: objective 2.855141e+04, 48 iterations, 0.00 seconds (0.00 work units)
INFO | 
INFO |     Nodes    |    Current Node    |     Objective Bounds      |     Work
INFO |  Expl Unexpl |  Obj  Depth IntInf | Incumbent    BestBd   Gap | It/Node Time
INFO | 
INFO |      0     0 28551.4122    0   17 97192.3565 28551.4122  70.6%     -    0s
INFO | H    0     0                    31006.600500 28551.4122  7.92%     -    0s
INFO |      0     0 28956.1472    0   21 31006.6005 28956.1472  6.61%     -    0s
INFO |      0     0 29769.2113    0   16 31006.6005 29769.2113  3.99%     -    0s
INFO | H    0     0                    31003.275500 29769.2113  3.98%     -    0s
INFO | 
INFO | Cutting planes:
INFO |   Gomory: 1
INFO |   Cover: 4
INFO |   MIR: 2
INFO |   GUB cover: 4
INFO | 
INFO | Explored 1 nodes (81 simplex iterations) in 0.01 seconds (0.01 work units)
INFO | Thread count was 10 (of 10 available processors)
INFO | 
INFO | Solution count 3: 31003.3 31006.6 97192.4 
INFO | 
INFO | Optimal solution found (tolerance 1.00e-04)
INFO | Best objective 3.100327550000e+04, best bound 3.100327550000e+04, gap 0.0000%
INFO | Set parameter InfUnbdInfo to value 1
INFO | Set parameter DualReductions to value 0
INFO | Set parameter QCPDual to value 1
INFO | Gurobi Optimizer version 13.0.0 build v13.0.0rc1 (mac64[rosetta2] - Darwin 25.5.0 25F84)
INFO | 
INFO | CPU model: Apple M1 Max
INFO | Thread count: 10 physical cores, 10 logical processors, using up to 10 threads
INFO | 
INFO | Non-default parameters:
INFO | DualReductions  0
INFO | InfUnbdInfo  1
INFO | LogToConsole  0
INFO | QCPDual  1
INFO | 
INFO | Optimize a model with 1448 rows, 598 columns and 3523 nonzeros (Min)
INFO | Model fingerprint: 0x663d4697
INFO | Model has 152 linear objective coefficients and an objective constant of 1.2097392000000003e+04
INFO | Coefficient statistics:
INFO |   Matrix range     [2e-02, 2e+03]
INFO |   Objective range  [1e+00, 4e+05]
INFO |   Bounds range     [1e+00, 1e+00]
INFO |   RHS range        [3e-02, 1e+01]
INFO | Presolve time: 0.00s
INFO |        0      handle free variables                          0s
INFO | 
INFO | Solved in 406 iterations and 0.00 seconds (0.01 work units)
INFO | Infeasible model
  --- Benders iteration 18  cuts_added=1  cuts_total=18  ---
INFO | Gurobi Optimizer version 13.0.0 build v13.0.0rc1 (mac64[rosetta2] - Darwin 25.5.0 25F84)
INFO | 
INFO | CPU model: Apple M1 Max
INFO | Thread count: 10 physical cores, 10 logical processors, using up to 10 threads
INFO | 
INFO | Non-default parameters:
INFO | LogToConsole  0
INFO | 
INFO | Optimize a model with 151 rows, 599 columns and 1247 nonzeros (Min)
INFO | Model fingerprint: 0x8f7a6ecc
INFO | Model has 21 linear objective coefficients and an objective constant of 1.2097392000000003e+04
INFO | Variable types: 473 continuous, 126 integer (126 binary)
INFO | Coefficient statistics:
INFO |   Matrix range     [2e-02, 3e+06]
INFO |   Objective range  [1e+00, 3e+03]
INFO |   Bounds range     [1e+00, 1e+00]
INFO |   RHS range        [6e-01, 5e+06]
INFO | 
INFO | MIP start from previous solve did not produce a new incumbent solution
INFO | MIP start from previous solve violates constraint x750 by 0.150000000
INFO | 
INFO | Found heuristic solution: objective 4545042.2427
INFO | Presolve removed 103 rows and 544 columns
INFO | Presolve time: 0.00s
INFO | Presolved: 48 rows, 55 columns, 553 nonzeros
INFO | Variable types: 1 continuous, 54 integer (54 binary)
INFO | 
INFO | Root relaxation: objective 2.855141e+04, 45 iterations, 0.00 seconds (0.00 work units)
INFO | 
INFO |     Nodes    |    Current Node    |     Objective Bounds      |     Work
INFO |  Expl Unexpl |  Obj  Depth IntInf | Incumbent    BestBd   Gap | It/Node Time
INFO | 
INFO |      0     0 28551.4122    0   17 4545042.24 28551.4122  99.4%     -    0s
INFO | H    0     0                    272215.05860 28551.4122  89.5%     -    0s
INFO | H    0     0                    33685.925500 28551.4122  15.2%     -    0s
INFO | H    0     0                    32675.829500 28551.4122  12.6%     -    0s
INFO | H    0     0                    31212.517000 28854.8497  7.55%     -    0s
INFO |      0     0 28951.1787    0   25 31212.5170 28951.1787  7.24%     -    0s
INFO | H    0     0                    31055.867000 28951.1787  6.78%     -    0s
INFO | H    0     0                    31038.215000 29769.2113  4.09%     -    0s
INFO |      0     0 29769.2113    0   14 31038.2150 29769.2113  4.09%     -    0s
INFO |      0     0 29769.2113    0   14 31038.2150 29769.2113  4.09%     -    0s
INFO | H    0     0                    31006.600500 29769.2113  3.99%     -    0s
INFO | H    0     0                    31003.275500 29769.2113  3.98%     -    0s
INFO |      0     0 31003.2755    0   16 31003.2755 31003.2755  0.00%     -    0s
INFO | 
INFO | Cutting planes:
INFO |   Gomory: 2
INFO |   Cover: 5
INFO |   GUB cover: 2
INFO | 
INFO | Explored 1 nodes (110 simplex iterations) in 0.02 seconds (0.01 work units)
INFO | Thread count was 10 (of 10 available processors)
INFO | 
INFO | Solution count 9: 31003.3 31006.6 31038.2 ... 4.54504e+06
INFO | 
INFO | Optimal solution found (tolerance 1.00e-04)
INFO | Best objective 3.100327550000e+04, best bound 3.100327550000e+04, gap 0.0000%
INFO | Set parameter InfUnbdInfo to value 1
INFO | Set parameter DualReductions to value 0
INFO | Set parameter QCPDual to value 1
INFO | Gurobi Optimizer version 13.0.0 build v13.0.0rc1 (mac64[rosetta2] - Darwin 25.5.0 25F84)
INFO | 
INFO | CPU model: Apple M1 Max
INFO | Thread count: 10 physical cores, 10 logical processors, using up to 10 threads
INFO | 
INFO | Non-default parameters:
INFO | DualReductions  0
INFO | InfUnbdInfo  1
INFO | LogToConsole  0
INFO | QCPDual  1
INFO | 
INFO | Optimize a model with 1448 rows, 598 columns and 3523 nonzeros (Min)
INFO | Model fingerprint: 0x36dcd0e9
INFO | Model has 152 linear objective coefficients and an objective constant of 1.2097392000000003e+04
INFO | Coefficient statistics:
INFO |   Matrix range     [2e-02, 2e+03]
INFO |   Objective range  [1e+00, 4e+05]
INFO |   Bounds range     [1e+00, 1e+00]
INFO |   RHS range        [3e-02, 1e+01]
INFO | Presolve time: 0.00s
INFO |        0      handle free variables                          0s
INFO | 
INFO | Solved in 520 iterations and 0.01 seconds (0.01 work units)
INFO | Infeasible model
  --- Benders iteration 19  cuts_added=1  cuts_total=19  ---
INFO | Gurobi Optimizer version 13.0.0 build v13.0.0rc1 (mac64[rosetta2] - Darwin 25.5.0 25F84)
INFO | 
INFO | CPU model: Apple M1 Max
INFO | Thread count: 10 physical cores, 10 logical processors, using up to 10 threads
INFO | 
INFO | Non-default parameters:
INFO | LogToConsole  0
INFO | 
INFO | Optimize a model with 152 rows, 599 columns and 1252 nonzeros (Min)
INFO | Model fingerprint: 0xe0865710
INFO | Model has 21 linear objective coefficients and an objective constant of 1.2097392000000003e+04
INFO | Variable types: 473 continuous, 126 integer (126 binary)
INFO | Coefficient statistics:
INFO |   Matrix range     [2e-02, 3e+06]
INFO |   Objective range  [1e+00, 3e+03]
INFO |   Bounds range     [1e+00, 1e+00]
INFO |   RHS range        [6e-01, 5e+06]
INFO | 
INFO | MIP start from previous solve did not produce a new incumbent solution
INFO | MIP start from previous solve violates constraint x751 by 0.025000000
INFO | 
INFO | Found heuristic solution: objective 4545042.2427
INFO | Presolve removed 103 rows and 544 columns
INFO | Presolve time: 0.00s
INFO | Presolved: 49 rows, 55 columns, 555 nonzeros
INFO | Variable types: 1 continuous, 54 integer (54 binary)
INFO | 
INFO | Root relaxation: objective 2.855141e+04, 46 iterations, 0.00 seconds (0.00 work units)
INFO | 
INFO |     Nodes    |    Current Node    |     Objective Bounds      |     Work
INFO |  Expl Unexpl |  Obj  Depth IntInf | Incumbent    BestBd   Gap | It/Node Time
INFO | 
INFO |      0     0 28551.4122    0   17 4545042.24 28551.4122  99.4%     -    0s
INFO | H    0     0                    272215.05860 28551.4122  89.5%     -    0s
INFO | H    0     0                    33685.925500 28551.4122  15.2%     -    0s
INFO | H    0     0                    32675.829500 28551.4122  12.6%     -    0s
INFO | H    0     0                    31212.517000 28854.8497  7.55%     -    0s
INFO |      0     0 28951.1787    0   25 31212.5170 28951.1787  7.24%     -    0s
INFO | H    0     0                    31188.215000 29769.2113  4.55%     -    0s
INFO |      0     0 29769.2113    0   14 31188.2150 29769.2113  4.55%     -    0s
INFO | H    0     0                    31062.517000 29769.2113  4.16%     -    0s
INFO |      0     0 30316.8149    0   14 31062.5170 30316.8149  2.40%     -    0s
INFO | H    0     0                    31055.867000 30316.8149  2.38%     -    0s
INFO | H    0     0                    31006.600500 30316.8149  2.22%     -    0s
INFO | H    0     0                    31003.275500 30316.8149  2.21%     -    0s
INFO | 
INFO | Cutting planes:
INFO |   Gomory: 2
INFO |   Cover: 4
INFO |   GUB cover: 2
INFO | 
INFO | Explored 1 nodes (101 simplex iterations) in 0.01 seconds (0.01 work units)
INFO | Thread count was 10 (of 10 available processors)
INFO | 
INFO | Solution count 10: 31003.3 31006.6 31055.9 ... 4.54504e+06
INFO | 
INFO | Optimal solution found (tolerance 1.00e-04)
INFO | Best objective 3.100327550000e+04, best bound 3.100327550000e+04, gap 0.0000%
INFO | Set parameter InfUnbdInfo to value 1
INFO | Set parameter DualReductions to value 0
INFO | Set parameter QCPDual to value 1
INFO | Gurobi Optimizer version 13.0.0 build v13.0.0rc1 (mac64[rosetta2] - Darwin 25.5.0 25F84)
INFO | 
INFO | CPU model: Apple M1 Max
INFO | Thread count: 10 physical cores, 10 logical processors, using up to 10 threads
INFO | 
INFO | Non-default parameters:
INFO | DualReductions  0
INFO | InfUnbdInfo  1
INFO | LogToConsole  0
INFO | QCPDual  1
INFO | 
INFO | Optimize a model with 1448 rows, 598 columns and 3523 nonzeros (Min)
INFO | Model fingerprint: 0x1108a189
INFO | Model has 152 linear objective coefficients and an objective constant of 1.2097392000000003e+04
INFO | Coefficient statistics:
INFO |   Matrix range     [2e-02, 2e+03]
INFO |   Objective range  [1e+00, 4e+05]
INFO |   Bounds range     [1e+00, 1e+00]
INFO |   RHS range        [3e-02, 1e+01]
INFO | Presolve time: 0.00s
INFO | Presolved: 156 rows, 182 columns, 718 nonzeros
INFO | 
INFO | Iteration    Objective       Primal Inf.    Dual Inf.      Time
INFO |        0    1.3426214e+06   5.555293e+01   0.000000e+00      0s
INFO |       94    1.3891595e+06   0.000000e+00   0.000000e+00      0s
INFO | 
INFO | Solved in 94 iterations and 0.00 seconds (0.00 work units)
INFO | Optimal objective  1.389159450e+06
  --- Benders iteration 20  cuts_added=1  cuts_total=20  ---
INFO | Gurobi Optimizer version 13.0.0 build v13.0.0rc1 (mac64[rosetta2] - Darwin 25.5.0 25F84)
INFO | 
INFO | CPU model: Apple M1 Max
INFO | Thread count: 10 physical cores, 10 logical processors, using up to 10 threads
INFO | 
INFO | Non-default parameters:
INFO | LogToConsole  0
INFO | 
INFO | Optimize a model with 153 rows, 599 columns and 1341 nonzeros (Min)
INFO | Model fingerprint: 0xd3d0e2a6
INFO | Model has 21 linear objective coefficients and an objective constant of 1.2097392000000003e+04
INFO | Variable types: 473 continuous, 126 integer (126 binary)
INFO | Coefficient statistics:
INFO |   Matrix range     [2e-02, 3e+06]
INFO |   Objective range  [1e+00, 3e+03]
INFO |   Bounds range     [1e+00, 1e+00]
INFO |   RHS range        [6e-01, 5e+06]
INFO | 
INFO | MIP start from previous solve produced solution with objective 1.40807e+06 (0.00s)
INFO | Loaded MIP start from previous solve with objective 1.40807e+06
INFO | 
INFO | Presolve removed 103 rows and 544 columns
INFO | Presolve time: 0.00s
INFO | Presolved: 50 rows, 55 columns, 598 nonzeros
INFO | Variable types: 1 continuous, 54 integer (54 binary)
INFO | 
INFO | Root relaxation: objective 2.858828e+04, 42 iterations, 0.00 seconds (0.00 work units)
INFO | 
INFO |     Nodes    |    Current Node    |     Objective Bounds      |     Work
INFO |  Expl Unexpl |  Obj  Depth IntInf | Incumbent    BestBd   Gap | It/Node Time
INFO | 
INFO |      0     0 28588.2763    0   16 1408065.33 28588.2763  98.0%     -    0s
INFO | H    0     0                    33180.877500 28588.2763  13.8%     -    0s
INFO | H    0     0                    32675.829500 28588.2763  12.5%     -    0s
INFO | H    0     0                    31041.540000 28588.2763  7.90%     -    0s
INFO | H    0     0                    31006.600500 30049.2626  3.09%     -    0s
INFO |      0     0 30163.0177    0   23 31006.6005 30163.0177  2.72%     -    0s
INFO |      0     0 31006.6005    0   13 31006.6005 31006.6005  0.00%     -    0s
INFO | 
INFO | Cutting planes:
INFO |   Gomory: 1
INFO |   GUB cover: 4
INFO | 
INFO | Explored 1 nodes (91 simplex iterations) in 0.01 seconds (0.01 work units)
INFO | Thread count was 10 (of 10 available processors)
INFO | 
INFO | Solution count 5: 31006.6 31041.5 32675.8 ... 1.40807e+06
INFO | 
INFO | Optimal solution found (tolerance 1.00e-04)
INFO | Best objective 3.100660050000e+04, best bound 3.100660050000e+04, gap 0.0000%
INFO | Set parameter InfUnbdInfo to value 1
INFO | Set parameter DualReductions to value 0
INFO | Set parameter QCPDual to value 1
INFO | Gurobi Optimizer version 13.0.0 build v13.0.0rc1 (mac64[rosetta2] - Darwin 25.5.0 25F84)
INFO | 
INFO | CPU model: Apple M1 Max
INFO | Thread count: 10 physical cores, 10 logical processors, using up to 10 threads
INFO | 
INFO | Non-default parameters:
INFO | DualReductions  0
INFO | InfUnbdInfo  1
INFO | LogToConsole  0
INFO | QCPDual  1
INFO | 
INFO | Optimize a model with 1448 rows, 598 columns and 3523 nonzeros (Min)
INFO | Model fingerprint: 0x79de49e0
INFO | Model has 152 linear objective coefficients and an objective constant of 1.2097392000000003e+04
INFO | Coefficient statistics:
INFO |   Matrix range     [2e-02, 2e+03]
INFO |   Objective range  [1e+00, 4e+05]
INFO |   Bounds range     [1e+00, 1e+00]
INFO |   RHS range        [3e-02, 1e+01]
INFO | Presolve time: 0.00s
INFO | Presolved: 163 rows, 192 columns, 768 nonzeros
INFO | 
INFO | Iteration    Objective       Primal Inf.    Dual Inf.      Time
INFO |        0    1.9694207e+04   5.576022e+01   0.000000e+00      0s
INFO |      134    7.3182891e+04   0.000000e+00   0.000000e+00      0s
INFO | 
INFO | Solved in 134 iterations and 0.00 seconds (0.00 work units)
INFO | Optimal objective  7.318289109e+04
  --- Benders iteration 21  cuts_added=1  cuts_total=21  ---
INFO | Gurobi Optimizer version 13.0.0 build v13.0.0rc1 (mac64[rosetta2] - Darwin 25.5.0 25F84)
INFO | 
INFO | CPU model: Apple M1 Max
INFO | Thread count: 10 physical cores, 10 logical processors, using up to 10 threads
INFO | 
INFO | Non-default parameters:
INFO | LogToConsole  0
INFO | 
INFO | Optimize a model with 154 rows, 599 columns and 1436 nonzeros (Min)
INFO | Model fingerprint: 0xee535609
INFO | Model has 21 linear objective coefficients and an objective constant of 1.2097392000000003e+04
INFO | Variable types: 473 continuous, 126 integer (126 binary)
INFO | Coefficient statistics:
INFO |   Matrix range     [2e-02, 3e+06]
INFO |   Objective range  [1e+00, 3e+03]
INFO |   Bounds range     [1e+00, 1e+00]
INFO |   RHS range        [6e-01, 5e+06]
INFO | 
INFO | MIP start from previous solve produced solution with objective 92092.1 (0.00s)
INFO | Loaded MIP start from previous solve with objective 92092.1
INFO | 
INFO | Presolve removed 103 rows and 544 columns
INFO | Presolve time: 0.00s
INFO | Presolved: 51 rows, 55 columns, 642 nonzeros
INFO | Variable types: 1 continuous, 54 integer (54 binary)
INFO | 
INFO | Root relaxation: objective 2.884351e+04, 42 iterations, 0.00 seconds (0.00 work units)
INFO | 
INFO |     Nodes    |    Current Node    |     Objective Bounds      |     Work
INFO |  Expl Unexpl |  Obj  Depth IntInf | Incumbent    BestBd   Gap | It/Node Time
INFO | 
INFO |      0     0 28843.5108    0   13 92092.0996 28843.5108  68.7%     -    0s
INFO | H    0     0                    31334.890000 28843.5108  7.95%     -    0s
INFO | H    0     0                    31055.867000 28843.5108  7.12%     -    0s
INFO |      0     0 30333.6895    0   18 31055.8670 30333.6895  2.33%     -    0s
INFO |      0     0 31055.8670    0   20 31055.8670 31055.8670  0.00%     -    0s
INFO | 
INFO | Cutting planes:
INFO |   Gomory: 2
INFO |   GUB cover: 3
INFO | 
INFO | Explored 1 nodes (68 simplex iterations) in 0.01 seconds (0.01 work units)
INFO | Thread count was 10 (of 10 available processors)
INFO | 
INFO | Solution count 3: 31055.9 31334.9 92092.1 
INFO | 
INFO | Optimal solution found (tolerance 1.00e-04)
INFO | Best objective 3.105586700000e+04, best bound 3.105586700000e+04, gap 0.0000%
INFO | Set parameter InfUnbdInfo to value 1
INFO | Set parameter DualReductions to value 0
INFO | Set parameter QCPDual to value 1
INFO | Gurobi Optimizer version 13.0.0 build v13.0.0rc1 (mac64[rosetta2] - Darwin 25.5.0 25F84)
INFO | 
INFO | CPU model: Apple M1 Max
INFO | Thread count: 10 physical cores, 10 logical processors, using up to 10 threads
INFO | 
INFO | Non-default parameters:
INFO | DualReductions  0
INFO | InfUnbdInfo  1
INFO | LogToConsole  0
INFO | QCPDual  1
INFO | 
INFO | Optimize a model with 1448 rows, 598 columns and 3523 nonzeros (Min)
INFO | Model fingerprint: 0xaa0743b1
INFO | Model has 152 linear objective coefficients and an objective constant of 1.2097392000000003e+04
INFO | Coefficient statistics:
INFO |   Matrix range     [2e-02, 2e+03]
INFO |   Objective range  [1e+00, 4e+05]
INFO |   Bounds range     [1e+00, 1e+00]
INFO |   RHS range        [3e-02, 1e+01]
INFO | Presolve time: 0.00s
INFO | Presolved: 150 rows, 173 columns, 668 nonzeros
INFO | 
INFO | Iteration    Objective       Primal Inf.    Dual Inf.      Time
INFO |        0    2.4804384e+04   5.427350e+01   0.000000e+00      0s
INFO |      112    7.2023290e+04   0.000000e+00   0.000000e+00      0s
INFO | 
INFO | Solved in 112 iterations and 0.00 seconds (0.00 work units)
INFO | Optimal objective  7.202328957e+04
  --- Benders iteration 22  cuts_added=1  cuts_total=22  ---
INFO | Gurobi Optimizer version 13.0.0 build v13.0.0rc1 (mac64[rosetta2] - Darwin 25.5.0 25F84)
INFO | 
INFO | CPU model: Apple M1 Max
INFO | Thread count: 10 physical cores, 10 logical processors, using up to 10 threads
INFO | 
INFO | Non-default parameters:
INFO | LogToConsole  0
INFO | 
INFO | Optimize a model with 155 rows, 599 columns and 1527 nonzeros (Min)
INFO | Model fingerprint: 0x3d13ab69
INFO | Model has 21 linear objective coefficients and an objective constant of 1.2097392000000003e+04
INFO | Variable types: 473 continuous, 126 integer (126 binary)
INFO | Coefficient statistics:
INFO |   Matrix range     [2e-02, 3e+06]
INFO |   Objective range  [1e+00, 3e+03]
INFO |   Bounds range     [1e+00, 1e+00]
INFO |   RHS range        [6e-01, 5e+06]
INFO | 
INFO | MIP start from previous solve produced solution with objective 90981.8 (0.00s)
INFO | Loaded MIP start from previous solve with objective 90981.8
INFO | 
INFO | Presolve removed 102 rows and 543 columns
INFO | Presolve time: 0.00s
INFO | Presolved: 53 rows, 56 columns, 700 nonzeros
INFO | Variable types: 1 continuous, 55 integer (55 binary)
INFO | 
INFO | Root relaxation: objective 2.881325e+04, 41 iterations, 0.00 seconds (0.00 work units)
INFO | 
INFO |     Nodes    |    Current Node    |     Objective Bounds      |     Work
INFO |  Expl Unexpl |  Obj  Depth IntInf | Incumbent    BestBd   Gap | It/Node Time
INFO | 
INFO |      0     0 28813.2473    0   13 90981.7646 28813.2473  68.3%     -    0s
INFO | H    0     0                    39044.417000 28813.2473  26.2%     -    0s
INFO | H    0     0                    32051.636000 28813.2473  10.1%     -    0s
INFO | H    0     0                    31334.890000 28813.2473  8.05%     -    0s
INFO | H    0     0                    31062.517000 28813.2473  7.24%     -    0s
INFO |      0     0 30278.6363    0   22 31062.5170 30278.6363  2.52%     -    0s
INFO |      0     0 31062.5170    0   24 31062.5170 31062.5170  0.00%     -    0s
INFO | 
INFO | Cutting planes:
INFO |   Gomory: 1
INFO |   GUB cover: 3
INFO |   RLT: 1
INFO | 
INFO | Explored 1 nodes (82 simplex iterations) in 0.01 seconds (0.01 work units)
INFO | Thread count was 10 (of 10 available processors)
INFO | 
INFO | Solution count 5: 31062.5 31334.9 32051.6 ... 90981.8
INFO | 
INFO | Optimal solution found (tolerance 1.00e-04)
INFO | Best objective 3.106251700000e+04, best bound 3.106251700000e+04, gap 0.0000%
INFO | Set parameter InfUnbdInfo to value 1
INFO | Set parameter DualReductions to value 0
INFO | Set parameter QCPDual to value 1
INFO | Gurobi Optimizer version 13.0.0 build v13.0.0rc1 (mac64[rosetta2] - Darwin 25.5.0 25F84)
INFO | 
INFO | CPU model: Apple M1 Max
INFO | Thread count: 10 physical cores, 10 logical processors, using up to 10 threads
INFO | 
INFO | Non-default parameters:
INFO | DualReductions  0
INFO | InfUnbdInfo  1
INFO | LogToConsole  0
INFO | QCPDual  1
INFO | 
INFO | Optimize a model with 1448 rows, 598 columns and 3523 nonzeros (Min)
INFO | Model fingerprint: 0xd58fc79a
INFO | Model has 152 linear objective coefficients and an objective constant of 1.2097392000000003e+04
INFO | Coefficient statistics:
INFO |   Matrix range     [2e-02, 2e+03]
INFO |   Objective range  [1e+00, 4e+05]
INFO |   Bounds range     [1e+00, 1e+00]
INFO |   RHS range        [3e-02, 1e+01]
INFO | Presolve time: 0.00s
INFO | Presolved: 156 rows, 183 columns, 721 nonzeros
INFO | 
INFO | Iteration    Objective       Primal Inf.    Dual Inf.      Time
INFO |        0    6.5748563e+04   6.388510e+01   0.000000e+00      0s
INFO |       98    1.1341903e+05   0.000000e+00   0.000000e+00      0s
INFO | 
INFO | Solved in 98 iterations and 0.00 seconds (0.00 work units)
INFO | Optimal objective  1.134190312e+05
  --- Benders iteration 23  cuts_added=1  cuts_total=23  ---
INFO | Gurobi Optimizer version 13.0.0 build v13.0.0rc1 (mac64[rosetta2] - Darwin 25.5.0 25F84)
INFO | 
INFO | CPU model: Apple M1 Max
INFO | Thread count: 10 physical cores, 10 logical processors, using up to 10 threads
INFO | 
INFO | Non-default parameters:
INFO | LogToConsole  0
INFO | 
INFO | Optimize a model with 156 rows, 599 columns and 1620 nonzeros (Min)
INFO | Model fingerprint: 0x48e18214
INFO | Model has 21 linear objective coefficients and an objective constant of 1.2097392000000003e+04
INFO | Variable types: 473 continuous, 126 integer (126 binary)
INFO | Coefficient statistics:
INFO |   Matrix range     [2e-02, 3e+06]
INFO |   Objective range  [1e+00, 3e+03]
INFO |   Bounds range     [1e+00, 1e+00]
INFO |   RHS range        [6e-01, 5e+06]
INFO | 
INFO | MIP start from previous solve produced solution with objective 132384 (0.00s)
INFO | MIP start from previous solve produced solution with objective 132384 (0.00s)
INFO | Loaded MIP start from previous solve with objective 132384
INFO | 
INFO | Presolve removed 102 rows and 542 columns
INFO | Presolve time: 0.01s
INFO | Presolved: 54 rows, 57 columns, 703 nonzeros
INFO | Variable types: 1 continuous, 56 integer (56 binary)
INFO | 
INFO | Root relaxation: objective 2.880942e+04, 42 iterations, 0.00 seconds (0.00 work units)
INFO | 
INFO |     Nodes    |    Current Node    |     Objective Bounds      |     Work
INFO |  Expl Unexpl |  Obj  Depth IntInf | Incumbent    BestBd   Gap | It/Node Time
INFO | 
INFO |      0     0 28809.4224    0   12 132384.156 28809.4224  78.2%     -    0s
INFO | H    0     0                    33222.467000 28809.4224  13.3%     -    0s
INFO | H    0     0                    32051.636000 28809.4224  10.1%     -    0s
INFO | H    0     0                    31062.517000 28809.4224  7.25%     -    0s
INFO |      0     0 30008.5996    0   19 31062.5170 30008.5996  3.39%     -    0s
INFO |      0     0 31062.5170    0   24 31062.5170 31062.5170  0.00%     -    0s
INFO | 
INFO | Cutting planes:
INFO |   Gomory: 2
INFO |   Cover: 2
INFO |   MIR: 1
INFO | 
INFO | Explored 1 nodes (69 simplex iterations) in 0.01 seconds (0.01 work units)
INFO | Thread count was 10 (of 10 available processors)
INFO | 
INFO | Solution count 4: 31062.5 32051.6 33222.5 132384 
INFO | 
INFO | Optimal solution found (tolerance 1.00e-04)
INFO | Best objective 3.106251700000e+04, best bound 3.106251700000e+04, gap 0.0000%
INFO | Set parameter InfUnbdInfo to value 1
INFO | Set parameter DualReductions to value 0
INFO | Set parameter QCPDual to value 1
INFO | Gurobi Optimizer version 13.0.0 build v13.0.0rc1 (mac64[rosetta2] - Darwin 25.5.0 25F84)
INFO | 
INFO | CPU model: Apple M1 Max
INFO | Thread count: 10 physical cores, 10 logical processors, using up to 10 threads
INFO | 
INFO | Non-default parameters:
INFO | DualReductions  0
INFO | InfUnbdInfo  1
INFO | LogToConsole  0
INFO | QCPDual  1
INFO | 
INFO | Optimize a model with 1448 rows, 598 columns and 3523 nonzeros (Min)
INFO | Model fingerprint: 0x6bef28b1
INFO | Model has 152 linear objective coefficients and an objective constant of 1.2097392000000003e+04
INFO | Coefficient statistics:
INFO |   Matrix range     [2e-02, 2e+03]
INFO |   Objective range  [1e+00, 4e+05]
INFO |   Bounds range     [1e+00, 1e+00]
INFO |   RHS range        [3e-02, 1e+01]
INFO | Presolve time: 0.00s
INFO | Presolved: 156 rows, 179 columns, 694 nonzeros
INFO | 
INFO | Iteration    Objective       Primal Inf.    Dual Inf.      Time
INFO |        0    2.0095840e+04   5.453436e+01   0.000000e+00      0s
INFO |      122    6.9777713e+04   0.000000e+00   0.000000e+00      0s
INFO | 
INFO | Solved in 122 iterations and 0.00 seconds (0.00 work units)
INFO | Optimal objective  6.977771319e+04
  --- Benders iteration 24  cuts_added=1  cuts_total=24  ---
INFO | Gurobi Optimizer version 13.0.0 build v13.0.0rc1 (mac64[rosetta2] - Darwin 25.5.0 25F84)
INFO | 
INFO | CPU model: Apple M1 Max
INFO | Thread count: 10 physical cores, 10 logical processors, using up to 10 threads
INFO | 
INFO | Non-default parameters:
INFO | LogToConsole  0
INFO | 
INFO | Optimize a model with 157 rows, 599 columns and 1713 nonzeros (Min)
INFO | Model fingerprint: 0x5876e8d4
INFO | Model has 21 linear objective coefficients and an objective constant of 1.2097392000000003e+04
INFO | Variable types: 473 continuous, 126 integer (126 binary)
INFO | Coefficient statistics:
INFO |   Matrix range     [2e-02, 3e+06]
INFO |   Objective range  [1e+00, 3e+03]
INFO |   Bounds range     [1e+00, 1e+00]
INFO |   RHS range        [6e-01, 5e+06]
INFO | 
INFO | MIP start from previous solve produced solution with objective 88742.8 (0.00s)
INFO | Loaded MIP start from previous solve with objective 88742.8
INFO | 
INFO | Presolve removed 102 rows and 542 columns
INFO | Presolve time: 0.01s
INFO | Presolved: 55 rows, 57 columns, 745 nonzeros
INFO | Variable types: 1 continuous, 56 integer (56 binary)
INFO | 
INFO | Root relaxation: objective 2.880942e+04, 42 iterations, 0.00 seconds (0.00 work units)
INFO | 
INFO |     Nodes    |    Current Node    |     Objective Bounds      |     Work
INFO |  Expl Unexpl |  Obj  Depth IntInf | Incumbent    BestBd   Gap | It/Node Time
INFO | 
INFO |      0     0 28809.4224    0   12 88742.8382 28809.4224  67.5%     -    0s
INFO | H    0     0                    46150.598437 28809.4224  37.6%     -    0s
INFO | H    0     0                    32051.636000 28809.4224  10.1%     -    0s
INFO | H    0     0                    31212.517000 29352.1132  5.96%     -    0s
INFO |      0     0 29577.4905    0   19 31212.5170 29577.4905  5.24%     -    0s
INFO |      0     0 31212.5170    0   24 31212.5170 31212.5170  0.00%     -    0s
INFO | 
INFO | Cutting planes:
INFO |   Gomory: 2
INFO |   Cover: 2
INFO |   MIR: 1
INFO | 
INFO | Explored 1 nodes (68 simplex iterations) in 0.01 seconds (0.01 work units)
INFO | Thread count was 10 (of 10 available processors)
INFO | 
INFO | Solution count 4: 31212.5 32051.6 46150.6 88742.8 
INFO | 
INFO | Optimal solution found (tolerance 1.00e-04)
INFO | Best objective 3.121251700000e+04, best bound 3.121251700000e+04, gap 0.0000%
INFO | Set parameter InfUnbdInfo to value 1
INFO | Set parameter DualReductions to value 0
INFO | Set parameter QCPDual to value 1
INFO | Gurobi Optimizer version 13.0.0 build v13.0.0rc1 (mac64[rosetta2] - Darwin 25.5.0 25F84)
INFO | 
INFO | CPU model: Apple M1 Max
INFO | Thread count: 10 physical cores, 10 logical processors, using up to 10 threads
INFO | 
INFO | Non-default parameters:
INFO | DualReductions  0
INFO | InfUnbdInfo  1
INFO | LogToConsole  0
INFO | QCPDual  1
INFO | 
INFO | Optimize a model with 1448 rows, 598 columns and 3523 nonzeros (Min)
INFO | Model fingerprint: 0x425d47a7
INFO | Model has 152 linear objective coefficients and an objective constant of 1.2097392000000003e+04
INFO | Coefficient statistics:
INFO |   Matrix range     [2e-02, 2e+03]
INFO |   Objective range  [1e+00, 4e+05]
INFO |   Bounds range     [1e+00, 1e+00]
INFO |   RHS range        [3e-02, 1e+01]
INFO | Presolve time: 0.00s
INFO |        0      handle free variables                          0s
INFO | 
INFO | Solved in 323 iterations and 0.00 seconds (0.00 work units)
INFO | Infeasible model
  --- Benders iteration 25  cuts_added=1  cuts_total=25  ---
INFO | Gurobi Optimizer version 13.0.0 build v13.0.0rc1 (mac64[rosetta2] - Darwin 25.5.0 25F84)
INFO | 
INFO | CPU model: Apple M1 Max
INFO | Thread count: 10 physical cores, 10 logical processors, using up to 10 threads
INFO | 
INFO | Non-default parameters:
INFO | LogToConsole  0
INFO | 
INFO | Optimize a model with 158 rows, 599 columns and 1717 nonzeros (Min)
INFO | Model fingerprint: 0x7ed32f12
INFO | Model has 21 linear objective coefficients and an objective constant of 1.2097392000000003e+04
INFO | Variable types: 473 continuous, 126 integer (126 binary)
INFO | Coefficient statistics:
INFO |   Matrix range     [2e-02, 3e+06]
INFO |   Objective range  [1e+00, 3e+03]
INFO |   Bounds range     [1e+00, 1e+00]
INFO |   RHS range        [6e-01, 5e+06]
INFO | 
INFO | MIP start from previous solve did not produce a new incumbent solution
INFO | MIP start from previous solve violates constraint x757 by 0.150000000
INFO | 
INFO | Found heuristic solution: objective 4545042.2427
INFO | Presolve removed 103 rows and 542 columns
INFO | Presolve time: 0.01s
INFO | Presolved: 55 rows, 57 columns, 752 nonzeros
INFO | Variable types: 1 continuous, 56 integer (56 binary)
INFO | 
INFO | Root relaxation: objective 2.889794e+04, 43 iterations, 0.00 seconds (0.00 work units)
INFO | 
INFO |     Nodes    |    Current Node    |     Objective Bounds      |     Work
INFO |  Expl Unexpl |  Obj  Depth IntInf | Incumbent    BestBd   Gap | It/Node Time
INFO | 
INFO |      0     0 28897.9361    0   14 4545042.24 28897.9361  99.4%     -    0s
INFO | H    0     0                    36860.165000 28897.9361  21.6%     -    0s
INFO | H    0     0                    32051.636000 28897.9361  9.84%     -    0s
INFO | H    0     0                    31334.890000 28897.9361  7.78%     -    0s
INFO | H    0     0                    31212.517000 28897.9361  7.42%     -    0s
INFO |      0     0 30274.0669    0   23 31212.5170 30274.0669  3.01%     -    0s
INFO |      0     0 31212.5170    0   20 31212.5170 31212.5170  0.00%     -    0s
INFO | 
INFO | Cutting planes:
INFO |   Gomory: 1
INFO |   Cover: 2
INFO |   GUB cover: 3
INFO |   RLT: 1
INFO | 
INFO | Explored 1 nodes (80 simplex iterations) in 0.01 seconds (0.01 work units)
INFO | Thread count was 10 (of 10 available processors)
INFO | 
INFO | Solution count 5: 31212.5 31334.9 32051.6 ... 4.54504e+06
INFO | 
INFO | Optimal solution found (tolerance 1.00e-04)
INFO | Best objective 3.121251700000e+04, best bound 3.121251700000e+04, gap 0.0000%
INFO | Set parameter InfUnbdInfo to value 1
INFO | Set parameter DualReductions to value 0
INFO | Set parameter QCPDual to value 1
INFO | Gurobi Optimizer version 13.0.0 build v13.0.0rc1 (mac64[rosetta2] - Darwin 25.5.0 25F84)
INFO | 
INFO | CPU model: Apple M1 Max
INFO | Thread count: 10 physical cores, 10 logical processors, using up to 10 threads
INFO | 
INFO | Non-default parameters:
INFO | DualReductions  0
INFO | InfUnbdInfo  1
INFO | LogToConsole  0
INFO | QCPDual  1
INFO | 
INFO | Optimize a model with 1448 rows, 598 columns and 3523 nonzeros (Min)
INFO | Model fingerprint: 0x47112017
INFO | Model has 152 linear objective coefficients and an objective constant of 1.2097392000000003e+04
INFO | Coefficient statistics:
INFO |   Matrix range     [2e-02, 2e+03]
INFO |   Objective range  [1e+00, 4e+05]
INFO |   Bounds range     [1e+00, 1e+00]
INFO |   RHS range        [3e-02, 1e+01]
INFO | Presolve time: 0.00s
INFO | Presolved: 156 rows, 179 columns, 691 nonzeros
INFO | 
INFO | Iteration    Objective       Primal Inf.    Dual Inf.      Time
INFO |        0    1.7769612e+04   5.507431e+01   0.000000e+00      0s
INFO |      103    6.5361965e+04   0.000000e+00   0.000000e+00      0s
INFO | 
INFO | Solved in 103 iterations and 0.00 seconds (0.00 work units)
INFO | Optimal objective  6.536196456e+04
  --- Benders iteration 26  cuts_added=1  cuts_total=26  ---
INFO | Gurobi Optimizer version 13.0.0 build v13.0.0rc1 (mac64[rosetta2] - Darwin 25.5.0 25F84)
INFO | 
INFO | CPU model: Apple M1 Max
INFO | Thread count: 10 physical cores, 10 logical processors, using up to 10 threads
INFO | 
INFO | Non-default parameters:
INFO | LogToConsole  0
INFO | 
INFO | Optimize a model with 159 rows, 599 columns and 1808 nonzeros (Min)
INFO | Model fingerprint: 0x5f07537a
INFO | Model has 21 linear objective coefficients and an objective constant of 1.2097392000000003e+04
INFO | Variable types: 473 continuous, 126 integer (126 binary)
INFO | Coefficient statistics:
INFO |   Matrix range     [2e-02, 3e+06]
INFO |   Objective range  [1e+00, 3e+03]
INFO |   Bounds range     [1e+00, 1e+00]
INFO |   RHS range        [6e-01, 5e+06]
INFO | 
INFO | MIP start from previous solve produced solution with objective 84477.1 (0.00s)
INFO | Loaded MIP start from previous solve with objective 84477.1
INFO | 
INFO | Presolve removed 101 rows and 540 columns
INFO | Presolve time: 0.01s
INFO | Presolved: 58 rows, 59 columns, 832 nonzeros
INFO | Variable types: 1 continuous, 58 integer (58 binary)
INFO | 
INFO | Root relaxation: objective 2.887278e+04, 48 iterations, 0.00 seconds (0.00 work units)
INFO | 
INFO |     Nodes    |    Current Node    |     Objective Bounds      |     Work
INFO |  Expl Unexpl |  Obj  Depth IntInf | Incumbent    BestBd   Gap | It/Node Time
INFO | 
INFO |      0     0 28872.7793    0   18 84477.0896 28872.7793  65.8%     -    0s
INFO | H    0     0                    33519.142000 28872.7793  13.9%     -    0s
INFO | H    0     0                    33372.467000 28872.7793  13.5%     -    0s
INFO | H    0     0                    33313.221269 28872.7793  13.3%     -    0s
INFO | H    0     0                    32832.479500 28872.7793  12.1%     -    0s
INFO | H    0     0                    31334.890000 28872.7793  7.86%     -    0s
INFO | H    0     0                    31299.950500 30468.1179  2.66%     -    0s
INFO |      0     0 31012.8477    0   23 31299.9505 31012.8477  0.92%     -    0s
INFO |      0     0 31299.9505    0   29 31299.9505 31299.9505  0.00%     -    0s
INFO | 
INFO | Cutting planes:
INFO |   Gomory: 1
INFO |   Cover: 2
INFO |   GUB cover: 2
INFO |   RLT: 1
INFO | 
INFO | Explored 1 nodes (71 simplex iterations) in 0.02 seconds (0.01 work units)
INFO | Thread count was 10 (of 10 available processors)
INFO | 
INFO | Solution count 7: 31300 31334.9 32832.5 ... 84477.1
INFO | 
INFO | Optimal solution found (tolerance 1.00e-04)
INFO | Best objective 3.129995050000e+04, best bound 3.129995050000e+04, gap 0.0000%
INFO | Set parameter InfUnbdInfo to value 1
INFO | Set parameter DualReductions to value 0
INFO | Set parameter QCPDual to value 1
INFO | Gurobi Optimizer version 13.0.0 build v13.0.0rc1 (mac64[rosetta2] - Darwin 25.5.0 25F84)
INFO | 
INFO | CPU model: Apple M1 Max
INFO | Thread count: 10 physical cores, 10 logical processors, using up to 10 threads
INFO | 
INFO | Non-default parameters:
INFO | DualReductions  0
INFO | InfUnbdInfo  1
INFO | LogToConsole  0
INFO | QCPDual  1
INFO | 
INFO | Optimize a model with 1448 rows, 598 columns and 3523 nonzeros (Min)
INFO | Model fingerprint: 0xfd8b3d7b
INFO | Model has 152 linear objective coefficients and an objective constant of 1.2097392000000003e+04
INFO | Coefficient statistics:
INFO |   Matrix range     [2e-02, 2e+03]
INFO |   Objective range  [1e+00, 4e+05]
INFO |   Bounds range     [1e+00, 1e+00]
INFO |   RHS range        [3e-02, 1e+01]
INFO | Presolve time: 0.00s
INFO | Presolved: 154 rows, 178 columns, 677 nonzeros
INFO | 
INFO | Iteration    Objective       Primal Inf.    Dual Inf.      Time
INFO |        0    1.3384832e+06   5.574409e+01   0.000000e+00      0s
INFO |       96    1.3831932e+06   0.000000e+00   0.000000e+00      0s
INFO | 
INFO | Solved in 96 iterations and 0.00 seconds (0.00 work units)
INFO | Optimal objective  1.383193226e+06
  --- Benders iteration 27  cuts_added=1  cuts_total=27  ---
INFO | Gurobi Optimizer version 13.0.0 build v13.0.0rc1 (mac64[rosetta2] - Darwin 25.5.0 25F84)
INFO | 
INFO | CPU model: Apple M1 Max
INFO | Thread count: 10 physical cores, 10 logical processors, using up to 10 threads
INFO | 
INFO | Non-default parameters:
INFO | LogToConsole  0
INFO | 
INFO | Optimize a model with 160 rows, 599 columns and 1903 nonzeros (Min)
INFO | Model fingerprint: 0x04d68c5f
INFO | Model has 21 linear objective coefficients and an objective constant of 1.2097392000000003e+04
INFO | Variable types: 473 continuous, 126 integer (126 binary)
INFO | Coefficient statistics:
INFO |   Matrix range     [2e-02, 4e+06]
INFO |   Objective range  [1e+00, 3e+03]
INFO |   Bounds range     [1e+00, 1e+00]
INFO |   RHS range        [6e-01, 5e+06]
INFO | 
INFO | MIP start from previous solve produced solution with objective 1.4024e+06 (0.00s)
INFO | Loaded MIP start from previous solve with objective 1.4024e+06
INFO | 
INFO | Presolve removed 101 rows and 540 columns
INFO | Presolve time: 0.01s
INFO | Presolved: 59 rows, 59 columns, 879 nonzeros
INFO | Variable types: 1 continuous, 58 integer (58 binary)
INFO | 
INFO | Root relaxation: objective 2.887278e+04, 46 iterations, 0.00 seconds (0.00 work units)
INFO | 
INFO |     Nodes    |    Current Node    |     Objective Bounds      |     Work
INFO |  Expl Unexpl |  Obj  Depth IntInf | Incumbent    BestBd   Gap | It/Node Time
INFO | 
INFO |      0     0 28872.7793    0   18 1402395.78 28872.7793  97.9%     -    0s
INFO | H    0     0                    38375.309000 28872.7793  24.8%     -    0s
INFO | H    0     0                    33372.467000 28872.7793  13.5%     -    0s
INFO | H    0     0                    32832.479500 28872.7793  12.1%     -    0s
INFO | H    0     0                    32051.636000 28872.7793  9.92%     -    0s
INFO |      0     0 30180.2183    0   28 32051.6360 30180.2183  5.84%     -    0s
INFO | H    0     0                    31505.867000 30180.2183  4.21%     -    0s
INFO |      0     0 31505.8670    0   27 31505.8670 31505.8670  0.00%     -    0s
INFO | 
INFO | Cutting planes:
INFO |   Gomory: 1
INFO |   Cover: 1
INFO |   GUB cover: 2
INFO | 
INFO | Explored 1 nodes (75 simplex iterations) in 0.02 seconds (0.01 work units)
INFO | Thread count was 10 (of 10 available processors)
INFO | 
INFO | Solution count 6: 31505.9 32051.6 32832.5 ... 1.4024e+06
INFO | 
INFO | Optimal solution found (tolerance 1.00e-04)
INFO | Best objective 3.150586700000e+04, best bound 3.150586700000e+04, gap 0.0000%
INFO | Set parameter InfUnbdInfo to value 1
INFO | Set parameter DualReductions to value 0
INFO | Set parameter QCPDual to value 1
INFO | Gurobi Optimizer version 13.0.0 build v13.0.0rc1 (mac64[rosetta2] - Darwin 25.5.0 25F84)
INFO | 
INFO | CPU model: Apple M1 Max
INFO | Thread count: 10 physical cores, 10 logical processors, using up to 10 threads
INFO | 
INFO | Non-default parameters:
INFO | DualReductions  0
INFO | InfUnbdInfo  1
INFO | LogToConsole  0
INFO | QCPDual  1
INFO | 
INFO | Optimize a model with 1448 rows, 598 columns and 3523 nonzeros (Min)
INFO | Model fingerprint: 0x94047dfb
INFO | Model has 152 linear objective coefficients and an objective constant of 1.2097392000000003e+04
INFO | Coefficient statistics:
INFO |   Matrix range     [2e-02, 2e+03]
INFO |   Objective range  [1e+00, 4e+05]
INFO |   Bounds range     [1e+00, 1e+00]
INFO |   RHS range        [3e-02, 1e+01]
INFO | Presolve time: 0.00s
INFO | Presolved: 155 rows, 177 columns, 691 nonzeros
INFO | 
INFO | Iteration    Objective       Primal Inf.    Dual Inf.      Time
INFO |        0    1.8230873e+04   5.469819e+01   0.000000e+00      0s
INFO |      107    6.1493433e+04   0.000000e+00   0.000000e+00      0s
INFO | 
INFO | Solved in 107 iterations and 0.00 seconds (0.00 work units)
INFO | Optimal objective  6.149343322e+04
  --- Benders iteration 28  cuts_added=1  cuts_total=28  ---
INFO | Gurobi Optimizer version 13.0.0 build v13.0.0rc1 (mac64[rosetta2] - Darwin 25.5.0 25F84)
INFO | 
INFO | CPU model: Apple M1 Max
INFO | Thread count: 10 physical cores, 10 logical processors, using up to 10 threads
INFO | 
INFO | Non-default parameters:
INFO | LogToConsole  0
INFO | 
INFO | Optimize a model with 161 rows, 599 columns and 1997 nonzeros (Min)
INFO | Model fingerprint: 0x6e7254e4
INFO | Model has 21 linear objective coefficients and an objective constant of 1.2097392000000003e+04
INFO | Variable types: 473 continuous, 126 integer (126 binary)
INFO | Coefficient statistics:
INFO |   Matrix range     [2e-02, 4e+06]
INFO |   Objective range  [1e+00, 3e+03]
INFO |   Bounds range     [1e+00, 1e+00]
INFO |   RHS range        [6e-01, 5e+06]
INFO | 
INFO | MIP start from previous solve produced solution with objective 80901.9 (0.00s)
INFO | MIP start from previous solve produced solution with objective 80901.9 (0.00s)
INFO | Loaded MIP start from previous solve with objective 80901.9
INFO | 
INFO | Presolve removed 100 rows and 538 columns
INFO | Presolve time: 0.01s
INFO | Presolved: 61 rows, 61 columns, 892 nonzeros
INFO | Variable types: 1 continuous, 60 integer (60 binary)
INFO | 
INFO | Root relaxation: objective 2.885841e+04, 59 iterations, 0.00 seconds (0.00 work units)
INFO | 
INFO |     Nodes    |    Current Node    |     Objective Bounds      |     Work
INFO |  Expl Unexpl |  Obj  Depth IntInf | Incumbent    BestBd   Gap | It/Node Time
INFO | 
INFO |      0     0 28858.4074    0   22 80901.9082 28858.4074  64.3%     -    0s
INFO | H    0     0                    57996.179060 28858.4074  50.2%     -    0s
INFO | H    0     0                    52996.179060 28858.4074  45.5%     -    0s
INFO | H    0     0                    33665.817000 28858.4074  14.3%     -    0s
INFO | H    0     0                    32051.636000 28858.4074  10.0%     -    0s
INFO |      0     0 31670.8471    0   24 32051.6360 31670.8471  1.19%     -    0s
INFO | H    0     0                    32010.915000 31670.8471  1.06%     -    0s
INFO |      0     0 32010.9150    0   18 32010.9150 32010.9150  0.00%     -    0s
INFO | 
INFO | Cutting planes:
INFO |   Gomory: 1
INFO |   Cover: 1
INFO |   Implied bound: 3
INFO |   MIR: 2
INFO |   GUB cover: 3
INFO | 
INFO | Explored 1 nodes (94 simplex iterations) in 0.02 seconds (0.01 work units)
INFO | Thread count was 10 (of 10 available processors)
INFO | 
INFO | Solution count 6: 32010.9 32051.6 33665.8 ... 80901.9
INFO | 
INFO | Optimal solution found (tolerance 1.00e-04)
INFO | Best objective 3.201091500000e+04, best bound 3.201091500000e+04, gap 0.0000%
INFO | Set parameter InfUnbdInfo to value 1
INFO | Set parameter DualReductions to value 0
INFO | Set parameter QCPDual to value 1
INFO | Gurobi Optimizer version 13.0.0 build v13.0.0rc1 (mac64[rosetta2] - Darwin 25.5.0 25F84)
INFO | 
INFO | CPU model: Apple M1 Max
INFO | Thread count: 10 physical cores, 10 logical processors, using up to 10 threads
INFO | 
INFO | Non-default parameters:
INFO | DualReductions  0
INFO | InfUnbdInfo  1
INFO | LogToConsole  0
INFO | QCPDual  1
INFO | 
INFO | Optimize a model with 1448 rows, 598 columns and 3523 nonzeros (Min)
INFO | Model fingerprint: 0x193366e1
INFO | Model has 152 linear objective coefficients and an objective constant of 1.2097392000000003e+04
INFO | Coefficient statistics:
INFO |   Matrix range     [2e-02, 2e+03]
INFO |   Objective range  [1e+00, 4e+05]
INFO |   Bounds range     [1e+00, 1e+00]
INFO |   RHS range        [3e-02, 1e+01]
INFO | Presolve time: 0.00s
INFO | Presolved: 161 rows, 187 columns, 759 nonzeros
INFO | 
INFO | Iteration    Objective       Primal Inf.    Dual Inf.      Time
INFO |        0    2.2322696e+05   6.262286e+01   0.000000e+00      0s
INFO |      114    2.6867408e+05   0.000000e+00   0.000000e+00      0s
INFO | 
INFO | Solved in 114 iterations and 0.00 seconds (0.00 work units)
INFO | Optimal objective  2.686740782e+05
  --- Benders iteration 29  cuts_added=1  cuts_total=29  ---
INFO | Gurobi Optimizer version 13.0.0 build v13.0.0rc1 (mac64[rosetta2] - Darwin 25.5.0 25F84)
INFO | 
INFO | CPU model: Apple M1 Max
INFO | Thread count: 10 physical cores, 10 logical processors, using up to 10 threads
INFO | 
INFO | Non-default parameters:
INFO | LogToConsole  0
INFO | 
INFO | Optimize a model with 162 rows, 599 columns and 2085 nonzeros (Min)
INFO | Model fingerprint: 0x7d4fd039
INFO | Model has 21 linear objective coefficients and an objective constant of 1.2097392000000003e+04
INFO | Variable types: 473 continuous, 126 integer (126 binary)
INFO | Coefficient statistics:
INFO |   Matrix range     [2e-02, 4e+06]
INFO |   Objective range  [1e+00, 3e+03]
INFO |   Bounds range     [1e+00, 1e+00]
INFO |   RHS range        [6e-01, 5e+06]
INFO | 
INFO | MIP start from previous solve produced solution with objective 288588 (0.00s)
INFO | Loaded MIP start from previous solve with objective 288588
INFO | 
INFO | Presolve removed 100 rows and 538 columns
INFO | Presolve time: 0.01s
INFO | Presolved: 62 rows, 61 columns, 931 nonzeros
INFO | Variable types: 1 continuous, 60 integer (60 binary)
INFO | 
INFO | Root relaxation: objective 2.887567e+04, 57 iterations, 0.00 seconds (0.00 work units)
INFO | 
INFO |     Nodes    |    Current Node    |     Objective Bounds      |     Work
INFO |  Expl Unexpl |  Obj  Depth IntInf | Incumbent    BestBd   Gap | It/Node Time
INFO | 
INFO |      0     0 28875.6690    0   21 288587.601 28875.6690  90.0%     -    0s
INFO | H    0     0                    47102.342000 28875.6690  38.7%     -    0s
INFO | H    0     0                    46996.409085 28875.6690  38.6%     -    0s
INFO | H    0     0                    46736.030904 28875.6690  38.2%     -    0s
INFO | H    0     0                    33665.817000 28875.6690  14.2%     -    0s
INFO | H    0     0                    33519.142000 28875.6690  13.9%     -    0s
INFO | H    0     0                    33372.467000 28875.6690  13.5%     -    0s
INFO | H    0     0                    32051.636000 28875.6690  9.91%     -    0s
INFO |      0     0 31148.0501    0   23 32051.6360 31148.0501  2.82%     -    0s
INFO | H    0     0                    32045.854500 31148.0501  2.80%     -    0s
INFO |      0     0 32045.8545    0   24 32045.8545 32045.8545  0.00%     -    0s
INFO | 
INFO | Cutting planes:
INFO |   Gomory: 2
INFO |   Cover: 2
INFO |   Implied bound: 4
INFO |   MIR: 1
INFO |   GUB cover: 2
INFO | 
INFO | Explored 1 nodes (92 simplex iterations) in 0.02 seconds (0.01 work units)
INFO | Thread count was 10 (of 10 available processors)
INFO | 
INFO | Solution count 9: 32045.9 32051.6 33372.5 ... 288588
INFO | 
INFO | Optimal solution found (tolerance 1.00e-04)
INFO | Best objective 3.204585450000e+04, best bound 3.204585450000e+04, gap 0.0000%
INFO | Set parameter InfUnbdInfo to value 1
INFO | Set parameter DualReductions to value 0
INFO | Set parameter QCPDual to value 1
INFO | Gurobi Optimizer version 13.0.0 build v13.0.0rc1 (mac64[rosetta2] - Darwin 25.5.0 25F84)
INFO | 
INFO | CPU model: Apple M1 Max
INFO | Thread count: 10 physical cores, 10 logical processors, using up to 10 threads
INFO | 
INFO | Non-default parameters:
INFO | DualReductions  0
INFO | InfUnbdInfo  1
INFO | LogToConsole  0
INFO | QCPDual  1
INFO | 
INFO | Optimize a model with 1448 rows, 598 columns and 3523 nonzeros (Min)
INFO | Model fingerprint: 0x04475d90
INFO | Model has 152 linear objective coefficients and an objective constant of 1.2097392000000003e+04
INFO | Coefficient statistics:
INFO |   Matrix range     [2e-02, 2e+03]
INFO |   Objective range  [1e+00, 4e+05]
INFO |   Bounds range     [1e+00, 1e+00]
INFO |   RHS range        [3e-02, 1e+01]
INFO | Presolve time: 0.00s
INFO | Presolved: 155 rows, 179 columns, 712 nonzeros
INFO | 
INFO | Iteration    Objective       Primal Inf.    Dual Inf.      Time
INFO |        0    1.8064556e+04   5.466282e+01   0.000000e+00      0s
INFO |      116    7.1232059e+04   0.000000e+00   0.000000e+00      0s
INFO | 
INFO | Solved in 116 iterations and 0.00 seconds (0.00 work units)
INFO | Optimal objective  7.123205864e+04
  --- Benders iteration 30  cuts_added=1  cuts_total=30  ---
INFO | Gurobi Optimizer version 13.0.0 build v13.0.0rc1 (mac64[rosetta2] - Darwin 25.5.0 25F84)
INFO | 
INFO | CPU model: Apple M1 Max
INFO | Thread count: 10 physical cores, 10 logical processors, using up to 10 threads
INFO | 
INFO | Non-default parameters:
INFO | LogToConsole  0
INFO | 
INFO | Optimize a model with 163 rows, 599 columns and 2174 nonzeros (Min)
INFO | Model fingerprint: 0x3bb49bbe
INFO | Model has 21 linear objective coefficients and an objective constant of 1.2097392000000003e+04
INFO | Variable types: 473 continuous, 126 integer (126 binary)
INFO | Coefficient statistics:
INFO |   Matrix range     [2e-02, 4e+06]
INFO |   Objective range  [1e+00, 3e+03]
INFO |   Bounds range     [1e+00, 1e+00]
INFO |   RHS range        [6e-01, 5e+06]
INFO | 
INFO | MIP start from previous solve produced solution with objective 91180.5 (0.00s)
INFO | MIP start from previous solve produced solution with objective 91180.5 (0.00s)
INFO | Loaded MIP start from previous solve with objective 91180.5
INFO | 
INFO | Presolve removed 100 rows and 538 columns
INFO | Presolve time: 0.01s
INFO | Presolved: 63 rows, 61 columns, 974 nonzeros
INFO | Variable types: 1 continuous, 60 integer (60 binary)
INFO | 
INFO | Root relaxation: objective 2.887778e+04, 58 iterations, 0.00 seconds (0.00 work units)
INFO | 
INFO |     Nodes    |    Current Node    |     Objective Bounds      |     Work
INFO |  Expl Unexpl |  Obj  Depth IntInf | Incumbent    BestBd   Gap | It/Node Time
INFO | 
INFO |      0     0 28877.7845    0   22 91180.5211 28877.7845  68.3%     -    0s
INFO | H    0     0                    36355.117000 28877.7845  20.6%     -    0s
INFO | H    0     0                    33372.467000 28877.7845  13.5%     -    0s
INFO | H    0     0                    32051.636000 28877.7845  9.90%     -    0s
INFO |      0     0 31417.6222    0   33 32051.6360 31417.6222  1.98%     -    0s
INFO |      0     0 32051.6360    0   24 32051.6360 32051.6360  0.00%     -    0s
INFO | 
INFO | Cutting planes:
INFO |   Gomory: 2
INFO |   Cover: 1
INFO |   Implied bound: 2
INFO |   MIR: 1
INFO |   GUB cover: 4
INFO | 
INFO | Explored 1 nodes (104 simplex iterations) in 0.02 seconds (0.01 work units)
INFO | Thread count was 10 (of 10 available processors)
INFO | 
INFO | Solution count 4: 32051.6 33372.5 36355.1 91180.5 
INFO | 
INFO | Optimal solution found (tolerance 1.00e-04)
INFO | Best objective 3.205163600000e+04, best bound 3.205163600000e+04, gap 0.0000%
INFO | Set parameter InfUnbdInfo to value 1
INFO | Set parameter DualReductions to value 0
INFO | Set parameter QCPDual to value 1
INFO | Gurobi Optimizer version 13.0.0 build v13.0.0rc1 (mac64[rosetta2] - Darwin 25.5.0 25F84)
INFO | 
INFO | CPU model: Apple M1 Max
INFO | Thread count: 10 physical cores, 10 logical processors, using up to 10 threads
INFO | 
INFO | Non-default parameters:
INFO | DualReductions  0
INFO | InfUnbdInfo  1
INFO | LogToConsole  0
INFO | QCPDual  1
INFO | 
INFO | Optimize a model with 1448 rows, 598 columns and 3523 nonzeros (Min)
INFO | Model fingerprint: 0x4ea56687
INFO | Model has 152 linear objective coefficients and an objective constant of 1.2097392000000003e+04
INFO | Coefficient statistics:
INFO |   Matrix range     [2e-02, 2e+03]
INFO |   Objective range  [1e+00, 4e+05]
INFO |   Bounds range     [1e+00, 1e+00]
INFO |   RHS range        [3e-02, 1e+01]
INFO | Presolve time: 0.00s
INFO | Presolved: 170 rows, 192 columns, 787 nonzeros
INFO | 
INFO | Iteration    Objective       Primal Inf.    Dual Inf.      Time
INFO |        0    2.3549062e+04   5.403144e+01   0.000000e+00      0s
INFO |      128    6.8895332e+04   0.000000e+00   0.000000e+00      0s
INFO | 
INFO | Solved in 128 iterations and 0.00 seconds (0.00 work units)
INFO | Optimal objective  6.889533163e+04
  --- Benders iteration 31  cuts_added=1  cuts_total=31  ---
INFO | Gurobi Optimizer version 13.0.0 build v13.0.0rc1 (mac64[rosetta2] - Darwin 25.5.0 25F84)
INFO | 
INFO | CPU model: Apple M1 Max
INFO | Thread count: 10 physical cores, 10 logical processors, using up to 10 threads
INFO | 
INFO | Non-default parameters:
INFO | LogToConsole  0
INFO | 
INFO | Optimize a model with 164 rows, 599 columns and 2269 nonzeros (Min)
INFO | Model fingerprint: 0xe54959f4
INFO | Model has 21 linear objective coefficients and an objective constant of 1.2097392000000003e+04
INFO | Variable types: 473 continuous, 126 integer (126 binary)
INFO | Coefficient statistics:
INFO |   Matrix range     [2e-02, 4e+06]
INFO |   Objective range  [1e+00, 3e+03]
INFO |   Bounds range     [1e+00, 1e+00]
INFO |   RHS range        [6e-01, 5e+06]
INFO | 
INFO | MIP start from previous solve produced solution with objective 88849.6 (0.00s)
INFO | MIP start from previous solve produced solution with objective 88849.6 (0.00s)
INFO | Loaded MIP start from previous solve with objective 88849.6
INFO | 
INFO | Presolve removed 99 rows and 537 columns
INFO | Presolve time: 0.01s
INFO | Presolved: 65 rows, 62 columns, 1034 nonzeros
INFO | Variable types: 1 continuous, 61 integer (61 binary)
INFO | 
INFO | Root relaxation: objective 2.948790e+04, 58 iterations, 0.00 seconds (0.00 work units)
INFO | 
INFO |     Nodes    |    Current Node    |     Objective Bounds      |     Work
INFO |  Expl Unexpl |  Obj  Depth IntInf | Incumbent    BestBd   Gap | It/Node Time
INFO | 
INFO |      0     0 29487.8986    0   21 88849.5756 29487.8986  66.8%     -    0s
INFO | H    0     0                    47537.511000 29487.8986  38.0%     -    0s
INFO | H    0     0                    47062.566764 29487.8986  37.3%     -    0s
INFO | H    0     0                    46972.566764 29487.8986  37.2%     -    0s
INFO | H    0     0                    46735.978702 29487.8986  36.9%     -    0s
INFO | H    0     0                    33219.142000 29487.8986  11.2%     -    0s
INFO | H    0     0                    32612.600500 29487.8986  9.58%     -    0s
INFO | H    0     0                    32135.842000 29487.8986  8.24%     -    0s
INFO | H    0     0                    32072.613000 29487.8986  8.06%     -    0s
INFO |      0     0 31505.8670    0   20 32072.6130 31505.8670  1.77%     -    0s
INFO |      0     0 32072.6130    0   23 32072.6130 32072.6130  0.00%     -    0s
INFO | 
INFO | Cutting planes:
INFO |   Cover: 2
INFO |   MIR: 3
INFO |   RLT: 1
INFO | 
INFO | Explored 1 nodes (87 simplex iterations) in 0.02 seconds (0.01 work units)
INFO | Thread count was 10 (of 10 available processors)
INFO | 
INFO | Solution count 9: 32072.6 32135.8 32612.6 ... 88849.6
INFO | 
INFO | Optimal solution found (tolerance 1.00e-04)
INFO | Best objective 3.207261300000e+04, best bound 3.207261300000e+04, gap 0.0000%
INFO | Set parameter InfUnbdInfo to value 1
INFO | Set parameter DualReductions to value 0
INFO | Set parameter QCPDual to value 1
INFO | Gurobi Optimizer version 13.0.0 build v13.0.0rc1 (mac64[rosetta2] - Darwin 25.5.0 25F84)
INFO | 
INFO | CPU model: Apple M1 Max
INFO | Thread count: 10 physical cores, 10 logical processors, using up to 10 threads
INFO | 
INFO | Non-default parameters:
INFO | DualReductions  0
INFO | InfUnbdInfo  1
INFO | LogToConsole  0
INFO | QCPDual  1
INFO | 
INFO | Optimize a model with 1448 rows, 598 columns and 3523 nonzeros (Min)
INFO | Model fingerprint: 0xe4edb60a
INFO | Model has 152 linear objective coefficients and an objective constant of 1.2097392000000003e+04
INFO | Coefficient statistics:
INFO |   Matrix range     [2e-02, 2e+03]
INFO |   Objective range  [1e+00, 4e+05]
INFO |   Bounds range     [1e+00, 1e+00]
INFO |   RHS range        [3e-02, 1e+01]
INFO | Presolve time: 0.00s
INFO | Presolved: 160 rows, 188 columns, 752 nonzeros
INFO | 
INFO | Iteration    Objective       Primal Inf.    Dual Inf.      Time
INFO |        0    1.5068173e+05   6.190889e+01   0.000000e+00      0s
INFO |      105    1.9436401e+05   0.000000e+00   0.000000e+00      0s
INFO | 
INFO | Solved in 105 iterations and 0.00 seconds (0.00 work units)
INFO | Optimal objective  1.943640142e+05
  --- Benders iteration 32  cuts_added=1  cuts_total=32  ---
INFO | Gurobi Optimizer version 13.0.0 build v13.0.0rc1 (mac64[rosetta2] - Darwin 25.5.0 25F84)
INFO | 
INFO | CPU model: Apple M1 Max
INFO | Thread count: 10 physical cores, 10 logical processors, using up to 10 threads
INFO | 
INFO | Non-default parameters:
INFO | LogToConsole  0
INFO | 
INFO | Optimize a model with 165 rows, 599 columns and 2363 nonzeros (Min)
INFO | Model fingerprint: 0x8e268950
INFO | Model has 21 linear objective coefficients and an objective constant of 1.2097392000000003e+04
INFO | Variable types: 473 continuous, 126 integer (126 binary)
INFO | Coefficient statistics:
INFO |   Matrix range     [2e-02, 4e+06]
INFO |   Objective range  [1e+00, 3e+03]
INFO |   Bounds range     [1e+00, 1e+00]
INFO |   RHS range        [6e-01, 5e+06]
INFO | 
INFO | MIP start from previous solve produced solution with objective 214339 (0.00s)
INFO | MIP start from previous solve produced solution with objective 214339 (0.00s)
INFO | Loaded MIP start from previous solve with objective 214339
INFO | 
INFO | Presolve removed 99 rows and 537 columns
INFO | Presolve time: 0.01s
INFO | Presolved: 66 rows, 62 columns, 1079 nonzeros
INFO | Variable types: 1 continuous, 61 integer (61 binary)
INFO | 
INFO | Root relaxation: objective 2.948790e+04, 58 iterations, 0.00 seconds (0.00 work units)
INFO | 
INFO |     Nodes    |    Current Node    |     Objective Bounds      |     Work
INFO |  Expl Unexpl |  Obj  Depth IntInf | Incumbent    BestBd   Gap | It/Node Time
INFO | 
INFO |      0     0 29487.8986    0   21 214339.235 29487.8986  86.2%     -    0s
INFO | H    0     0                    41723.742000 29487.8986  29.3%     -    0s
INFO | H    0     0                    32612.600500 29487.8986  9.58%     -    0s
INFO | H    0     0                    32135.842000 29487.8986  8.24%     -    0s
INFO | H    0     0                    32072.613000 29487.8986  8.06%     -    0s
INFO |      0     0 31844.1865    0   20 32072.6130 31844.1865  0.71%     -    0s
INFO |      0     0 32072.6130    0   23 32072.6130 32072.6130  0.00%     -    0s
INFO | 
INFO | Cutting planes:
INFO |   Cover: 2
INFO |   MIR: 3
INFO |   RLT: 1
INFO | 
INFO | Explored 1 nodes (87 simplex iterations) in 0.02 seconds (0.01 work units)
INFO | Thread count was 10 (of 10 available processors)
INFO | 
INFO | Solution count 5: 32072.6 32135.8 32612.6 ... 214339
INFO | 
INFO | Optimal solution found (tolerance 1.00e-04)
INFO | Best objective 3.207261300000e+04, best bound 3.207261300000e+04, gap 0.0000%
INFO | Set parameter InfUnbdInfo to value 1
INFO | Set parameter DualReductions to value 0
INFO | Set parameter QCPDual to value 1
INFO | Gurobi Optimizer version 13.0.0 build v13.0.0rc1 (mac64[rosetta2] - Darwin 25.5.0 25F84)
INFO | 
INFO | CPU model: Apple M1 Max
INFO | Thread count: 10 physical cores, 10 logical processors, using up to 10 threads
INFO | 
INFO | Non-default parameters:
INFO | DualReductions  0
INFO | InfUnbdInfo  1
INFO | LogToConsole  0
INFO | QCPDual  1
INFO | 
INFO | Optimize a model with 1448 rows, 598 columns and 3523 nonzeros (Min)
INFO | Model fingerprint: 0x9a95556b
INFO | Model has 152 linear objective coefficients and an objective constant of 1.2097392000000003e+04
INFO | Coefficient statistics:
INFO |   Matrix range     [2e-02, 2e+03]
INFO |   Objective range  [1e+00, 4e+05]
INFO |   Bounds range     [1e+00, 1e+00]
INFO |   RHS range        [3e-02, 1e+01]
INFO | Presolve time: 0.00s
INFO | Presolved: 161 rows, 190 columns, 762 nonzeros
INFO | 
INFO | Iteration    Objective       Primal Inf.    Dual Inf.      Time
INFO |        0    2.0677430e+04   5.455960e+01   0.000000e+00      0s
INFO |      128    6.9968030e+04   0.000000e+00   0.000000e+00      0s
INFO | 
INFO | Solved in 128 iterations and 0.00 seconds (0.00 work units)
INFO | Optimal objective  6.996803045e+04
  --- Benders iteration 33  cuts_added=1  cuts_total=33  ---
INFO | Gurobi Optimizer version 13.0.0 build v13.0.0rc1 (mac64[rosetta2] - Darwin 25.5.0 25F84)
INFO | 
INFO | CPU model: Apple M1 Max
INFO | Thread count: 10 physical cores, 10 logical processors, using up to 10 threads
INFO | 
INFO | Non-default parameters:
INFO | LogToConsole  0
INFO | 
INFO | Optimize a model with 166 rows, 599 columns and 2456 nonzeros (Min)
INFO | Model fingerprint: 0xabb84587
INFO | Model has 21 linear objective coefficients and an objective constant of 1.2097392000000003e+04
INFO | Variable types: 473 continuous, 126 integer (126 binary)
INFO | Coefficient statistics:
INFO |   Matrix range     [2e-02, 4e+06]
INFO |   Objective range  [1e+00, 3e+03]
INFO |   Bounds range     [1e+00, 1e+00]
INFO |   RHS range        [6e-01, 5e+06]
INFO | 
INFO | MIP start from previous solve produced solution with objective 89943.3 (0.00s)
INFO | Loaded MIP start from previous solve with objective 89943.3
INFO | 
INFO | Presolve removed 99 rows and 537 columns
INFO | Presolve time: 0.01s
INFO | Presolved: 67 rows, 62 columns, 1124 nonzeros
INFO | Variable types: 1 continuous, 61 integer (61 binary)
INFO | 
INFO | Root relaxation: objective 2.951314e+04, 55 iterations, 0.00 seconds (0.00 work units)
INFO | 
INFO |     Nodes    |    Current Node    |     Objective Bounds      |     Work
INFO |  Expl Unexpl |  Obj  Depth IntInf | Incumbent    BestBd   Gap | It/Node Time
INFO | 
INFO |      0     0 29513.1390    0   21 89943.2515 29513.1390  67.2%     -    0s
INFO | H    0     0                    33219.142000 29513.1390  11.2%     -    0s
INFO | H    0     0                    32135.842000 29513.1390  8.16%     -    0s
INFO | 
INFO | Cutting planes:
INFO |   Cover: 2
INFO |   MIR: 4
INFO |   GUB cover: 3
INFO | 
INFO | Explored 1 nodes (55 simplex iterations) in 0.02 seconds (0.01 work units)
INFO | Thread count was 10 (of 10 available processors)
INFO | 
INFO | Solution count 3: 32135.8 33219.1 89943.3 
INFO | 
INFO | Optimal solution found (tolerance 1.00e-04)
INFO | Best objective 3.213584200000e+04, best bound 3.213584200000e+04, gap 0.0000%
INFO | Set parameter InfUnbdInfo to value 1
INFO | Set parameter DualReductions to value 0
INFO | Set parameter QCPDual to value 1
INFO | Gurobi Optimizer version 13.0.0 build v13.0.0rc1 (mac64[rosetta2] - Darwin 25.5.0 25F84)
INFO | 
INFO | CPU model: Apple M1 Max
INFO | Thread count: 10 physical cores, 10 logical processors, using up to 10 threads
INFO | 
INFO | Non-default parameters:
INFO | DualReductions  0
INFO | InfUnbdInfo  1
INFO | LogToConsole  0
INFO | QCPDual  1
INFO | 
INFO | Optimize a model with 1448 rows, 598 columns and 3523 nonzeros (Min)
INFO | Model fingerprint: 0x905624f7
INFO | Model has 152 linear objective coefficients and an objective constant of 1.2097392000000003e+04
INFO | Coefficient statistics:
INFO |   Matrix range     [2e-02, 2e+03]
INFO |   Objective range  [1e+00, 4e+05]
INFO |   Bounds range     [1e+00, 1e+00]
INFO |   RHS range        [3e-02, 1e+01]
INFO | Presolve time: 0.00s
INFO | Presolved: 153 rows, 180 columns, 706 nonzeros
INFO | 
INFO | Iteration    Objective       Primal Inf.    Dual Inf.      Time
INFO |        0    1.3468723e+05   6.119573e+01   0.000000e+00      0s
INFO |      106    1.7660915e+05   0.000000e+00   0.000000e+00      0s
INFO | 
INFO | Solved in 106 iterations and 0.00 seconds (0.00 work units)
INFO | Optimal objective  1.766091513e+05
  --- Benders iteration 34  cuts_added=1  cuts_total=34  ---
INFO | Gurobi Optimizer version 13.0.0 build v13.0.0rc1 (mac64[rosetta2] - Darwin 25.5.0 25F84)
INFO | 
INFO | CPU model: Apple M1 Max
INFO | Thread count: 10 physical cores, 10 logical processors, using up to 10 threads
INFO | 
INFO | Non-default parameters:
INFO | LogToConsole  0
INFO | 
INFO | Optimize a model with 167 rows, 599 columns and 2549 nonzeros (Min)
INFO | Model fingerprint: 0x85912a04
INFO | Model has 21 linear objective coefficients and an objective constant of 1.2097392000000003e+04
INFO | Variable types: 473 continuous, 126 integer (126 binary)
INFO | Coefficient statistics:
INFO |   Matrix range     [2e-02, 4e+06]
INFO |   Objective range  [1e+00, 3e+03]
INFO |   Bounds range     [1e+00, 1e+00]
INFO |   RHS range        [6e-01, 5e+06]
INFO | 
INFO | MIP start from previous solve produced solution with objective 196648 (0.00s)
INFO | Loaded MIP start from previous solve with objective 196648
INFO | 
INFO | Presolve removed 98 rows and 536 columns
INFO | Presolve time: 0.01s
INFO | Presolved: 69 rows, 63 columns, 1195 nonzeros
INFO | Variable types: 1 continuous, 62 integer (62 binary)
INFO | 
INFO | Root relaxation: objective 2.950496e+04, 52 iterations, 0.00 seconds (0.00 work units)
INFO | 
INFO |     Nodes    |    Current Node    |     Objective Bounds      |     Work
INFO |  Expl Unexpl |  Obj  Depth IntInf | Incumbent    BestBd   Gap | It/Node Time
INFO | 
INFO |      0     0 29504.9585    0   21 196647.601 29504.9585  85.0%     -    0s
INFO | H    0     0                    39037.767000 29504.9585  24.4%     -    0s
INFO | H    0     0                    33222.467000 29504.9585  11.2%     -    0s
INFO | H    0     0                    33215.817000 29504.9585  11.2%     -    0s
INFO | H    0     0                    32675.829500 29504.9585  9.70%     -    0s
INFO | H    0     0                    32585.842000 29504.9585  9.45%     -    0s
INFO | H    0     0                    32142.492000 29504.9585  8.21%     -    0s
INFO | H    0     0                    32135.842000 29504.9585  8.19%     -    0s
INFO |      0     0 31722.4204    0   20 32135.8420 31722.4204  1.29%     -    0s
INFO |      0     0 32135.8420    0   24 32135.8420 32135.8420  0.00%     -    0s
INFO | 
INFO | Cutting planes:
INFO |   Gomory: 1
INFO |   Cover: 1
INFO |   MIR: 2
INFO | 
INFO | Explored 1 nodes (83 simplex iterations) in 0.02 seconds (0.01 work units)
INFO | Thread count was 10 (of 10 available processors)
INFO | 
INFO | Solution count 8: 32135.8 32142.5 32585.8 ... 196648
INFO | 
INFO | Optimal solution found (tolerance 1.00e-04)
INFO | Best objective 3.213584200000e+04, best bound 3.213584200000e+04, gap 0.0000%
INFO | Set parameter InfUnbdInfo to value 1
INFO | Set parameter DualReductions to value 0
INFO | Set parameter QCPDual to value 1
INFO | Gurobi Optimizer version 13.0.0 build v13.0.0rc1 (mac64[rosetta2] - Darwin 25.5.0 25F84)
INFO | 
INFO | CPU model: Apple M1 Max
INFO | Thread count: 10 physical cores, 10 logical processors, using up to 10 threads
INFO | 
INFO | Non-default parameters:
INFO | DualReductions  0
INFO | InfUnbdInfo  1
INFO | LogToConsole  0
INFO | QCPDual  1
INFO | 
INFO | Optimize a model with 1448 rows, 598 columns and 3523 nonzeros (Min)
INFO | Model fingerprint: 0x0ab44110
INFO | Model has 152 linear objective coefficients and an objective constant of 1.2097392000000003e+04
INFO | Coefficient statistics:
INFO |   Matrix range     [2e-02, 2e+03]
INFO |   Objective range  [1e+00, 4e+05]
INFO |   Bounds range     [1e+00, 1e+00]
INFO |   RHS range        [3e-02, 1e+01]
INFO | Presolve time: 0.00s
INFO | Presolved: 156 rows, 182 columns, 719 nonzeros
INFO | 
INFO | Iteration    Objective       Primal Inf.    Dual Inf.      Time
INFO |        0    2.3377130e+04   5.359523e+01   0.000000e+00      0s
INFO |      105    7.0349896e+04   0.000000e+00   0.000000e+00      0s
INFO | 
INFO | Solved in 105 iterations and 0.00 seconds (0.00 work units)
INFO | Optimal objective  7.034989602e+04
  --- Benders iteration 35  cuts_added=1  cuts_total=35  ---
INFO | Gurobi Optimizer version 13.0.0 build v13.0.0rc1 (mac64[rosetta2] - Darwin 25.5.0 25F84)
INFO | 
INFO | CPU model: Apple M1 Max
INFO | Thread count: 10 physical cores, 10 logical processors, using up to 10 threads
INFO | 
INFO | Non-default parameters:
INFO | LogToConsole  0
INFO | 
INFO | Optimize a model with 168 rows, 599 columns and 2640 nonzeros (Min)
INFO | Model fingerprint: 0xefdd3158
INFO | Model has 21 linear objective coefficients and an objective constant of 1.2097392000000003e+04
INFO | Variable types: 473 continuous, 126 integer (126 binary)
INFO | Coefficient statistics:
INFO |   Matrix range     [2e-02, 4e+06]
INFO |   Objective range  [1e+00, 3e+03]
INFO |   Bounds range     [1e+00, 1e+00]
INFO |   RHS range        [6e-01, 5e+06]
INFO | 
INFO | MIP start from previous solve produced solution with objective 90388.3 (0.00s)
INFO | Loaded MIP start from previous solve with objective 90388.3
INFO | 
INFO | Presolve removed 98 rows and 536 columns
INFO | Presolve time: 0.01s
INFO | Presolved: 70 rows, 63 columns, 1237 nonzeros
INFO | Variable types: 1 continuous, 62 integer (62 binary)
INFO | 
INFO | Root relaxation: objective 2.950521e+04, 52 iterations, 0.00 seconds (0.00 work units)
INFO | 
INFO |     Nodes    |    Current Node    |     Objective Bounds      |     Work
INFO |  Expl Unexpl |  Obj  Depth IntInf | Incumbent    BestBd   Gap | It/Node Time
INFO | 
INFO |      0     0 29505.2090    0   22 90388.3460 29505.2090  67.4%     -    0s
INFO | H    0     0                    39044.417000 29505.2090  24.4%     -    0s
INFO | H    0     0                    32142.492000 29505.2090  8.20%     -    0s
INFO |      0     0 31505.8670    0   20 32142.4920 31505.8670  1.98%     -    0s
INFO |      0     0 32142.4920    0   23 32142.4920 32142.4920  0.00%     -    0s
INFO | 
INFO | Cutting planes:
INFO |   Cover: 1
INFO |   MIR: 2
INFO |   RLT: 1
INFO | 
INFO | Explored 1 nodes (90 simplex iterations) in 0.02 seconds (0.01 work units)
INFO | Thread count was 10 (of 10 available processors)
INFO | 
INFO | Solution count 3: 32142.5 39044.4 90388.3 
INFO | 
INFO | Optimal solution found (tolerance 1.00e-04)
INFO | Best objective 3.214249200000e+04, best bound 3.214249200000e+04, gap 0.0000%
INFO | Set parameter InfUnbdInfo to value 1
INFO | Set parameter DualReductions to value 0
INFO | Set parameter QCPDual to value 1
INFO | Gurobi Optimizer version 13.0.0 build v13.0.0rc1 (mac64[rosetta2] - Darwin 25.5.0 25F84)
INFO | 
INFO | CPU model: Apple M1 Max
INFO | Thread count: 10 physical cores, 10 logical processors, using up to 10 threads
INFO | 
INFO | Non-default parameters:
INFO | DualReductions  0
INFO | InfUnbdInfo  1
INFO | LogToConsole  0
INFO | QCPDual  1
INFO | 
INFO | Optimize a model with 1448 rows, 598 columns and 3523 nonzeros (Min)
INFO | Model fingerprint: 0x4394f501
INFO | Model has 152 linear objective coefficients and an objective constant of 1.2097392000000003e+04
INFO | Coefficient statistics:
INFO |   Matrix range     [2e-02, 2e+03]
INFO |   Objective range  [1e+00, 4e+05]
INFO |   Bounds range     [1e+00, 1e+00]
INFO |   RHS range        [3e-02, 1e+01]
INFO | Presolve time: 0.00s
INFO |        0      handle free variables                          0s
INFO | 
INFO | Solved in 469 iterations and 0.01 seconds (0.01 work units)
INFO | Infeasible model
  --- Benders iteration 36  cuts_added=1  cuts_total=36  ---
INFO | Gurobi Optimizer version 13.0.0 build v13.0.0rc1 (mac64[rosetta2] - Darwin 25.5.0 25F84)
INFO | 
INFO | CPU model: Apple M1 Max
INFO | Thread count: 10 physical cores, 10 logical processors, using up to 10 threads
INFO | 
INFO | Non-default parameters:
INFO | LogToConsole  0
INFO | 
INFO | Optimize a model with 169 rows, 599 columns and 2646 nonzeros (Min)
INFO | Model fingerprint: 0x7d831bc4
INFO | Model has 21 linear objective coefficients and an objective constant of 1.2097392000000003e+04
INFO | Variable types: 473 continuous, 126 integer (126 binary)
INFO | Coefficient statistics:
INFO |   Matrix range     [2e-02, 4e+06]
INFO |   Objective range  [1e+00, 3e+03]
INFO |   Bounds range     [1e+00, 1e+00]
INFO |   RHS range        [6e-01, 5e+06]
INFO | 
INFO | MIP start from previous solve did not produce a new incumbent solution
INFO | MIP start from previous solve violates constraint x768 by 0.025000000
INFO | 
INFO | Found heuristic solution: objective 4545042.2427
INFO | Presolve removed 98 rows and 536 columns
INFO | Presolve time: 0.01s
INFO | Presolved: 71 rows, 63 columns, 1243 nonzeros
INFO | Variable types: 1 continuous, 62 integer (62 binary)
INFO | 
INFO | Root relaxation: objective 2.939494e+04, 47 iterations, 0.00 seconds (0.00 work units)
INFO | 
INFO |     Nodes    |    Current Node    |     Objective Bounds      |     Work
INFO |  Expl Unexpl |  Obj  Depth IntInf | Incumbent    BestBd   Gap | It/Node Time
INFO | 
INFO |      0     0 29394.9445    0   22 4545042.24 29394.9445  99.4%     -    0s
INFO | H    0     0                    69135.910764 29394.9445  57.5%     -    0s
INFO | H    0     0                    62452.885664 29394.9445  52.9%     -    0s
INFO | H    0     0                    33125.829500 29394.9445  11.3%     -    0s
INFO | H    0     0                    32832.479500 29394.9445  10.5%     -    0s
INFO | H    0     0                    32142.492000 29394.9445  8.55%     -    0s
INFO |      0     0 32142.4920    0   18 32142.4920 32142.4920  0.00%     -    0s
INFO | 
INFO | Cutting planes:
INFO |   Cover: 4
INFO |   MIR: 3
INFO |   GUB cover: 4
INFO | 
INFO | Explored 1 nodes (76 simplex iterations) in 0.02 seconds (0.01 work units)
INFO | Thread count was 10 (of 10 available processors)
INFO | 
INFO | Solution count 6: 32142.5 32832.5 33125.8 ... 4.54504e+06
INFO | 
INFO | Optimal solution found (tolerance 1.00e-04)
INFO | Best objective 3.214249200000e+04, best bound 3.214249200000e+04, gap 0.0000%
INFO | Set parameter InfUnbdInfo to value 1
INFO | Set parameter DualReductions to value 0
INFO | Set parameter QCPDual to value 1
INFO | Gurobi Optimizer version 13.0.0 build v13.0.0rc1 (mac64[rosetta2] - Darwin 25.5.0 25F84)
INFO | 
INFO | CPU model: Apple M1 Max
INFO | Thread count: 10 physical cores, 10 logical processors, using up to 10 threads
INFO | 
INFO | Non-default parameters:
INFO | DualReductions  0
INFO | InfUnbdInfo  1
INFO | LogToConsole  0
INFO | QCPDual  1
INFO | 
INFO | Optimize a model with 1448 rows, 598 columns and 3523 nonzeros (Min)
INFO | Model fingerprint: 0xd11f89f4
INFO | Model has 152 linear objective coefficients and an objective constant of 1.2097392000000003e+04
INFO | Coefficient statistics:
INFO |   Matrix range     [2e-02, 2e+03]
INFO |   Objective range  [1e+00, 4e+05]
INFO |   Bounds range     [1e+00, 1e+00]
INFO |   RHS range        [3e-02, 1e+01]
INFO | Presolve time: 0.00s
INFO | Presolved: 148 rows, 170 columns, 649 nonzeros
INFO | 
INFO | Iteration    Objective       Primal Inf.    Dual Inf.      Time
INFO |        0    2.8091071e+04   5.270384e+01   0.000000e+00      0s
INFO |      106    6.9552551e+04   0.000000e+00   0.000000e+00      0s
INFO | 
INFO | Solved in 106 iterations and 0.00 seconds (0.00 work units)
INFO | Optimal objective  6.955255052e+04
  --- Benders iteration 37  cuts_added=1  cuts_total=37  ---
INFO | Gurobi Optimizer version 13.0.0 build v13.0.0rc1 (mac64[rosetta2] - Darwin 25.5.0 25F84)
INFO | 
INFO | CPU model: Apple M1 Max
INFO | Thread count: 10 physical cores, 10 logical processors, using up to 10 threads
INFO | 
INFO | Non-default parameters:
INFO | LogToConsole  0
INFO | 
INFO | Optimize a model with 170 rows, 599 columns and 2740 nonzeros (Min)
INFO | Model fingerprint: 0x708d2f72
INFO | Model has 21 linear objective coefficients and an objective constant of 1.2097392000000003e+04
INFO | Variable types: 473 continuous, 126 integer (126 binary)
INFO | Coefficient statistics:
INFO |   Matrix range     [2e-02, 4e+06]
INFO |   Objective range  [1e+00, 3e+03]
INFO |   Bounds range     [1e+00, 1e+00]
INFO |   RHS range        [6e-01, 5e+06]
INFO | 
INFO | MIP start from previous solve produced solution with objective 89597.7 (0.00s)
INFO | Loaded MIP start from previous solve with objective 89597.7
INFO | 
INFO | Presolve removed 98 rows and 536 columns
INFO | Presolve time: 0.01s
INFO | Presolved: 72 rows, 63 columns, 1288 nonzeros
INFO | Variable types: 1 continuous, 62 integer (62 binary)
INFO | 
INFO | Root relaxation: objective 2.939494e+04, 47 iterations, 0.00 seconds (0.00 work units)
INFO | 
INFO |     Nodes    |    Current Node    |     Objective Bounds      |     Work
INFO |  Expl Unexpl |  Obj  Depth IntInf | Incumbent    BestBd   Gap | It/Node Time
INFO | 
INFO |      0     0 29394.9445    0   22 89597.6505 29394.9445  67.2%     -    0s
INFO | H    0     0                    38054.429500 29394.9445  22.8%     -    0s
INFO | H    0     0                    32832.479500 29394.9445  10.5%     -    0s
INFO | H    0     0                    32682.479500 29394.9445  10.1%     -    0s
INFO | H    0     0                    32292.492000 29394.9445  8.97%     -    0s
INFO |      0     0 31953.1420    0   18 32292.4920 31953.1420  1.05%     -    0s
INFO |      0     0 32292.4920    0   20 32292.4920 32292.4920  0.00%     -    0s
INFO | 
INFO | Cutting planes:
INFO |   Gomory: 1
INFO |   Cover: 1
INFO |   MIR: 2
INFO |   GUB cover: 2
INFO |   RLT: 1
INFO | 
INFO | Explored 1 nodes (83 simplex iterations) in 0.02 seconds (0.02 work units)
INFO | Thread count was 10 (of 10 available processors)
INFO | 
INFO | Solution count 5: 32292.5 32682.5 32832.5 ... 89597.7
INFO | 
INFO | Optimal solution found (tolerance 1.00e-04)
INFO | Best objective 3.229249200000e+04, best bound 3.229249200000e+04, gap 0.0000%
INFO | Set parameter InfUnbdInfo to value 1
INFO | Set parameter DualReductions to value 0
INFO | Set parameter QCPDual to value 1
INFO | Gurobi Optimizer version 13.0.0 build v13.0.0rc1 (mac64[rosetta2] - Darwin 25.5.0 25F84)
INFO | 
INFO | CPU model: Apple M1 Max
INFO | Thread count: 10 physical cores, 10 logical processors, using up to 10 threads
INFO | 
INFO | Non-default parameters:
INFO | DualReductions  0
INFO | InfUnbdInfo  1
INFO | LogToConsole  0
INFO | QCPDual  1
INFO | 
INFO | Optimize a model with 1448 rows, 598 columns and 3523 nonzeros (Min)
INFO | Model fingerprint: 0xb0036f26
INFO | Model has 152 linear objective coefficients and an objective constant of 1.2097392000000003e+04
INFO | Coefficient statistics:
INFO |   Matrix range     [2e-02, 2e+03]
INFO |   Objective range  [1e+00, 4e+05]
INFO |   Bounds range     [1e+00, 1e+00]
INFO |   RHS range        [3e-02, 1e+01]
INFO | Presolve time: 0.00s
INFO | Presolved: 163 rows, 190 columns, 742 nonzeros
INFO | 
INFO | Iteration    Objective       Primal Inf.    Dual Inf.      Time
INFO |        0    1.3907043e+04   5.463957e+01   0.000000e+00      0s
INFO |      122    6.2857301e+04   0.000000e+00   0.000000e+00      0s
INFO | 
INFO | Solved in 122 iterations and 0.00 seconds (0.00 work units)
INFO | Optimal objective  6.285730054e+04
  --- Benders iteration 38  cuts_added=1  cuts_total=38  ---
INFO | Gurobi Optimizer version 13.0.0 build v13.0.0rc1 (mac64[rosetta2] - Darwin 25.5.0 25F84)
INFO | 
INFO | CPU model: Apple M1 Max
INFO | Thread count: 10 physical cores, 10 logical processors, using up to 10 threads
INFO | 
INFO | Non-default parameters:
INFO | LogToConsole  0
INFO | 
INFO | Optimize a model with 171 rows, 599 columns and 2833 nonzeros (Min)
INFO | Model fingerprint: 0x2164b117
INFO | Model has 21 linear objective coefficients and an objective constant of 1.2097392000000003e+04
INFO | Variable types: 473 continuous, 126 integer (126 binary)
INFO | Coefficient statistics:
INFO |   Matrix range     [2e-02, 4e+06]
INFO |   Objective range  [1e+00, 3e+03]
INFO |   Bounds range     [1e+00, 1e+00]
INFO |   RHS range        [6e-01, 5e+06]
INFO | 
INFO | MIP start from previous solve produced solution with objective 83052.4 (0.00s)
INFO | MIP start from previous solve produced solution with objective 83052.4 (0.00s)
INFO | Loaded MIP start from previous solve with objective 83052.4
INFO | 
INFO | Presolve removed 98 rows and 536 columns
INFO | Presolve time: 0.01s
INFO | Presolved: 73 rows, 63 columns, 1334 nonzeros
INFO | Variable types: 1 continuous, 62 integer (62 binary)
INFO | 
INFO | Root relaxation: objective 2.939494e+04, 47 iterations, 0.00 seconds (0.00 work units)
INFO | 
INFO |     Nodes    |    Current Node    |     Objective Bounds      |     Work
INFO |  Expl Unexpl |  Obj  Depth IntInf | Incumbent    BestBd   Gap | It/Node Time
INFO | 
INFO |      0     0 29394.9445    0   22 83052.4005 29394.9445  64.6%     -    0s
INFO | H    0     0                    39044.417000 29394.9445  24.7%     -    0s
INFO | H    0     0                    32832.479500 29394.9445  10.5%     -    0s
INFO | H    0     0                    32682.479500 29394.9445  10.1%     -    0s
INFO | H    0     0                    32515.963000 29394.9445  9.60%     -    0s
INFO |      0     0 32163.4516    0   18 32515.9630 32163.4516  1.08%     -    0s
INFO |      0     0 32261.1424    0   20 32515.9630 32261.1424  0.78%     -    0s
INFO | 
INFO | Cutting planes:
INFO |   Cover: 4
INFO |   MIR: 6
INFO |   GUB cover: 4
INFO |   RLT: 2
INFO | 
INFO | Explored 1 nodes (83 simplex iterations) in 0.03 seconds (0.02 work units)
INFO | Thread count was 10 (of 10 available processors)
INFO | 
INFO | Solution count 5: 32516 32682.5 32832.5 ... 83052.4
INFO | 
INFO | Optimal solution found (tolerance 1.00e-04)
INFO | Best objective 3.251596300000e+04, best bound 3.251596300000e+04, gap 0.0000%
INFO | Set parameter InfUnbdInfo to value 1
INFO | Set parameter DualReductions to value 0
INFO | Set parameter QCPDual to value 1
INFO | Gurobi Optimizer version 13.0.0 build v13.0.0rc1 (mac64[rosetta2] - Darwin 25.5.0 25F84)
INFO | 
INFO | CPU model: Apple M1 Max
INFO | Thread count: 10 physical cores, 10 logical processors, using up to 10 threads
INFO | 
INFO | Non-default parameters:
INFO | DualReductions  0
INFO | InfUnbdInfo  1
INFO | LogToConsole  0
INFO | QCPDual  1
INFO | 
INFO | Optimize a model with 1448 rows, 598 columns and 3523 nonzeros (Min)
INFO | Model fingerprint: 0x1f6418b8
INFO | Model has 152 linear objective coefficients and an objective constant of 1.2097392000000003e+04
INFO | Coefficient statistics:
INFO |   Matrix range     [2e-02, 2e+03]
INFO |   Objective range  [1e+00, 4e+05]
INFO |   Bounds range     [1e+00, 1e+00]
INFO |   RHS range        [3e-02, 1e+01]
INFO | Presolve time: 0.00s
INFO | Presolved: 164 rows, 190 columns, 784 nonzeros
INFO | 
INFO | Iteration    Objective       Primal Inf.    Dual Inf.      Time
INFO |        0    1.4608227e+05   6.221617e+01   0.000000e+00      0s
INFO |      130    1.8875248e+05   0.000000e+00   0.000000e+00      0s
INFO | 
INFO | Solved in 130 iterations and 0.00 seconds (0.00 work units)
INFO | Optimal objective  1.887524810e+05
  --- Benders iteration 39  cuts_added=1  cuts_total=39  ---
INFO | Gurobi Optimizer version 13.0.0 build v13.0.0rc1 (mac64[rosetta2] - Darwin 25.5.0 25F84)
INFO | 
INFO | CPU model: Apple M1 Max
INFO | Thread count: 10 physical cores, 10 logical processors, using up to 10 threads
INFO | 
INFO | Non-default parameters:
INFO | LogToConsole  0
INFO | 
INFO | Optimize a model with 172 rows, 599 columns and 2923 nonzeros (Min)
INFO | Model fingerprint: 0x0cb69621
INFO | Model has 21 linear objective coefficients and an objective constant of 1.2097392000000003e+04
INFO | Variable types: 473 continuous, 126 integer (126 binary)
INFO | Coefficient statistics:
INFO |   Matrix range     [2e-02, 4e+06]
INFO |   Objective range  [1e+00, 3e+03]
INFO |   Bounds range     [1e+00, 1e+00]
INFO |   RHS range        [6e-01, 5e+06]
INFO | 
INFO | MIP start from previous solve produced solution with objective 209171 (0.00s)
INFO | Loaded MIP start from previous solve with objective 209171
INFO | 
INFO | Presolve removed 98 rows and 536 columns
INFO | Presolve time: 0.01s
INFO | Presolved: 74 rows, 63 columns, 1377 nonzeros
INFO | Variable types: 1 continuous, 62 integer (62 binary)
INFO | 
INFO | Root relaxation: objective 2.939494e+04, 47 iterations, 0.00 seconds (0.00 work units)
INFO | 
INFO |     Nodes    |    Current Node    |     Objective Bounds      |     Work
INFO |  Expl Unexpl |  Obj  Depth IntInf | Incumbent    BestBd   Gap | It/Node Time
INFO | 
INFO |      0     0 29394.9445    0   22 209171.052 29394.9445  85.9%     -    0s
INFO | H    0     0                    34232.563000 29394.9445  14.1%     -    0s
INFO | H    0     0                    32832.479500 29394.9445  10.5%     -    0s
INFO | H    0     0                    32682.479500 29394.9445  10.1%     -    0s
INFO | H    0     0                    32585.842000 29394.9445  9.79%     -    0s
INFO | H    0     0                    32550.902500 29394.9445  9.70%     -    0s
INFO |      0     0 31944.9645    0   18 32550.9025 31944.9645  1.86%     -    0s
INFO | H    0     0                    32515.963000 31944.9645  1.76%     -    0s
INFO |      0     0 32204.2732    0   20 32515.9630 32204.2732  0.96%     -    0s
INFO | 
INFO | Cutting planes:
INFO |   Cover: 4
INFO |   MIR: 6
INFO |   GUB cover: 4
INFO |   RLT: 2
INFO | 
INFO | Explored 1 nodes (82 simplex iterations) in 0.03 seconds (0.02 work units)
INFO | Thread count was 10 (of 10 available processors)
INFO | 
INFO | Solution count 7: 32516 32550.9 32585.8 ... 209171
INFO | 
INFO | Optimal solution found (tolerance 1.00e-04)
INFO | Best objective 3.251596300000e+04, best bound 3.251596300000e+04, gap 0.0000%
INFO | Set parameter InfUnbdInfo to value 1
INFO | Set parameter DualReductions to value 0
INFO | Set parameter QCPDual to value 1
INFO | Gurobi Optimizer version 13.0.0 build v13.0.0rc1 (mac64[rosetta2] - Darwin 25.5.0 25F84)
INFO | 
INFO | CPU model: Apple M1 Max
INFO | Thread count: 10 physical cores, 10 logical processors, using up to 10 threads
INFO | 
INFO | Non-default parameters:
INFO | DualReductions  0
INFO | InfUnbdInfo  1
INFO | LogToConsole  0
INFO | QCPDual  1
INFO | 
INFO | Optimize a model with 1448 rows, 598 columns and 3523 nonzeros (Min)
INFO | Model fingerprint: 0x5a2c9d6f
INFO | Model has 152 linear objective coefficients and an objective constant of 1.2097392000000003e+04
INFO | Coefficient statistics:
INFO |   Matrix range     [2e-02, 2e+03]
INFO |   Objective range  [1e+00, 4e+05]
INFO |   Bounds range     [1e+00, 1e+00]
INFO |   RHS range        [3e-02, 1e+01]
INFO | Presolve time: 0.00s
INFO | Presolved: 168 rows, 194 columns, 790 nonzeros
INFO | 
INFO | Iteration    Objective       Primal Inf.    Dual Inf.      Time
INFO |        0    1.2431640e+04   5.507981e+01   0.000000e+00      0s
INFO |      145    5.3803983e+04   0.000000e+00   0.000000e+00      0s
INFO | 
INFO | Solved in 145 iterations and 0.00 seconds (0.00 work units)
INFO | Optimal objective  5.380398345e+04
  --- Benders iteration 40  cuts_added=1  cuts_total=40  ---
INFO | Gurobi Optimizer version 13.0.0 build v13.0.0rc1 (mac64[rosetta2] - Darwin 25.5.0 25F84)
INFO | 
INFO | CPU model: Apple M1 Max
INFO | Thread count: 10 physical cores, 10 logical processors, using up to 10 threads
INFO | 
INFO | Non-default parameters:
INFO | LogToConsole  0
INFO | 
INFO | Optimize a model with 173 rows, 599 columns and 3012 nonzeros (Min)
INFO | Model fingerprint: 0x768d844b
INFO | Model has 21 linear objective coefficients and an objective constant of 1.2097392000000003e+04
INFO | Variable types: 473 continuous, 126 integer (126 binary)
INFO | Coefficient statistics:
INFO |   Matrix range     [2e-02, 4e+06]
INFO |   Objective range  [1e+00, 3e+03]
INFO |   Bounds range     [1e+00, 1e+00]
INFO |   RHS range        [6e-01, 5e+06]
INFO | 
INFO | MIP start from previous solve produced solution with objective 74222.6 (0.00s)
INFO | Loaded MIP start from previous solve with objective 74222.6
INFO | 
INFO | Presolve removed 98 rows and 536 columns
INFO | Presolve time: 0.01s
INFO | Presolved: 75 rows, 63 columns, 1418 nonzeros
INFO | Variable types: 1 continuous, 62 integer (62 binary)
INFO | 
INFO | Root relaxation: objective 2.950521e+04, 53 iterations, 0.00 seconds (0.00 work units)
INFO | 
INFO |     Nodes    |    Current Node    |     Objective Bounds      |     Work
INFO |  Expl Unexpl |  Obj  Depth IntInf | Incumbent    BestBd   Gap | It/Node Time
INFO | 
INFO |      0     0 29505.2090    0   22 74222.5545 29505.2090  60.2%     -    0s
INFO | H    0     0                    38504.429500 29505.2090  23.4%     -    0s
INFO | H    0     0                    33192.147151 29505.2090  11.1%     -    0s
INFO | H    0     0                    33152.588000 29505.2090  11.0%     -    0s
INFO | H    0     0                    32832.479500 29505.2090  10.1%     -    0s
INFO | H    0     0                    32682.479500 29505.2090  9.72%     -    0s
INFO | H    0     0                    32585.842000 29505.2090  9.45%     -    0s
INFO |      0     0 32209.8992    0   20 32585.8420 32209.8992  1.15%     -    0s
INFO |      0     0 32488.1197    0   19 32585.8420 32488.1197  0.30%     -    0s
INFO | 
INFO | Cutting planes:
INFO |   Cover: 4
INFO |   MIR: 3
INFO |   RLT: 1
INFO | 
INFO | Explored 1 nodes (90 simplex iterations) in 0.03 seconds (0.02 work units)
INFO | Thread count was 10 (of 10 available processors)
INFO | 
INFO | Solution count 7: 32585.8 32682.5 32832.5 ... 74222.6
INFO | 
INFO | Optimal solution found (tolerance 1.00e-04)
INFO | Best objective 3.258584200000e+04, best bound 3.258584200000e+04, gap 0.0000%
INFO | Set parameter InfUnbdInfo to value 1
INFO | Set parameter DualReductions to value 0
INFO | Set parameter QCPDual to value 1
INFO | Gurobi Optimizer version 13.0.0 build v13.0.0rc1 (mac64[rosetta2] - Darwin 25.5.0 25F84)
INFO | 
INFO | CPU model: Apple M1 Max
INFO | Thread count: 10 physical cores, 10 logical processors, using up to 10 threads
INFO | 
INFO | Non-default parameters:
INFO | DualReductions  0
INFO | InfUnbdInfo  1
INFO | LogToConsole  0
INFO | QCPDual  1
INFO | 
INFO | Optimize a model with 1448 rows, 598 columns and 3523 nonzeros (Min)
INFO | Model fingerprint: 0xdb7271db
INFO | Model has 152 linear objective coefficients and an objective constant of 1.2097392000000003e+04
INFO | Coefficient statistics:
INFO |   Matrix range     [2e-02, 2e+03]
INFO |   Objective range  [1e+00, 4e+05]
INFO |   Bounds range     [1e+00, 1e+00]
INFO |   RHS range        [3e-02, 1e+01]
INFO | Presolve time: 0.00s
INFO | Presolved: 163 rows, 190 columns, 775 nonzeros
INFO | 
INFO | Iteration    Objective       Primal Inf.    Dual Inf.      Time
INFO |        0    9.7215577e+04   6.254566e+01   0.000000e+00      0s
INFO |      107    1.4169165e+05   0.000000e+00   0.000000e+00      0s
INFO | 
INFO | Solved in 107 iterations and 0.00 seconds (0.00 work units)
INFO | Optimal objective  1.416916481e+05
  --- Benders iteration 41  cuts_added=1  cuts_total=41  ---
INFO | Gurobi Optimizer version 13.0.0 build v13.0.0rc1 (mac64[rosetta2] - Darwin 25.5.0 25F84)
INFO | 
INFO | CPU model: Apple M1 Max
INFO | Thread count: 10 physical cores, 10 logical processors, using up to 10 threads
INFO | 
INFO | Non-default parameters:
INFO | LogToConsole  0
INFO | 
INFO | Optimize a model with 174 rows, 599 columns and 3103 nonzeros (Min)
INFO | Model fingerprint: 0x5d064271
INFO | Model has 21 linear objective coefficients and an objective constant of 1.2097392000000003e+04
INFO | Variable types: 473 continuous, 126 integer (126 binary)
INFO | Coefficient statistics:
INFO |   Matrix range     [2e-02, 4e+06]
INFO |   Objective range  [1e+00, 3e+03]
INFO |   Bounds range     [1e+00, 1e+00]
INFO |   RHS range        [6e-01, 5e+06]
INFO | 
INFO | MIP start from previous solve produced solution with objective 162180 (0.00s)
INFO | Loaded MIP start from previous solve with objective 162180
INFO | 
INFO | Presolve removed 98 rows and 536 columns
INFO | Presolve time: 0.01s
INFO | Presolved: 76 rows, 63 columns, 1465 nonzeros
INFO | Variable types: 1 continuous, 62 integer (62 binary)
INFO | 
INFO | Root relaxation: objective 2.950521e+04, 46 iterations, 0.00 seconds (0.00 work units)
INFO | 
INFO |     Nodes    |    Current Node    |     Objective Bounds      |     Work
INFO |  Expl Unexpl |  Obj  Depth IntInf | Incumbent    BestBd   Gap | It/Node Time
INFO | 
INFO |      0     0 29505.2090    0   22 162180.098 29505.2090  81.8%     -    0s
INFO | H    0     0                    35811.804500 29505.2090  17.6%     -    0s
INFO | H    0     0                    33192.147151 29505.2090  11.1%     -    0s
INFO | H    0     0                    33152.588000 29505.2090  11.0%     -    0s
INFO | H    0     0                    32832.479500 29505.2090  10.1%     -    0s
INFO | H    0     0                    32682.479500 29505.2090  9.72%     -    0s
INFO | H    0     0                    32585.842000 29505.2090  9.45%     -    0s
INFO |      0     0 32196.3165    0   20 32585.8420 32196.3165  1.20%     -    0s
INFO |      0     0 32454.6444    0   19 32585.8420 32454.6444  0.40%     -    0s
INFO | 
INFO | Cutting planes:
INFO |   Cover: 3
INFO |   MIR: 3
INFO |   GUB cover: 1
INFO |   RLT: 1
INFO | 
INFO | Explored 1 nodes (82 simplex iterations) in 0.03 seconds (0.02 work units)
INFO | Thread count was 10 (of 10 available processors)
INFO | 
INFO | Solution count 7: 32585.8 32682.5 32832.5 ... 162180
INFO | 
INFO | Optimal solution found (tolerance 1.00e-04)
INFO | Best objective 3.258584200000e+04, best bound 3.258584200000e+04, gap 0.0000%
INFO | Set parameter InfUnbdInfo to value 1
INFO | Set parameter DualReductions to value 0
INFO | Set parameter QCPDual to value 1
INFO | Gurobi Optimizer version 13.0.0 build v13.0.0rc1 (mac64[rosetta2] - Darwin 25.5.0 25F84)
INFO | 
INFO | CPU model: Apple M1 Max
INFO | Thread count: 10 physical cores, 10 logical processors, using up to 10 threads
INFO | 
INFO | Non-default parameters:
INFO | DualReductions  0
INFO | InfUnbdInfo  1
INFO | LogToConsole  0
INFO | QCPDual  1
INFO | 
INFO | Optimize a model with 1448 rows, 598 columns and 3523 nonzeros (Min)
INFO | Model fingerprint: 0x81da8376
INFO | Model has 152 linear objective coefficients and an objective constant of 1.2097392000000003e+04
INFO | Coefficient statistics:
INFO |   Matrix range     [2e-02, 2e+03]
INFO |   Objective range  [1e+00, 4e+05]
INFO |   Bounds range     [1e+00, 1e+00]
INFO |   RHS range        [3e-02, 1e+01]
INFO | Presolve time: 0.00s
INFO | Presolved: 156 rows, 180 columns, 701 nonzeros
INFO | 
INFO | Iteration    Objective       Primal Inf.    Dual Inf.      Time
INFO |        0    1.7836624e+04   5.400661e+01   0.000000e+00      0s
INFO |      102    6.2016435e+04   0.000000e+00   0.000000e+00      0s
INFO | 
INFO | Solved in 102 iterations and 0.00 seconds (0.00 work units)
INFO | Optimal objective  6.201643513e+04
  --- Benders iteration 42  cuts_added=1  cuts_total=42  ---
INFO | Gurobi Optimizer version 13.0.0 build v13.0.0rc1 (mac64[rosetta2] - Darwin 25.5.0 25F84)
INFO | 
INFO | CPU model: Apple M1 Max
INFO | Thread count: 10 physical cores, 10 logical processors, using up to 10 threads
INFO | 
INFO | Non-default parameters:
INFO | LogToConsole  0
INFO | 
INFO | Optimize a model with 175 rows, 599 columns and 3193 nonzeros (Min)
INFO | Model fingerprint: 0xf34c1287
INFO | Model has 21 linear objective coefficients and an objective constant of 1.2097392000000003e+04
INFO | Variable types: 473 continuous, 126 integer (126 binary)
INFO | Coefficient statistics:
INFO |   Matrix range     [2e-02, 4e+06]
INFO |   Objective range  [1e+00, 3e+03]
INFO |   Bounds range     [1e+00, 1e+00]
INFO |   RHS range        [6e-01, 5e+06]
INFO | 
INFO | MIP start from previous solve produced solution with objective 82504.9 (0.00s)
INFO | Loaded MIP start from previous solve with objective 82504.9
INFO | 
INFO | Presolve removed 97 rows and 535 columns
INFO | Presolve time: 0.01s
INFO | Presolved: 78 rows, 64 columns, 1513 nonzeros
INFO | Variable types: 1 continuous, 63 integer (62 binary)
INFO | 
INFO | Root relaxation: objective 2.950562e+04, 55 iterations, 0.00 seconds (0.00 work units)
INFO | 
INFO |     Nodes    |    Current Node    |     Objective Bounds      |     Work
INFO |  Expl Unexpl |  Obj  Depth IntInf | Incumbent    BestBd   Gap | It/Node Time
INFO | 
INFO |      0     0 29505.6170    0   22 82504.8851 29505.6170  64.2%     -    0s
INFO | H    0     0                    40295.156730 29505.6170  26.8%     -    0s
INFO | H    0     0                    33222.467000 29505.6170  11.2%     -    0s
INFO | H    0     0                    33215.817000 29505.6170  11.2%     -    0s
INFO | H    0     0                    32832.479500 29505.6170  10.1%     -    0s
INFO | H    0     0                    32682.479500 29505.6170  9.72%     -    0s
INFO | H    0     0                    32585.842000 29505.6170  9.45%     -    0s
INFO |      0     0 31867.6715    0   22 32585.8420 31867.6715  2.20%     -    0s
INFO |      0     0 32364.1347    0   22 32585.8420 32364.1347  0.68%     -    0s
INFO | 
INFO | Cutting planes:
INFO |   Gomory: 1
INFO |   Cover: 4
INFO |   MIR: 7
INFO |   GUB cover: 2
INFO |   RLT: 1
INFO | 
INFO | Explored 1 nodes (93 simplex iterations) in 0.02 seconds (0.02 work units)
INFO | Thread count was 10 (of 10 available processors)
INFO | 
INFO | Solution count 7: 32585.8 32682.5 32832.5 ... 82504.9
INFO | 
INFO | Optimal solution found (tolerance 1.00e-04)
INFO | Best objective 3.258584200000e+04, best bound 3.258584200000e+04, gap 0.0000%
INFO | Set parameter InfUnbdInfo to value 1
INFO | Set parameter DualReductions to value 0
INFO | Set parameter QCPDual to value 1
INFO | Gurobi Optimizer version 13.0.0 build v13.0.0rc1 (mac64[rosetta2] - Darwin 25.5.0 25F84)
INFO | 
INFO | CPU model: Apple M1 Max
INFO | Thread count: 10 physical cores, 10 logical processors, using up to 10 threads
INFO | 
INFO | Non-default parameters:
INFO | DualReductions  0
INFO | InfUnbdInfo  1
INFO | LogToConsole  0
INFO | QCPDual  1
INFO | 
INFO | Optimize a model with 1448 rows, 598 columns and 3523 nonzeros (Min)
INFO | Model fingerprint: 0x1a827840
INFO | Model has 152 linear objective coefficients and an objective constant of 1.2097392000000003e+04
INFO | Coefficient statistics:
INFO |   Matrix range     [2e-02, 2e+03]
INFO |   Objective range  [1e+00, 4e+05]
INFO |   Bounds range     [1e+00, 1e+00]
INFO |   RHS range        [3e-02, 1e+01]
INFO | Presolve time: 0.00s
INFO | Presolved: 165 rows, 190 columns, 774 nonzeros
INFO | 
INFO | Iteration    Objective       Primal Inf.    Dual Inf.      Time
INFO |        0    1.5351889e+04   5.447909e+01   0.000000e+00      0s
INFO |      113    6.0353276e+04   0.000000e+00   0.000000e+00      0s
INFO | 
INFO | Solved in 113 iterations and 0.00 seconds (0.00 work units)
INFO | Optimal objective  6.035327606e+04
  --- Benders iteration 43  cuts_added=1  cuts_total=43  ---
INFO | Gurobi Optimizer version 13.0.0 build v13.0.0rc1 (mac64[rosetta2] - Darwin 25.5.0 25F84)
INFO | 
INFO | CPU model: Apple M1 Max
INFO | Thread count: 10 physical cores, 10 logical processors, using up to 10 threads
INFO | 
INFO | Non-default parameters:
INFO | LogToConsole  0
INFO | 
INFO | Optimize a model with 176 rows, 599 columns and 3286 nonzeros (Min)
INFO | Model fingerprint: 0x44780c75
INFO | Model has 21 linear objective coefficients and an objective constant of 1.2097392000000003e+04
INFO | Variable types: 473 continuous, 126 integer (126 binary)
INFO | Coefficient statistics:
INFO |   Matrix range     [2e-02, 4e+06]
INFO |   Objective range  [1e+00, 3e+03]
INFO |   Bounds range     [1e+00, 1e+00]
INFO |   RHS range        [6e-01, 5e+06]
INFO | 
INFO | MIP start from previous solve produced solution with objective 80841.7 (0.00s)
INFO | Loaded MIP start from previous solve with objective 80841.7
INFO | 
INFO | Presolve removed 97 rows and 535 columns
INFO | Presolve time: 0.01s
INFO | Presolved: 79 rows, 64 columns, 1559 nonzeros
INFO | Variable types: 1 continuous, 63 integer (62 binary)
INFO | 
INFO | Root relaxation: objective 2.968597e+04, 50 iterations, 0.00 seconds (0.00 work units)
INFO | 
INFO |     Nodes    |    Current Node    |     Objective Bounds      |     Work
INFO |  Expl Unexpl |  Obj  Depth IntInf | Incumbent    BestBd   Gap | It/Node Time
INFO | 
INFO |      0     0 29685.9650    0   21 80841.7261 29685.9650  63.3%     -    0s
INFO | H    0     0                    61157.266957 29685.9650  51.5%     -    0s
INFO | H    0     0                    59760.910764 29685.9650  50.3%     -    0s
INFO | H    0     0                    38177.842577 29685.9650  22.2%     -    0s
INFO | H    0     0                    34048.492000 29685.9650  12.8%     -    0s
INFO | H    0     0                    33519.142000 29685.9650  11.4%     -    0s
INFO | H    0     0                    33222.467000 29685.9650  10.6%     -    0s
INFO | H    0     0                    32682.479500 29685.9650  9.17%     -    0s
INFO | H    0     0                    32675.829500 29685.9650  9.15%     -    0s
INFO |      0     0 32052.1482    0   15 32675.8295 32052.1482  1.91%     -    0s
INFO |      0     0 32251.9063    0   20 32675.8295 32251.9063  1.30%     -    0s
INFO | H    0     0                    32647.540000 32251.9063  1.21%     -    0s
INFO | 
INFO | Cutting planes:
INFO |   Gomory: 2
INFO |   Cover: 4
INFO |   MIR: 4
INFO |   GUB cover: 2
INFO |   RLT: 1
INFO | 
INFO | Explored 1 nodes (69 simplex iterations) in 0.02 seconds (0.02 work units)
INFO | Thread count was 10 (of 10 available processors)
INFO | 
INFO | Solution count 10: 32647.5 32675.8 32682.5 ... 80841.7
INFO | 
INFO | Optimal solution found (tolerance 1.00e-04)
INFO | Best objective 3.264754000000e+04, best bound 3.264754000000e+04, gap 0.0000%
INFO | Set parameter InfUnbdInfo to value 1
INFO | Set parameter DualReductions to value 0
INFO | Set parameter QCPDual to value 1
INFO | Gurobi Optimizer version 13.0.0 build v13.0.0rc1 (mac64[rosetta2] - Darwin 25.5.0 25F84)
INFO | 
INFO | CPU model: Apple M1 Max
INFO | Thread count: 10 physical cores, 10 logical processors, using up to 10 threads
INFO | 
INFO | Non-default parameters:
INFO | DualReductions  0
INFO | InfUnbdInfo  1
INFO | LogToConsole  0
INFO | QCPDual  1
INFO | 
INFO | Optimize a model with 1448 rows, 598 columns and 3523 nonzeros (Min)
INFO | Model fingerprint: 0xcd215ea3
INFO | Model has 152 linear objective coefficients and an objective constant of 1.2097392000000003e+04
INFO | Coefficient statistics:
INFO |   Matrix range     [2e-02, 2e+03]
INFO |   Objective range  [1e+00, 4e+05]
INFO |   Bounds range     [1e+00, 1e+00]
INFO |   RHS range        [3e-02, 1e+01]
INFO | Presolve time: 0.00s
INFO | Presolved: 162 rows, 190 columns, 766 nonzeros
INFO | 
INFO | Iteration    Objective       Primal Inf.    Dual Inf.      Time
INFO |        0    1.9273164e+04   5.397903e+01   0.000000e+00      0s
INFO |      118    6.7420883e+04   0.000000e+00   0.000000e+00      0s
INFO | 
INFO | Solved in 118 iterations and 0.00 seconds (0.00 work units)
INFO | Optimal objective  6.742088292e+04
  --- Benders iteration 44  cuts_added=1  cuts_total=44  ---
INFO | Gurobi Optimizer version 13.0.0 build v13.0.0rc1 (mac64[rosetta2] - Darwin 25.5.0 25F84)
INFO | 
INFO | CPU model: Apple M1 Max
INFO | Thread count: 10 physical cores, 10 logical processors, using up to 10 threads
INFO | 
INFO | Non-default parameters:
INFO | LogToConsole  0
INFO | 
INFO | Optimize a model with 177 rows, 599 columns and 3374 nonzeros (Min)
INFO | Model fingerprint: 0x70e1535d
INFO | Model has 21 linear objective coefficients and an objective constant of 1.2097392000000003e+04
INFO | Variable types: 473 continuous, 126 integer (126 binary)
INFO | Coefficient statistics:
INFO |   Matrix range     [2e-02, 4e+06]
INFO |   Objective range  [1e+00, 3e+03]
INFO |   Bounds range     [1e+00, 1e+00]
INFO |   RHS range        [6e-01, 5e+06]
INFO | 
INFO | MIP start from previous solve produced solution with objective 87971 (0.00s)
INFO | Loaded MIP start from previous solve with objective 87971
INFO | 
INFO | Presolve removed 97 rows and 535 columns
INFO | Presolve time: 0.01s
INFO | Presolved: 80 rows, 64 columns, 1599 nonzeros
INFO | Variable types: 1 continuous, 63 integer (62 binary)
INFO | 
INFO | Root relaxation: objective 2.970577e+04, 45 iterations, 0.00 seconds (0.00 work units)
INFO | 
INFO |     Nodes    |    Current Node    |     Objective Bounds      |     Work
INFO |  Expl Unexpl |  Obj  Depth IntInf | Incumbent    BestBd   Gap | It/Node Time
INFO | 
INFO |      0     0 29705.7717    0   14 87971.0309 29705.7717  66.2%     -    0s
INFO | H    0     0                    33372.467000 29705.7717  11.0%     -    0s
INFO | H    0     0                    33219.142000 29705.7717  10.6%     -    0s
INFO | H    0     0                    33145.938000 29705.7717  10.4%     -    0s
INFO | H    0     0                    32832.479500 29705.7717  9.52%     -    0s
INFO | H    0     0                    32675.829500 31722.1649  2.92%     -    0s
INFO |      0     0 31751.5601    0   20 32675.8295 31751.5601  2.83%     -    0s
INFO |      0     0 32163.4516    0   20 32675.8295 32163.4516  1.57%     -    0s
INFO |      0     0 32366.4885    0   21 32675.8295 32366.4885  0.95%     -    0s
INFO | 
INFO | Cutting planes:
INFO |   Gomory: 3
INFO |   Cover: 5
INFO |   MIR: 3
INFO |   GUB cover: 3
INFO |   RLT: 1
INFO | 
INFO | Explored 1 nodes (74 simplex iterations) in 0.02 seconds (0.02 work units)
INFO | Thread count was 10 (of 10 available processors)
INFO | 
INFO | Solution count 6: 32675.8 32832.5 33145.9 ... 87971
INFO | 
INFO | Optimal solution found (tolerance 1.00e-04)
INFO | Best objective 3.267582950000e+04, best bound 3.267582950000e+04, gap 0.0000%
INFO | Set parameter InfUnbdInfo to value 1
INFO | Set parameter DualReductions to value 0
INFO | Set parameter QCPDual to value 1
INFO | Gurobi Optimizer version 13.0.0 build v13.0.0rc1 (mac64[rosetta2] - Darwin 25.5.0 25F84)
INFO | 
INFO | CPU model: Apple M1 Max
INFO | Thread count: 10 physical cores, 10 logical processors, using up to 10 threads
INFO | 
INFO | Non-default parameters:
INFO | DualReductions  0
INFO | InfUnbdInfo  1
INFO | LogToConsole  0
INFO | QCPDual  1
INFO | 
INFO | Optimize a model with 1448 rows, 598 columns and 3523 nonzeros (Min)
INFO | Model fingerprint: 0xb5952fae
INFO | Model has 152 linear objective coefficients and an objective constant of 1.2097392000000003e+04
INFO | Coefficient statistics:
INFO |   Matrix range     [2e-02, 2e+03]
INFO |   Objective range  [1e+00, 4e+05]
INFO |   Bounds range     [1e+00, 1e+00]
INFO |   RHS range        [3e-02, 1e+01]
INFO | Presolve time: 0.00s
INFO | Presolved: 166 rows, 189 columns, 752 nonzeros
INFO | 
INFO | Iteration    Objective       Primal Inf.    Dual Inf.      Time
INFO |        0    1.9977455e+04   5.315520e+01   0.000000e+00      0s
INFO |      125    6.3976424e+04   0.000000e+00   0.000000e+00      0s
INFO | 
INFO | Solved in 125 iterations and 0.00 seconds (0.00 work units)
INFO | Optimal objective  6.397642356e+04
  --- Benders iteration 45  cuts_added=1  cuts_total=45  ---
INFO | Gurobi Optimizer version 13.0.0 build v13.0.0rc1 (mac64[rosetta2] - Darwin 25.5.0 25F84)
INFO | 
INFO | CPU model: Apple M1 Max
INFO | Thread count: 10 physical cores, 10 logical processors, using up to 10 threads
INFO | 
INFO | Non-default parameters:
INFO | LogToConsole  0
INFO | 
INFO | Optimize a model with 178 rows, 599 columns and 3469 nonzeros (Min)
INFO | Model fingerprint: 0x780f2822
INFO | Model has 21 linear objective coefficients and an objective constant of 1.2097392000000003e+04
INFO | Variable types: 473 continuous, 126 integer (126 binary)
INFO | Coefficient statistics:
INFO |   Matrix range     [2e-02, 4e+06]
INFO |   Objective range  [1e+00, 3e+03]
INFO |   Bounds range     [1e+00, 1e+00]
INFO |   RHS range        [6e-01, 5e+06]
INFO | 
INFO | MIP start from previous solve produced solution with objective 84554.9 (0.00s)
INFO | Loaded MIP start from previous solve with objective 84554.9
INFO | 
INFO | Presolve removed 97 rows and 535 columns
INFO | Presolve time: 0.01s
INFO | Presolved: 81 rows, 64 columns, 1641 nonzeros
INFO | Variable types: 1 continuous, 63 integer (62 binary)
INFO | 
INFO | Root relaxation: objective 2.970577e+04, 45 iterations, 0.00 seconds (0.00 work units)
INFO | 
INFO |     Nodes    |    Current Node    |     Objective Bounds      |     Work
INFO |  Expl Unexpl |  Obj  Depth IntInf | Incumbent    BestBd   Gap | It/Node Time
INFO | 
INFO |      0     0 29705.7717    0   14 84554.8611 29705.7717  64.9%     -    0s
INFO | H    0     0                    35908.442000 29705.7717  17.3%     -    0s
INFO | H    0     0                    33372.467000 29705.7717  11.0%     -    0s
INFO | H    0     0                    33219.142000 29705.7717  10.6%     -    0s
INFO | H    0     0                    32832.479500 29705.7717  9.52%     -    0s
INFO | H    0     0                    32679.154500 31564.5032  3.41%     -    0s
INFO |      0     0 31750.1455    0   21 32679.1545 31750.1455  2.84%     -    0s
INFO |      0     0 32163.4516    0   23 32679.1545 32163.4516  1.58%     -    0s
INFO | 
INFO | Cutting planes:
INFO |   Gomory: 3
INFO |   Cover: 4
INFO |   MIR: 3
INFO |   GUB cover: 5
INFO | 
INFO | Explored 1 nodes (71 simplex iterations) in 0.02 seconds (0.02 work units)
INFO | Thread count was 10 (of 10 available processors)
INFO | 
INFO | Solution count 6: 32679.2 32832.5 33219.1 ... 84554.9
INFO | 
INFO | Optimal solution found (tolerance 1.00e-04)
INFO | Best objective 3.267915450000e+04, best bound 3.267915450000e+04, gap 0.0000%
INFO | Set parameter InfUnbdInfo to value 1
INFO | Set parameter DualReductions to value 0
INFO | Set parameter QCPDual to value 1
INFO | Gurobi Optimizer version 13.0.0 build v13.0.0rc1 (mac64[rosetta2] - Darwin 25.5.0 25F84)
INFO | 
INFO | CPU model: Apple M1 Max
INFO | Thread count: 10 physical cores, 10 logical processors, using up to 10 threads
INFO | 
INFO | Non-default parameters:
INFO | DualReductions  0
INFO | InfUnbdInfo  1
INFO | LogToConsole  0
INFO | QCPDual  1
INFO | 
INFO | Optimize a model with 1448 rows, 598 columns and 3523 nonzeros (Min)
INFO | Model fingerprint: 0x3968a9c2
INFO | Model has 152 linear objective coefficients and an objective constant of 1.2097392000000003e+04
INFO | Coefficient statistics:
INFO |   Matrix range     [2e-02, 2e+03]
INFO |   Objective range  [1e+00, 4e+05]
INFO |   Bounds range     [1e+00, 1e+00]
INFO |   RHS range        [3e-02, 1e+01]
INFO | Presolve time: 0.00s
INFO | Presolved: 160 rows, 185 columns, 712 nonzeros
INFO | 
INFO | Iteration    Objective       Primal Inf.    Dual Inf.      Time
INFO |        0    1.1701207e+06   5.341757e+01   0.000000e+00      0s
INFO |       96    1.2149950e+06   0.000000e+00   0.000000e+00      0s
INFO | 
INFO | Solved in 96 iterations and 0.00 seconds (0.00 work units)
INFO | Optimal objective  1.214995020e+06
  --- Benders iteration 46  cuts_added=1  cuts_total=46  ---
INFO | Gurobi Optimizer version 13.0.0 build v13.0.0rc1 (mac64[rosetta2] - Darwin 25.5.0 25F84)
INFO | 
INFO | CPU model: Apple M1 Max
INFO | Thread count: 10 physical cores, 10 logical processors, using up to 10 threads
INFO | 
INFO | Non-default parameters:
INFO | LogToConsole  0
INFO | 
INFO | Optimize a model with 179 rows, 599 columns and 3564 nonzeros (Min)
INFO | Model fingerprint: 0x7af5743c
INFO | Model has 21 linear objective coefficients and an objective constant of 1.2097392000000003e+04
INFO | Variable types: 473 continuous, 126 integer (126 binary)
INFO | Coefficient statistics:
INFO |   Matrix range     [2e-02, 4e+06]
INFO |   Objective range  [1e+00, 3e+03]
INFO |   Bounds range     [1e+00, 1e+00]
INFO |   RHS range        [6e-01, 5e+06]
INFO | 
INFO | MIP start from previous solve produced solution with objective 1.23558e+06 (0.00s)
INFO | MIP start from previous solve produced solution with objective 1.23558e+06 (0.00s)
INFO | Loaded MIP start from previous solve with objective 1.23558e+06
INFO | 
INFO | Presolve removed 97 rows and 535 columns
INFO | Presolve time: 0.01s
INFO | Presolved: 82 rows, 64 columns, 1689 nonzeros
INFO | Variable types: 1 continuous, 63 integer (62 binary)
INFO | 
INFO | Root relaxation: objective 2.976246e+04, 47 iterations, 0.00 seconds (0.00 work units)
INFO | 
INFO |     Nodes    |    Current Node    |     Objective Bounds      |     Work
INFO |  Expl Unexpl |  Obj  Depth IntInf | Incumbent    BestBd   Gap | It/Node Time
INFO | 
INFO |      0     0 29762.4593    0   15 1235576.78 29762.4593  97.6%     -    0s
INFO | H    0     0                    33372.467000 29762.4593  10.8%     -    0s
INFO | H    0     0                    33222.467000 29762.4593  10.4%     -    0s
INFO |      0     0 31670.4200    0   22 33222.4670 31670.4200  4.67%     -    0s
INFO |      0     0 31692.8752    0   24 33222.4670 31692.8752  4.60%     -    0s
INFO | H    0     0                    32832.479500 31692.8752  3.47%     -    0s
INFO | H    0     0                    32797.540000 31692.8752  3.37%     -    0s
INFO | 
INFO | Cutting planes:
INFO |   Gomory: 2
INFO |   Cover: 3
INFO |   MIR: 4
INFO |   GUB cover: 4
INFO |   RLT: 1
INFO | 
INFO | Explored 1 nodes (70 simplex iterations) in 0.02 seconds (0.02 work units)
INFO | Thread count was 10 (of 10 available processors)
INFO | 
INFO | Solution count 5: 32797.5 32832.5 33222.5 ... 1.23558e+06
INFO | 
INFO | Optimal solution found (tolerance 1.00e-04)
INFO | Best objective 3.279754000000e+04, best bound 3.279754000000e+04, gap 0.0000%
INFO | Set parameter InfUnbdInfo to value 1
INFO | Set parameter DualReductions to value 0
INFO | Set parameter QCPDual to value 1
INFO | Gurobi Optimizer version 13.0.0 build v13.0.0rc1 (mac64[rosetta2] - Darwin 25.5.0 25F84)
INFO | 
INFO | CPU model: Apple M1 Max
INFO | Thread count: 10 physical cores, 10 logical processors, using up to 10 threads
INFO | 
INFO | Non-default parameters:
INFO | DualReductions  0
INFO | InfUnbdInfo  1
INFO | LogToConsole  0
INFO | QCPDual  1
INFO | 
INFO | Optimize a model with 1448 rows, 598 columns and 3523 nonzeros (Min)
INFO | Model fingerprint: 0xbc506e45
INFO | Model has 152 linear objective coefficients and an objective constant of 1.2097392000000003e+04
INFO | Coefficient statistics:
INFO |   Matrix range     [2e-02, 2e+03]
INFO |   Objective range  [1e+00, 4e+05]
INFO |   Bounds range     [1e+00, 1e+00]
INFO |   RHS range        [3e-02, 1e+01]
INFO | Presolve time: 0.00s
INFO | Presolved: 166 rows, 191 columns, 751 nonzeros
INFO | 
INFO | Iteration    Objective       Primal Inf.    Dual Inf.      Time
INFO |        0    1.4608880e+04   5.406779e+01   0.000000e+00      0s
INFO |      144    6.0287952e+04   0.000000e+00   0.000000e+00      0s
INFO | 
INFO | Solved in 144 iterations and 0.00 seconds (0.00 work units)
INFO | Optimal objective  6.028795196e+04
  --- Benders iteration 47  cuts_added=1  cuts_total=47  ---
INFO | Gurobi Optimizer version 13.0.0 build v13.0.0rc1 (mac64[rosetta2] - Darwin 25.5.0 25F84)
INFO | 
INFO | CPU model: Apple M1 Max
INFO | Thread count: 10 physical cores, 10 logical processors, using up to 10 threads
INFO | 
INFO | Non-default parameters:
INFO | LogToConsole  0
INFO | 
INFO | Optimize a model with 180 rows, 599 columns and 3657 nonzeros (Min)
INFO | Model fingerprint: 0xa823614e
INFO | Model has 21 linear objective coefficients and an objective constant of 1.2097392000000003e+04
INFO | Variable types: 473 continuous, 126 integer (126 binary)
INFO | Coefficient statistics:
INFO |   Matrix range     [2e-02, 4e+06]
INFO |   Objective range  [1e+00, 3e+03]
INFO |   Bounds range     [1e+00, 1e+00]
INFO |   RHS range        [6e-01, 5e+06]
INFO | 
INFO | MIP start from previous solve produced solution with objective 80988.1 (0.00s)
INFO | Loaded MIP start from previous solve with objective 80988.1
INFO | 
INFO | Presolve removed 96 rows and 535 columns
INFO | Presolve time: 0.01s
INFO | Presolved: 84 rows, 64 columns, 1739 nonzeros
INFO | Variable types: 1 continuous, 63 integer (62 binary)
INFO | 
INFO | Root relaxation: objective 2.976246e+04, 44 iterations, 0.00 seconds (0.00 work units)
INFO | 
INFO |     Nodes    |    Current Node    |     Objective Bounds      |     Work
INFO |  Expl Unexpl |  Obj  Depth IntInf | Incumbent    BestBd   Gap | It/Node Time
INFO | 
INFO |      0     0 29762.4593    0   15 80988.1000 29762.4593  63.3%     -    0s
INFO | H    0     0                    39044.417000 29762.4593  23.8%     -    0s
INFO | H    0     0                    36154.534238 29762.4593  17.7%     -    0s
INFO | H    0     0                    36113.170602 29762.4593  17.6%     -    0s
INFO | H    0     0                    33665.817000 29762.4593  11.6%     -    0s
INFO | H    0     0                    33372.467000 29762.4593  10.8%     -    0s
INFO |      0     0 30685.0511    0   22 33372.4670 30685.0511  8.05%     -    0s
INFO | H    0     0                    33222.467000 30842.5050  7.16%     -    0s
INFO |      0     0 31691.1905    0   23 33222.4670 31691.1905  4.61%     -    0s
INFO | H    0     0                    32832.479500 31691.1905  3.48%     -    0s
INFO | 
INFO | Cutting planes:
INFO |   Gomory: 3
INFO |   Cover: 4
INFO |   MIR: 3
INFO |   GUB cover: 4
INFO | 
INFO | Explored 1 nodes (67 simplex iterations) in 0.02 seconds (0.02 work units)
INFO | Thread count was 10 (of 10 available processors)
INFO | 
INFO | Solution count 8: 32832.5 33222.5 33372.5 ... 80988.1
INFO | 
INFO | Optimal solution found (tolerance 1.00e-04)
INFO | Best objective 3.283247950000e+04, best bound 3.283247950000e+04, gap 0.0000%
INFO | Set parameter InfUnbdInfo to value 1
INFO | Set parameter DualReductions to value 0
INFO | Set parameter QCPDual to value 1
INFO | Gurobi Optimizer version 13.0.0 build v13.0.0rc1 (mac64[rosetta2] - Darwin 25.5.0 25F84)
INFO | 
INFO | CPU model: Apple M1 Max
INFO | Thread count: 10 physical cores, 10 logical processors, using up to 10 threads
INFO | 
INFO | Non-default parameters:
INFO | DualReductions  0
INFO | InfUnbdInfo  1
INFO | LogToConsole  0
INFO | QCPDual  1
INFO | 
INFO | Optimize a model with 1448 rows, 598 columns and 3523 nonzeros (Min)
INFO | Model fingerprint: 0xb1a9ccf1
INFO | Model has 152 linear objective coefficients and an objective constant of 1.2097392000000003e+04
INFO | Coefficient statistics:
INFO |   Matrix range     [2e-02, 2e+03]
INFO |   Objective range  [1e+00, 4e+05]
INFO |   Bounds range     [1e+00, 1e+00]
INFO |   RHS range        [3e-02, 1e+01]
INFO | Presolve time: 0.00s
INFO | Presolved: 176 rows, 203 columns, 829 nonzeros
INFO | 
INFO | Iteration    Objective       Primal Inf.    Dual Inf.      Time
INFO |        0    1.2204392e+04   5.462984e+01   0.000000e+00      0s
INFO |      142    5.7744495e+04   0.000000e+00   0.000000e+00      0s
INFO | 
INFO | Solved in 142 iterations and 0.00 seconds (0.00 work units)
INFO | Optimal objective  5.774449496e+04
  --- Benders iteration 48  cuts_added=1  cuts_total=48  ---
INFO | Gurobi Optimizer version 13.0.0 build v13.0.0rc1 (mac64[rosetta2] - Darwin 25.5.0 25F84)
INFO | 
INFO | CPU model: Apple M1 Max
INFO | Thread count: 10 physical cores, 10 logical processors, using up to 10 threads
INFO | 
INFO | Non-default parameters:
INFO | LogToConsole  0
INFO | 
INFO | Optimize a model with 181 rows, 599 columns and 3749 nonzeros (Min)
INFO | Model fingerprint: 0xb5e03804
INFO | Model has 21 linear objective coefficients and an objective constant of 1.2097392000000003e+04
INFO | Variable types: 473 continuous, 126 integer (126 binary)
INFO | Coefficient statistics:
INFO |   Matrix range     [2e-02, 4e+06]
INFO |   Objective range  [1e+00, 3e+03]
INFO |   Bounds range     [1e+00, 1e+00]
INFO |   RHS range        [6e-01, 5e+06]
INFO | 
INFO | MIP start from previous solve produced solution with objective 78479.6 (0.00s)
INFO | Loaded MIP start from previous solve with objective 78479.6
INFO | 
INFO | Presolve removed 96 rows and 535 columns
INFO | Presolve time: 0.01s
INFO | Presolved: 85 rows, 64 columns, 1783 nonzeros
INFO | Variable types: 1 continuous, 63 integer (62 binary)
INFO | 
INFO | Root relaxation: objective 3.001110e+04, 53 iterations, 0.00 seconds (0.00 work units)
INFO | 
INFO |     Nodes    |    Current Node    |     Objective Bounds      |     Work
INFO |  Expl Unexpl |  Obj  Depth IntInf | Incumbent    BestBd   Gap | It/Node Time
INFO | 
INFO |      0     0 30011.1043    0   21 78479.5825 30011.1043  61.8%     -    0s
INFO | H    0     0                    36884.467000 30011.1043  18.6%     -    0s
INFO | H    0     0                    33745.167000 30011.1043  11.1%     -    0s
INFO | H    0     0                    33630.877500 30011.1043  10.8%     -    0s
INFO | H    0     0                    33519.142000 30011.1043  10.5%     -    0s
INFO | H    0     0                    32979.154500 30011.1043  9.00%     -    0s
INFO |      0     0 32230.5250    0   28 32979.1545 32230.5250  2.27%     -    0s
INFO |      0     0 32979.1545    0   28 32979.1545 32979.1545  0.00%     -    0s
INFO | 
INFO | Cutting planes:
INFO |   Gomory: 1
INFO |   Cover: 1
INFO |   Implied bound: 1
INFO |   MIR: 1
INFO |   RLT: 1
INFO | 
INFO | Explored 1 nodes (77 simplex iterations) in 0.02 seconds (0.01 work units)
INFO | Thread count was 10 (of 10 available processors)
INFO | 
INFO | Solution count 6: 32979.2 33519.1 33630.9 ... 78479.6
INFO | 
INFO | Optimal solution found (tolerance 1.00e-04)
INFO | Best objective 3.297915450000e+04, best bound 3.297915450000e+04, gap 0.0000%
INFO | Set parameter InfUnbdInfo to value 1
INFO | Set parameter DualReductions to value 0
INFO | Set parameter QCPDual to value 1
INFO | Gurobi Optimizer version 13.0.0 build v13.0.0rc1 (mac64[rosetta2] - Darwin 25.5.0 25F84)
INFO | 
INFO | CPU model: Apple M1 Max
INFO | Thread count: 10 physical cores, 10 logical processors, using up to 10 threads
INFO | 
INFO | Non-default parameters:
INFO | DualReductions  0
INFO | InfUnbdInfo  1
INFO | LogToConsole  0
INFO | QCPDual  1
INFO | 
INFO | Optimize a model with 1448 rows, 598 columns and 3523 nonzeros (Min)
INFO | Model fingerprint: 0x07b68c67
INFO | Model has 152 linear objective coefficients and an objective constant of 1.2097392000000003e+04
INFO | Coefficient statistics:
INFO |   Matrix range     [2e-02, 2e+03]
INFO |   Objective range  [1e+00, 4e+05]
INFO |   Bounds range     [1e+00, 1e+00]
INFO |   RHS range        [3e-02, 1e+01]
INFO | Presolve time: 0.00s
INFO |        0      handle free variables                          0s
INFO | 
INFO | Solved in 391 iterations and 0.00 seconds (0.01 work units)
INFO | Infeasible model
  --- Benders iteration 49  cuts_added=1  cuts_total=49  ---
INFO | Gurobi Optimizer version 13.0.0 build v13.0.0rc1 (mac64[rosetta2] - Darwin 25.5.0 25F84)
INFO | 
INFO | CPU model: Apple M1 Max
INFO | Thread count: 10 physical cores, 10 logical processors, using up to 10 threads
INFO | 
INFO | Non-default parameters:
INFO | LogToConsole  0
INFO | 
INFO | Optimize a model with 182 rows, 599 columns and 3753 nonzeros (Min)
INFO | Model fingerprint: 0xe98590c3
INFO | Model has 21 linear objective coefficients and an objective constant of 1.2097392000000003e+04
INFO | Variable types: 473 continuous, 126 integer (126 binary)
INFO | Coefficient statistics:
INFO |   Matrix range     [2e-02, 4e+06]
INFO |   Objective range  [1e+00, 3e+03]
INFO |   Bounds range     [1e+00, 1e+00]
INFO |   RHS range        [6e-01, 5e+06]
INFO | 
INFO | MIP start from previous solve did not produce a new incumbent solution
INFO | MIP start from previous solve violates constraint x781 by 0.150000000
INFO | 
INFO | Found heuristic solution: objective 4545042.2427
INFO | Presolve removed 96 rows and 535 columns
INFO | Presolve time: 0.01s
INFO | Presolved: 86 rows, 64 columns, 1785 nonzeros
INFO | Variable types: 1 continuous, 63 integer (62 binary)
INFO | 
INFO | Root relaxation: objective 3.001110e+04, 53 iterations, 0.00 seconds (0.00 work units)
INFO | 
INFO |     Nodes    |    Current Node    |     Objective Bounds      |     Work
INFO |  Expl Unexpl |  Obj  Depth IntInf | Incumbent    BestBd   Gap | It/Node Time
INFO | 
INFO |      0     0 30011.1043    0   21 4545042.24 30011.1043  99.3%     -    0s
INFO | H    0     0                    36884.467000 30011.1043  18.6%     -    0s
INFO | H    0     0                    33745.167000 30011.1043  11.1%     -    0s
INFO | H    0     0                    33630.877500 30011.1043  10.8%     -    0s
INFO |      0     0 31983.4900    0   21 33630.8775 31983.4900  4.90%     -    0s
INFO | H    0     0                    33484.202500 31983.4900  4.48%     -    0s
INFO |      0     0 32531.3280    0   22 33484.2025 32531.3280  2.85%     -    0s
INFO | H    0     0                    32979.154500 32531.3280  1.36%     -    0s
INFO | 
INFO | Cutting planes:
INFO |   Gomory: 1
INFO |   Cover: 8
INFO |   Implied bound: 1
INFO |   Clique: 1
INFO |   MIR: 3
INFO |   GUB cover: 3
INFO |   BQP: 1
INFO | 
INFO | Explored 1 nodes (75 simplex iterations) in 0.02 seconds (0.02 work units)
INFO | Thread count was 10 (of 10 available processors)
INFO | 
INFO | Solution count 6: 32979.2 33484.2 33630.9 ... 4.54504e+06
INFO | 
INFO | Optimal solution found (tolerance 1.00e-04)
INFO | Best objective 3.297915450000e+04, best bound 3.297915450000e+04, gap 0.0000%
INFO | Set parameter InfUnbdInfo to value 1
INFO | Set parameter DualReductions to value 0
INFO | Set parameter QCPDual to value 1
INFO | Gurobi Optimizer version 13.0.0 build v13.0.0rc1 (mac64[rosetta2] - Darwin 25.5.0 25F84)
INFO | 
INFO | CPU model: Apple M1 Max
INFO | Thread count: 10 physical cores, 10 logical processors, using up to 10 threads
INFO | 
INFO | Non-default parameters:
INFO | DualReductions  0
INFO | InfUnbdInfo  1
INFO | LogToConsole  0
INFO | QCPDual  1
INFO | 
INFO | Optimize a model with 1448 rows, 598 columns and 3523 nonzeros (Min)
INFO | Model fingerprint: 0x2007c5e6
INFO | Model has 152 linear objective coefficients and an objective constant of 1.2097392000000003e+04
INFO | Coefficient statistics:
INFO |   Matrix range     [2e-02, 2e+03]
INFO |   Objective range  [1e+00, 4e+05]
INFO |   Bounds range     [1e+00, 1e+00]
INFO |   RHS range        [3e-02, 1e+01]
INFO | Presolve time: 0.00s
INFO | Presolved: 159 rows, 184 columns, 703 nonzeros
INFO | 
INFO | Iteration    Objective       Primal Inf.    Dual Inf.      Time
INFO |        0    1.3010277e+06   5.275436e+01   0.000000e+00      0s
INFO |       92    1.3429037e+06   0.000000e+00   0.000000e+00      0s
INFO | 
INFO | Solved in 92 iterations and 0.00 seconds (0.00 work units)
INFO | Optimal objective  1.342903672e+06
  --- Benders iteration 50  cuts_added=1  cuts_total=50  ---
INFO - Termination: max_iterations (50 == 50)
INFO | Termination: max_iterations (50 == 50)
INFO - 
INFO | 
INFO - ----------------------------------------------------------------------
INFO | ----------------------------------------------------------------------
INFO - BendersSolver - RESULTS
INFO | BendersSolver - RESULTS
INFO - Metadata context_name: Benders Iterations
INFO | Metadata context_name: Benders Iterations
INFO - Metadata policy: keep_latest
INFO | Metadata policy: keep_latest
INFO - Metadata as_solution_source: sparow.solnpool.solnpool._sparow_as_solution
INFO | Metadata as_solution_source: sparow.solnpool.solnpool._sparow_as_solution
INFO - Metadata solver: Benders Iteration Results
INFO | Metadata solver: Benders Iteration Results
INFO - Metadata solver_options: {'cached_model_generation': False, 'max_iterations': 50, 'convergence_tolerance': 0.001, 'solver_name': 'gurobi_persistent', 'solver_options': {}}
INFO | Metadata solver_options: {'cached_model_generation': False, 'max_iterations': 50, 'convergence_tolerance': 0.001, 'solver_name': 'gurobi_persistent', 'solver_options': {}}
INFO - Metadata iterations: 50
INFO | Metadata iterations: 50
INFO - Metadata termination_condition: Termination: max_iterations (50 == 50)
INFO | Metadata termination_condition: Termination: max_iterations (50 == 50)
INFO - Metadata start_time: 2026-07-25 22:44:33.318257
INFO | Metadata start_time: 2026-07-25 22:44:33.318257
INFO - Metadata end_time: 2026-07-25 22:44:35.253134
INFO | Metadata end_time: 2026-07-25 22:44:35.253134
INFO - Metadata time_elapsed: 0:00:01.934877
INFO | Metadata time_elapsed: 0:00:01.934877
INFO - Objective Value: ObjectiveInfo(value=32979.154500000004, name=None, index=None, suffix=MyMunch({}))
INFO | Objective Value: ObjectiveInfo(value=32979.154500000004, name=None, index=None, suffix=MyMunch({}))
INFO - 
INFO | 
INFO - ----------------------------------------------------------------------
INFO | ----------------------------------------------------------------------
INFO - BendersSolver - STOP
INFO | BendersSolver - STOP
  Solve returned after 50 Benders iteration(s), 50 cut(s) total.
Traceback (most recent call last):
  File "<string>", line 3, in <module>
    run_staged_diagnostics(
    ~~~~~~~~~~~~~~~~~~~~~~^
        instance_name='tiny_uc_tc',
        ^^^^^^^^^^^^^^^^^^^^^^^^^^^
    ...<7 lines>...
        ef_time_limit=120,
        ^^^^^^^^^^^^^^^^^^
    )
    ^
  File "/Users/matthewviens/Optimization/sparow_examples/sparow_examples/egret/egret_sparow_staged.py", line 1401, in run_staged_diagnostics
    benders_out = stage8_run_benders(
        sp,
        ef_reference=ef_ref,
        max_iterations=max_benders_iterations,
    )
  File "/Users/matthewviens/Optimization/sparow_examples/sparow_examples/egret/egret_sparow_staged.py", line 1278, in stage8_run_benders
    raise RuntimeError(
    ...<5 lines>...
    )
RuntimeError: Stage 8 FAILED – Benders objective 32979.2 differs from EF reference 69376 by more than tolerance 6.9376. Because the EF solved successfully, the discrepancy is almost certainly in the Benders path (transforms, cut generation, probability weighting, first-stage cost handling, or eta bounds).
  Benders objective value: 32979.2
  |Benders - EF| = 36396.9  (tol = 6.9376)
