============================================================
 aos_gtep_runner
============================================================
  sp-module     : sparow_examples.aos_gtep_9bus.aos_single
  mode          : benders
  aos-method    : gurobi_pool
  num-solutions : 3
  rel-opt-gap   : 0.0
  full-archive  : False
  out-prefix    : aos_gtep_benders_9bus_minimal

--- Loading create_sp and building SP ---
  SP built from sparow_examples.aos_gtep_9bus.aos_single

--- Benders path ---
  subproblem_transforms=[relax_second_stage], master_transforms=None
  AOS will use aos_benders_generate_candidates + aos_benders_filter (candidates alone are NOT true solutions)
  first-stage: unfixed=0, seeded=0
  Master capture: patched Benders_Serial.add_subproblem
  eta_bounds_map: {'single': (-1000000.0, None)}
  Calling BendersSolver.solve (max_iterations=50) ...
INFO - BendersSolver - START
Did not find reserves.csv; assuming no reserves
Setting default t0 state in RTS-GMLC parser
[    0.00] Creating GTEP Model
WARNING: DEPRECATED: Using __getitem__ to return a set value from its
(ordered) position is deprecated.  Please use at()  (deprecated in 6.1, will
be removed in (or after) 7.0) (called from /Users/matthewviens/Optimization/sp
arow_examples/sparow_examples/aos_gtep_9bus/aos_single/single/gtep_model.py:12
82)
WARNING: DEPRECATED: Using __getitem__ to return a set value from its
(ordered) position is deprecated.  Please use at()  (deprecated in 6.1, will
be removed in (or after) 7.0) (called from /Users/matthewviens/Optimization/sp
arow_examples/sparow_examples/aos_gtep_9bus/aos_single/single/gtep_model.py:13
52)
WARNING: DEPRECATED: Using __getitem__ to return a set value from its
(ordered) position is deprecated.  Please use at()  (deprecated in 6.1, will
be removed in (or after) 7.0) (called from /Users/matthewviens/Optimization/sp
arow_examples/sparow_examples/aos_gtep_9bus/aos_single/single/gtep_model.py:13
91)
WARNING: Implicitly replacing the Component attribute storageCostInvestment
(type=<class 'pyomo.core.base.var.ScalarVar'>) on block investmentStage[1]
with a new Component (type=<class
'pyomo.core.base.expression.ScalarExpression'>). This is usually indicative of
a modelling error. To avoid this warning, use block.del_component() and
block.add_component().
WARNING: Implicitly replacing the Component attribute storageCostInvestment
(type=<class 'pyomo.core.base.var.ScalarVar'>) on block investmentStage[2]
with a new Component (type=<class
'pyomo.core.base.expression.ScalarExpression'>). This is usually indicative of
a modelling error. To avoid this warning, use block.del_component() and
block.add_component().
WARNING: Implicitly replacing the Component attribute storageCostInvestment
(type=<class 'pyomo.core.base.var.ScalarVar'>) on block investmentStage[3]
with a new Component (type=<class
'pyomo.core.base.expression.ScalarExpression'>). This is usually indicative of
a modelling error. To avoid this warning, use block.del_component() and
block.add_component().
WARNING (W1002): Setting Var 's[None,single].investmentStage[1].representative
Period[1].commitmentPeriod[1].dispatchPeriod[1].storageChargeLevel[100MW_400MW
h_1]' to a numeric value `0` outside the bounds (80, 400).
    See also https://pyomo.readthedocs.io/en/stable/errors.html#w1002
WARNING (W1002): Setting Var 's[None,single].investmentStage[1].representative
Period[1].commitmentPeriod[1].dispatchPeriod[1].storageChargeLevel[100MW_800MW
h-1]' to a numeric value `0` outside the bounds (160, 800).
    See also https://pyomo.readthedocs.io/en/stable/errors.html#w1002
WARNING (W1002): Setting Var 's[None,single].investmentStage[1].representative
Period[1].commitmentPeriod[1].dispatchPeriod[1].storageChargeLevel[1000MW_2000
MWh_1-c]' to a numeric value `0` outside the bounds (400, 2000).
    See also https://pyomo.readthedocs.io/en/stable/errors.html#w1002
WARNING (W1002): Setting Var 's[None,single].investmentStage[1].representative
Period[1].commitmentPeriod[1].dispatchPeriod[1].storageChargeLevel[1000MW_4000
MWh_1-c]' to a numeric value `0` outside the bounds (800, 4000).
    See also https://pyomo.readthedocs.io/en/stable/errors.html#w1002
WARNING (W1002): Setting Var 's[None,single].investmentStage[1].representative
Period[1].commitmentPeriod[1].dispatchPeriod[1].storageChargeLevel[100MW_400MW
h_2-c]' to a numeric value `0` outside the bounds (80, 400).
    See also https://pyomo.readthedocs.io/en/stable/errors.html#w1002
WARNING (W1002): Setting Var 's[None,single].investmentStage[1].representative
Period[1].commitmentPeriod[1].dispatchPeriod[1].storageChargeLevel[100MW_800MW
h_2-c]' to a numeric value `0` outside the bounds (160, 800).
    See also https://pyomo.readthedocs.io/en/stable/errors.html#w1002
WARNING (W1002): Setting Var 's[None,single].investmentStage[1].representative
Period[1].commitmentPeriod[1].dispatchPeriod[1].storageChargeLevel[1000MW_2000
MWh_2-c]' to a numeric value `0` outside the bounds (400, 2000).
    See also https://pyomo.readthedocs.io/en/stable/errors.html#w1002
WARNING (W1002): Setting Var 's[None,single].investmentStage[1].representative
Period[1].commitmentPeriod[1].dispatchPeriod[1].storageChargeLevel[1000MW_4000
MWh_2-c]' to a numeric value `0` outside the bounds (800, 4000).
    See also https://pyomo.readthedocs.io/en/stable/errors.html#w1002
WARNING (W1002): Setting Var 's[None,single].investmentStage[1].representative
Period[1].commitmentPeriod[1].dispatchPeriod[1].storageChargeLevel[100MW_400MW
h_3-c]' to a numeric value `0` outside the bounds (80, 400).
    See also https://pyomo.readthedocs.io/en/stable/errors.html#w1002
WARNING (W1002): Setting Var 's[None,single].investmentStage[1].representative
Period[1].commitmentPeriod[1].dispatchPeriod[1].storageChargeLevel[100MW_800MW
h_3-c]' to a numeric value `0` outside the bounds (160, 800).
    See also https://pyomo.readthedocs.io/en/stable/errors.html#w1002
WARNING (W1002): Setting Var 's[None,single].investmentStage[1].representative
Period[1].commitmentPeriod[1].dispatchPeriod[1].storageChargeLevel[1000MW_2000
MWh_3-c]' to a numeric value `0` outside the bounds (400, 2000).
    See also https://pyomo.readthedocs.io/en/stable/errors.html#w1002
WARNING (W1002): Setting Var 's[None,single].investmentStage[1].representative
Period[1].commitmentPeriod[1].dispatchPeriod[1].storageChargeLevel[1000MW_4000
MWh_3-c]' to a numeric value `0` outside the bounds (800, 4000).
    See also https://pyomo.readthedocs.io/en/stable/errors.html#w1002
WARNING (W1002): Setting Var 's[None,single].investmentStage[1].representative
Period[1].commitmentPeriod[2].dispatchPeriod[1].storageChargeLevel[100MW_400MW
h_1]' to a numeric value `0` outside the bounds (80, 400).
    See also https://pyomo.readthedocs.io/en/stable/errors.html#w1002
WARNING (W1002): Setting Var 's[None,single].investmentStage[1].representative
Period[1].commitmentPeriod[2].dispatchPeriod[1].storageChargeLevel[100MW_800MW
h-1]' to a numeric value `0` outside the bounds (160, 800).
    See also https://pyomo.readthedocs.io/en/stable/errors.html#w1002
WARNING (W1002): Setting Var 's[None,single].investmentStage[1].representative
Period[1].commitmentPeriod[2].dispatchPeriod[1].storageChargeLevel[1000MW_2000
MWh_1-c]' to a numeric value `0` outside the bounds (400, 2000).
    See also https://pyomo.readthedocs.io/en/stable/errors.html#w1002
WARNING (W1002): Setting Var 's[None,single].investmentStage[1].representative
Period[1].commitmentPeriod[2].dispatchPeriod[1].storageChargeLevel[1000MW_4000
MWh_1-c]' to a numeric value `0` outside the bounds (800, 4000).
    See also https://pyomo.readthedocs.io/en/stable/errors.html#w1002
WARNING (W1002): Setting Var 's[None,single].investmentStage[1].representative
Period[1].commitmentPeriod[2].dispatchPeriod[1].storageChargeLevel[100MW_400MW
h_2-c]' to a numeric value `0` outside the bounds (80, 400).
    See also https://pyomo.readthedocs.io/en/stable/errors.html#w1002
WARNING (W1002): Setting Var 's[None,single].investmentStage[1].representative
Period[1].commitmentPeriod[2].dispatchPeriod[1].storageChargeLevel[100MW_800MW
h_2-c]' to a numeric value `0` outside the bounds (160, 800).
    See also https://pyomo.readthedocs.io/en/stable/errors.html#w1002
WARNING (W1002): Setting Var 's[None,single].investmentStage[1].representative
Period[1].commitmentPeriod[2].dispatchPeriod[1].storageChargeLevel[1000MW_2000
MWh_2-c]' to a numeric value `0` outside the bounds (400, 2000).
    See also https://pyomo.readthedocs.io/en/stable/errors.html#w1002
WARNING (W1002): Setting Var 's[None,single].investmentStage[1].representative
Period[1].commitmentPeriod[2].dispatchPeriod[1].storageChargeLevel[1000MW_4000
MWh_2-c]' to a numeric value `0` outside the bounds (800, 4000).
    See also https://pyomo.readthedocs.io/en/stable/errors.html#w1002
WARNING (W1002): Setting Var 's[None,single].investmentStage[1].representative
Period[1].commitmentPeriod[2].dispatchPeriod[1].storageChargeLevel[100MW_400MW
h_3-c]' to a numeric value `0` outside the bounds (80, 400).
    See also https://pyomo.readthedocs.io/en/stable/errors.html#w1002
WARNING (W1002): Setting Var 's[None,single].investmentStage[1].representative
Period[1].commitmentPeriod[2].dispatchPeriod[1].storageChargeLevel[100MW_800MW
h_3-c]' to a numeric value `0` outside the bounds (160, 800).
    See also https://pyomo.readthedocs.io/en/stable/errors.html#w1002
WARNING (W1002): Setting Var 's[None,single].investmentStage[1].representative
Period[1].commitmentPeriod[2].dispatchPeriod[1].storageChargeLevel[1000MW_2000
MWh_3-c]' to a numeric value `0` outside the bounds (400, 2000).
    See also https://pyomo.readthedocs.io/en/stable/errors.html#w1002
WARNING (W1002): Setting Var 's[None,single].investmentStage[1].representative
Period[1].commitmentPeriod[2].dispatchPeriod[1].storageChargeLevel[1000MW_4000
MWh_3-c]' to a numeric value `0` outside the bounds (800, 4000).
    See also https://pyomo.readthedocs.io/en/stable/errors.html#w1002
WARNING (W1002): Setting Var 's[None,single].investmentStage[1].representative
Period[1].commitmentPeriod[3].dispatchPeriod[1].storageChargeLevel[100MW_400MW
h_1]' to a numeric value `0` outside the bounds (80, 400).
    See also https://pyomo.readthedocs.io/en/stable/errors.html#w1002
WARNING (W1002): Setting Var 's[None,single].investmentStage[1].representative
Period[1].commitmentPeriod[3].dispatchPeriod[1].storageChargeLevel[100MW_800MW
h-1]' to a numeric value `0` outside the bounds (160, 800).
    See also https://pyomo.readthedocs.io/en/stable/errors.html#w1002
WARNING (W1002): Setting Var 's[None,single].investmentStage[1].representative
Period[1].commitmentPeriod[3].dispatchPeriod[1].storageChargeLevel[1000MW_2000
MWh_1-c]' to a numeric value `0` outside the bounds (400, 2000).
    See also https://pyomo.readthedocs.io/en/stable/errors.html#w1002
WARNING (W1002): Setting Var 's[None,single].investmentStage[1].representative
Period[1].commitmentPeriod[3].dispatchPeriod[1].storageChargeLevel[1000MW_4000
MWh_1-c]' to a numeric value `0` outside the bounds (800, 4000).
    See also https://pyomo.readthedocs.io/en/stable/errors.html#w1002
WARNING (W1002): Setting Var 's[None,single].investmentStage[1].representative
Period[1].commitmentPeriod[3].dispatchPeriod[1].storageChargeLevel[100MW_400MW
h_2-c]' to a numeric value `0` outside the bounds (80, 400).
    See also https://pyomo.readthedocs.io/en/stable/errors.html#w1002
WARNING (W1002): Setting Var 's[None,single].investmentStage[1].representative
Period[1].commitmentPeriod[3].dispatchPeriod[1].storageChargeLevel[100MW_800MW
h_2-c]' to a numeric value `0` outside the bounds (160, 800).
    See also https://pyomo.readthedocs.io/en/stable/errors.html#w1002
WARNING (W1002): Setting Var 's[None,single].investmentStage[1].representative
Period[1].commitmentPeriod[3].dispatchPeriod[1].storageChargeLevel[1000MW_2000
MWh_2-c]' to a numeric value `0` outside the bounds (400, 2000).
    See also https://pyomo.readthedocs.io/en/stable/errors.html#w1002
WARNING (W1002): Setting Var 's[None,single].investmentStage[1].representative
Period[1].commitmentPeriod[3].dispatchPeriod[1].storageChargeLevel[1000MW_4000
MWh_2-c]' to a numeric value `0` outside the bounds (800, 4000).
    See also https://pyomo.readthedocs.io/en/stable/errors.html#w1002
WARNING (W1002): Setting Var 's[None,single].investmentStage[1].representative
Period[1].commitmentPeriod[3].dispatchPeriod[1].storageChargeLevel[100MW_400MW
h_3-c]' to a numeric value `0` outside the bounds (80, 400).
    See also https://pyomo.readthedocs.io/en/stable/errors.html#w1002
WARNING (W1002): Setting Var 's[None,single].investmentStage[1].representative
Period[1].commitmentPeriod[3].dispatchPeriod[1].storageChargeLevel[100MW_800MW
h_3-c]' to a numeric value `0` outside the bounds (160, 800).
    See also https://pyomo.readthedocs.io/en/stable/errors.html#w1002
WARNING (W1002): Setting Var 's[None,single].investmentStage[1].representative
Period[1].commitmentPeriod[3].dispatchPeriod[1].storageChargeLevel[1000MW_2000
MWh_3-c]' to a numeric value `0` outside the bounds (400, 2000).
    See also https://pyomo.readthedocs.io/en/stable/errors.html#w1002
WARNING (W1002): Setting Var 's[None,single].investmentStage[1].representative
Period[1].commitmentPeriod[3].dispatchPeriod[1].storageChargeLevel[1000MW_4000
MWh_3-c]' to a numeric value `0` outside the bounds (800, 4000).
    See also https://pyomo.readthedocs.io/en/stable/errors.html#w1002
WARNING (W1002): Setting Var 's[None,single].investmentStage[1].representative
Period[1].commitmentPeriod[4].dispatchPeriod[1].storageChargeLevel[100MW_400MW
h_1]' to a numeric value `0` outside the bounds (80, 400).
    See also https://pyomo.readthedocs.io/en/stable/errors.html#w1002
WARNING (W1002): Setting Var 's[None,single].investmentStage[1].representative
Period[1].commitmentPeriod[4].dispatchPeriod[1].storageChargeLevel[100MW_800MW
h-1]' to a numeric value `0` outside the bounds (160, 800).
    See also https://pyomo.readthedocs.io/en/stable/errors.html#w1002
WARNING (W1002): Setting Var 's[None,single].investmentStage[1].representative
Period[1].commitmentPeriod[4].dispatchPeriod[1].storageChargeLevel[1000MW_2000
MWh_1-c]' to a numeric value `0` outside the bounds (400, 2000).
    See also https://pyomo.readthedocs.io/en/stable/errors.html#w1002
WARNING (W1002): Setting Var 's[None,single].investmentStage[1].representative
Period[1].commitmentPeriod[4].dispatchPeriod[1].storageChargeLevel[1000MW_4000
MWh_1-c]' to a numeric value `0` outside the bounds (800, 4000).
    See also https://pyomo.readthedocs.io/en/stable/errors.html#w1002
WARNING (W1002): Setting Var 's[None,single].investmentStage[1].representative
Period[1].commitmentPeriod[4].dispatchPeriod[1].storageChargeLevel[100MW_400MW
h_2-c]' to a numeric value `0` outside the bounds (80, 400).
    See also https://pyomo.readthedocs.io/en/stable/errors.html#w1002
WARNING (W1002): Setting Var 's[None,single].investmentStage[1].representative
Period[1].commitmentPeriod[4].dispatchPeriod[1].storageChargeLevel[100MW_800MW
h_2-c]' to a numeric value `0` outside the bounds (160, 800).
    See also https://pyomo.readthedocs.io/en/stable/errors.html#w1002
WARNING (W1002): Setting Var 's[None,single].investmentStage[1].representative
Period[1].commitmentPeriod[4].dispatchPeriod[1].storageChargeLevel[1000MW_2000
MWh_2-c]' to a numeric value `0` outside the bounds (400, 2000).
    See also https://pyomo.readthedocs.io/en/stable/errors.html#w1002
WARNING (W1002): Setting Var 's[None,single].investmentStage[1].representative
Period[1].commitmentPeriod[4].dispatchPeriod[1].storageChargeLevel[1000MW_4000
MWh_2-c]' to a numeric value `0` outside the bounds (800, 4000).
    See also https://pyomo.readthedocs.io/en/stable/errors.html#w1002
WARNING (W1002): Setting Var 's[None,single].investmentStage[1].representative
Period[1].commitmentPeriod[4].dispatchPeriod[1].storageChargeLevel[100MW_400MW
h_3-c]' to a numeric value `0` outside the bounds (80, 400).
    See also https://pyomo.readthedocs.io/en/stable/errors.html#w1002
WARNING (W1002): Setting Var 's[None,single].investmentStage[1].representative
Period[1].commitmentPeriod[4].dispatchPeriod[1].storageChargeLevel[100MW_800MW
h_3-c]' to a numeric value `0` outside the bounds (160, 800).
    See also https://pyomo.readthedocs.io/en/stable/errors.html#w1002
WARNING (W1002): Setting Var 's[None,single].investmentStage[1].representative
Period[1].commitmentPeriod[4].dispatchPeriod[1].storageChargeLevel[1000MW_2000
MWh_3-c]' to a numeric value `0` outside the bounds (400, 2000).
    See also https://pyomo.readthedocs.io/en/stable/errors.html#w1002
WARNING (W1002): Setting Var 's[None,single].investmentStage[1].representative
Period[1].commitmentPeriod[4].dispatchPeriod[1].storageChargeLevel[1000MW_4000
MWh_3-c]' to a numeric value `0` outside the bounds (800, 4000).
    See also https://pyomo.readthedocs.io/en/stable/errors.html#w1002
WARNING (W1002): Setting Var 's[None,single].investmentStage[1].representative
Period[1].commitmentPeriod[5].dispatchPeriod[1].storageChargeLevel[100MW_400MW
h_1]' to a numeric value `0` outside the bounds (80, 400).
    See also https://pyomo.readthedocs.io/en/stable/errors.html#w1002
WARNING (W1002): Setting Var 's[None,single].investmentStage[1].representative
Period[1].commitmentPeriod[5].dispatchPeriod[1].storageChargeLevel[100MW_800MW
h-1]' to a numeric value `0` outside the bounds (160, 800).
    See also https://pyomo.readthedocs.io/en/stable/errors.html#w1002
WARNING (W1002): Setting Var 's[None,single].investmentStage[1].representative
Period[1].commitmentPeriod[5].dispatchPeriod[1].storageChargeLevel[1000MW_2000
MWh_1-c]' to a numeric value `0` outside the bounds (400, 2000).
    See also https://pyomo.readthedocs.io/en/stable/errors.html#w1002
WARNING (W1002): Setting Var 's[None,single].investmentStage[1].representative
Period[1].commitmentPeriod[5].dispatchPeriod[1].storageChargeLevel[1000MW_4000
MWh_1-c]' to a numeric value `0` outside the bounds (800, 4000).
    See also https://pyomo.readthedocs.io/en/stable/errors.html#w1002
WARNING (W1002): Setting Var 's[None,single].investmentStage[1].representative
Period[1].commitmentPeriod[5].dispatchPeriod[1].storageChargeLevel[100MW_400MW
h_2-c]' to a numeric value `0` outside the bounds (80, 400).
    See also https://pyomo.readthedocs.io/en/stable/errors.html#w1002
WARNING (W1002): Setting Var 's[None,single].investmentStage[1].representative
Period[1].commitmentPeriod[5].dispatchPeriod[1].storageChargeLevel[100MW_800MW
h_2-c]' to a numeric value `0` outside the bounds (160, 800).
    See also https://pyomo.readthedocs.io/en/stable/errors.html#w1002
WARNING (W1002): Setting Var 's[None,single].investmentStage[1].representative
Period[1].commitmentPeriod[5].dispatchPeriod[1].storageChargeLevel[1000MW_2000
MWh_2-c]' to a numeric value `0` outside the bounds (400, 2000).
    See also https://pyomo.readthedocs.io/en/stable/errors.html#w1002
WARNING (W1002): Setting Var 's[None,single].investmentStage[1].representative
Period[1].commitmentPeriod[5].dispatchPeriod[1].storageChargeLevel[1000MW_4000
MWh_2-c]' to a numeric value `0` outside the bounds (800, 4000).
    See also https://pyomo.readthedocs.io/en/stable/errors.html#w1002
WARNING (W1002): Setting Var 's[None,single].investmentStage[1].representative
Period[1].commitmentPeriod[5].dispatchPeriod[1].storageChargeLevel[100MW_400MW
h_3-c]' to a numeric value `0` outside the bounds (80, 400).
    See also https://pyomo.readthedocs.io/en/stable/errors.html#w1002
WARNING (W1002): Setting Var 's[None,single].investmentStage[1].representative
Period[1].commitmentPeriod[5].dispatchPeriod[1].storageChargeLevel[100MW_800MW
h_3-c]' to a numeric value `0` outside the bounds (160, 800).
    See also https://pyomo.readthedocs.io/en/stable/errors.html#w1002
WARNING (W1002): Setting Var 's[None,single].investmentStage[1].representative
Period[1].commitmentPeriod[5].dispatchPeriod[1].storageChargeLevel[1000MW_2000
MWh_3-c]' to a numeric value `0` outside the bounds (400, 2000).
    See also https://pyomo.readthedocs.io/en/stable/errors.html#w1002
WARNING (W1002): Setting Var 's[None,single].investmentStage[1].representative
Period[1].commitmentPeriod[5].dispatchPeriod[1].storageChargeLevel[1000MW_4000
MWh_3-c]' to a numeric value `0` outside the bounds (800, 4000).
    See also https://pyomo.readthedocs.io/en/stable/errors.html#w1002
WARNING (W1002): Setting Var 's[None,single].investmentStage[1].representative
Period[1].commitmentPeriod[6].dispatchPeriod[1].storageChargeLevel[100MW_400MW
h_1]' to a numeric value `0` outside the bounds (80, 400).
    See also https://pyomo.readthedocs.io/en/stable/errors.html#w1002
WARNING (W1002): Setting Var 's[None,single].investmentStage[1].representative
Period[1].commitmentPeriod[6].dispatchPeriod[1].storageChargeLevel[100MW_800MW
h-1]' to a numeric value `0` outside the bounds (160, 800).
    See also https://pyomo.readthedocs.io/en/stable/errors.html#w1002
WARNING (W1002): Setting Var 's[None,single].investmentStage[1].representative
Period[1].commitmentPeriod[6].dispatchPeriod[1].storageChargeLevel[1000MW_2000
MWh_1-c]' to a numeric value `0` outside the bounds (400, 2000).
    See also https://pyomo.readthedocs.io/en/stable/errors.html#w1002
WARNING (W1002): Setting Var 's[None,single].investmentStage[1].representative
Period[1].commitmentPeriod[6].dispatchPeriod[1].storageChargeLevel[1000MW_4000
MWh_1-c]' to a numeric value `0` outside the bounds (800, 4000).
    See also https://pyomo.readthedocs.io/en/stable/errors.html#w1002
WARNING (W1002): Setting Var 's[None,single].investmentStage[1].representative
Period[1].commitmentPeriod[6].dispatchPeriod[1].storageChargeLevel[100MW_400MW
h_2-c]' to a numeric value `0` outside the bounds (80, 400).
    See also https://pyomo.readthedocs.io/en/stable/errors.html#w1002
WARNING (W1002): Setting Var 's[None,single].investmentStage[1].representative
Period[1].commitmentPeriod[6].dispatchPeriod[1].storageChargeLevel[100MW_800MW
h_2-c]' to a numeric value `0` outside the bounds (160, 800).
    See also https://pyomo.readthedocs.io/en/stable/errors.html#w1002
WARNING (W1002): Setting Var 's[None,single].investmentStage[1].representative
Period[1].commitmentPeriod[6].dispatchPeriod[1].storageChargeLevel[1000MW_2000
MWh_2-c]' to a numeric value `0` outside the bounds (400, 2000).
    See also https://pyomo.readthedocs.io/en/stable/errors.html#w1002
WARNING (W1002): Setting Var 's[None,single].investmentStage[1].representative
Period[1].commitmentPeriod[6].dispatchPeriod[1].storageChargeLevel[1000MW_4000
MWh_2-c]' to a numeric value `0` outside the bounds (800, 4000).
    See also https://pyomo.readthedocs.io/en/stable/errors.html#w1002
WARNING (W1002): Setting Var 's[None,single].investmentStage[1].representative
Period[1].commitmentPeriod[6].dispatchPeriod[1].storageChargeLevel[100MW_400MW
h_3-c]' to a numeric value `0` outside the bounds (80, 400).
    See also https://pyomo.readthedocs.io/en/stable/errors.html#w1002
WARNING (W1002): Setting Var 's[None,single].investmentStage[1].representative
Period[1].commitmentPeriod[6].dispatchPeriod[1].storageChargeLevel[100MW_800MW
h_3-c]' to a numeric value `0` outside the bounds (160, 800).
    See also https://pyomo.readthedocs.io/en/stable/errors.html#w1002
WARNING (W1002): Setting Var 's[None,single].investmentStage[1].representative
Period[1].commitmentPeriod[6].dispatchPeriod[1].storageChargeLevel[1000MW_2000
MWh_3-c]' to a numeric value `0` outside the bounds (400, 2000).
    See also https://pyomo.readthedocs.io/en/stable/errors.html#w1002
WARNING (W1002): Setting Var 's[None,single].investmentStage[1].representative
Period[1].commitmentPeriod[6].dispatchPeriod[1].storageChargeLevel[1000MW_4000
MWh_3-c]' to a numeric value `0` outside the bounds (800, 4000).
    See also https://pyomo.readthedocs.io/en/stable/errors.html#w1002
WARNING (W1002): Setting Var 's[None,single].investmentStage[1].representative
Period[1].commitmentPeriod[7].dispatchPeriod[1].storageChargeLevel[100MW_400MW
h_1]' to a numeric value `0` outside the bounds (80, 400).
    See also https://pyomo.readthedocs.io/en/stable/errors.html#w1002
WARNING (W1002): Setting Var 's[None,single].investmentStage[1].representative
Period[1].commitmentPeriod[7].dispatchPeriod[1].storageChargeLevel[100MW_800MW
h-1]' to a numeric value `0` outside the bounds (160, 800).
    See also https://pyomo.readthedocs.io/en/stable/errors.html#w1002
WARNING (W1002): Setting Var 's[None,single].investmentStage[1].representative
Period[1].commitmentPeriod[7].dispatchPeriod[1].storageChargeLevel[1000MW_2000
MWh_1-c]' to a numeric value `0` outside the bounds (400, 2000).
    See also https://pyomo.readthedocs.io/en/stable/errors.html#w1002
WARNING (W1002): Setting Var 's[None,single].investmentStage[1].representative
Period[1].commitmentPeriod[7].dispatchPeriod[1].storageChargeLevel[1000MW_4000
MWh_1-c]' to a numeric value `0` outside the bounds (800, 4000).
    See also https://pyomo.readthedocs.io/en/stable/errors.html#w1002
WARNING (W1002): Setting Var 's[None,single].investmentStage[1].representative
Period[1].commitmentPeriod[7].dispatchPeriod[1].storageChargeLevel[100MW_400MW
h_2-c]' to a numeric value `0` outside the bounds (80, 400).
    See also https://pyomo.readthedocs.io/en/stable/errors.html#w1002
WARNING (W1002): Setting Var 's[None,single].investmentStage[1].representative
Period[1].commitmentPeriod[7].dispatchPeriod[1].storageChargeLevel[100MW_800MW
h_2-c]' to a numeric value `0` outside the bounds (160, 800).
    See also https://pyomo.readthedocs.io/en/stable/errors.html#w1002
WARNING (W1002): Setting Var 's[None,single].investmentStage[1].representative
Period[1].commitmentPeriod[7].dispatchPeriod[1].storageChargeLevel[1000MW_2000
MWh_2-c]' to a numeric value `0` outside the bounds (400, 2000).
    See also https://pyomo.readthedocs.io/en/stable/errors.html#w1002
WARNING (W1002): Setting Var 's[None,single].investmentStage[1].representative
Period[1].commitmentPeriod[7].dispatchPeriod[1].storageChargeLevel[1000MW_4000
MWh_2-c]' to a numeric value `0` outside the bounds (800, 4000).
    See also https://pyomo.readthedocs.io/en/stable/errors.html#w1002
WARNING (W1002): Setting Var 's[None,single].investmentStage[1].representative
Period[1].commitmentPeriod[7].dispatchPeriod[1].storageChargeLevel[100MW_400MW
h_3-c]' to a numeric value `0` outside the bounds (80, 400).
    See also https://pyomo.readthedocs.io/en/stable/errors.html#w1002
WARNING (W1002): Setting Var 's[None,single].investmentStage[1].representative
Period[1].commitmentPeriod[7].dispatchPeriod[1].storageChargeLevel[100MW_800MW
h_3-c]' to a numeric value `0` outside the bounds (160, 800).
    See also https://pyomo.readthedocs.io/en/stable/errors.html#w1002
WARNING (W1002): Setting Var 's[None,single].investmentStage[1].representative
Period[1].commitmentPeriod[7].dispatchPeriod[1].storageChargeLevel[1000MW_2000
MWh_3-c]' to a numeric value `0` outside the bounds (400, 2000).
    See also https://pyomo.readthedocs.io/en/stable/errors.html#w1002
WARNING (W1002): Setting Var 's[None,single].investmentStage[1].representative
Period[1].commitmentPeriod[7].dispatchPeriod[1].storageChargeLevel[1000MW_4000
MWh_3-c]' to a numeric value `0` outside the bounds (800, 4000).
    See also https://pyomo.readthedocs.io/en/stable/errors.html#w1002
WARNING (W1002): Setting Var 's[None,single].investmentStage[1].representative
Period[1].commitmentPeriod[8].dispatchPeriod[1].storageChargeLevel[100MW_400MW
h_1]' to a numeric value `0` outside the bounds (80, 400).
    See also https://pyomo.readthedocs.io/en/stable/errors.html#w1002
WARNING (W1002): Setting Var 's[None,single].investmentStage[1].representative
Period[1].commitmentPeriod[8].dispatchPeriod[1].storageChargeLevel[100MW_800MW
h-1]' to a numeric value `0` outside the bounds (160, 800).
    See also https://pyomo.readthedocs.io/en/stable/errors.html#w1002
WARNING (W1002): Setting Var 's[None,single].investmentStage[1].representative
Period[1].commitmentPeriod[8].dispatchPeriod[1].storageChargeLevel[1000MW_2000
MWh_1-c]' to a numeric value `0` outside the bounds (400, 2000).
    See also https://pyomo.readthedocs.io/en/stable/errors.html#w1002
WARNING (W1002): Setting Var 's[None,single].investmentStage[1].representative
Period[1].commitmentPeriod[8].dispatchPeriod[1].storageChargeLevel[1000MW_4000
MWh_1-c]' to a numeric value `0` outside the bounds (800, 4000).
    See also https://pyomo.readthedocs.io/en/stable/errors.html#w1002
WARNING (W1002): Setting Var 's[None,single].investmentStage[1].representative
Period[1].commitmentPeriod[8].dispatchPeriod[1].storageChargeLevel[100MW_400MW
h_2-c]' to a numeric value `0` outside the bounds (80, 400).
    See also https://pyomo.readthedocs.io/en/stable/errors.html#w1002
WARNING (W1002): Setting Var 's[None,single].investmentStage[1].representative
Period[1].commitmentPeriod[8].dispatchPeriod[1].storageChargeLevel[100MW_800MW
h_2-c]' to a numeric value `0` outside the bounds (160, 800).
    See also https://pyomo.readthedocs.io/en/stable/errors.html#w1002
WARNING (W1002): Setting Var 's[None,single].investmentStage[1].representative
Period[1].commitmentPeriod[8].dispatchPeriod[1].storageChargeLevel[1000MW_2000
MWh_2-c]' to a numeric value `0` outside the bounds (400, 2000).
    See also https://pyomo.readthedocs.io/en/stable/errors.html#w1002
WARNING (W1002): Setting Var 's[None,single].investmentStage[1].representative
Period[1].commitmentPeriod[8].dispatchPeriod[1].storageChargeLevel[1000MW_4000
MWh_2-c]' to a numeric value `0` outside the bounds (800, 4000).
    See also https://pyomo.readthedocs.io/en/stable/errors.html#w1002
WARNING (W1002): Setting Var 's[None,single].investmentStage[1].representative
Period[1].commitmentPeriod[8].dispatchPeriod[1].storageChargeLevel[100MW_400MW
h_3-c]' to a numeric value `0` outside the bounds (80, 400).
    See also https://pyomo.readthedocs.io/en/stable/errors.html#w1002
WARNING (W1002): Setting Var 's[None,single].investmentStage[1].representative
Period[1].commitmentPeriod[8].dispatchPeriod[1].storageChargeLevel[100MW_800MW
h_3-c]' to a numeric value `0` outside the bounds (160, 800).
    See also https://pyomo.readthedocs.io/en/stable/errors.html#w1002
WARNING (W1002): Setting Var 's[None,single].investmentStage[1].representative
Period[1].commitmentPeriod[8].dispatchPeriod[1].storageChargeLevel[1000MW_2000
MWh_3-c]' to a numeric value `0` outside the bounds (400, 2000).
    See also https://pyomo.readthedocs.io/en/stable/errors.html#w1002
WARNING (W1002): Setting Var 's[None,single].investmentStage[1].representative
Period[1].commitmentPeriod[8].dispatchPeriod[1].storageChargeLevel[1000MW_4000
MWh_3-c]' to a numeric value `0` outside the bounds (800, 4000).
    See also https://pyomo.readthedocs.io/en/stable/errors.html#w1002
WARNING (W1002): Setting Var 's[None,single].investmentStage[1].representative
Period[1].commitmentPeriod[9].dispatchPeriod[1].storageChargeLevel[100MW_400MW
h_1]' to a numeric value `0` outside the bounds (80, 400).
    See also https://pyomo.readthedocs.io/en/stable/errors.html#w1002
WARNING (W1002): Setting Var 's[None,single].investmentStage[1].representative
Period[1].commitmentPeriod[9].dispatchPeriod[1].storageChargeLevel[100MW_800MW
h-1]' to a numeric value `0` outside the bounds (160, 800).
    See also https://pyomo.readthedocs.io/en/stable/errors.html#w1002
WARNING (W1002): Setting Var 's[None,single].investmentStage[1].representative
Period[1].commitmentPeriod[9].dispatchPeriod[1].storageChargeLevel[1000MW_2000
MWh_1-c]' to a numeric value `0` outside the bounds (400, 2000).
    See also https://pyomo.readthedocs.io/en/stable/errors.html#w1002
WARNING (W1002): Setting Var 's[None,single].investmentStage[1].representative
Period[1].commitmentPeriod[9].dispatchPeriod[1].storageChargeLevel[1000MW_4000
MWh_1-c]' to a numeric value `0` outside the bounds (800, 4000).
    See also https://pyomo.readthedocs.io/en/stable/errors.html#w1002
WARNING (W1002): Setting Var 's[None,single].investmentStage[1].representative
Period[1].commitmentPeriod[9].dispatchPeriod[1].storageChargeLevel[100MW_400MW
h_2-c]' to a numeric value `0` outside the bounds (80, 400).
    See also https://pyomo.readthedocs.io/en/stable/errors.html#w1002
WARNING (W1002): Setting Var 's[None,single].investmentStage[1].representative
Period[1].commitmentPeriod[9].dispatchPeriod[1].storageChargeLevel[100MW_800MW
h_2-c]' to a numeric value `0` outside the bounds (160, 800).
    See also https://pyomo.readthedocs.io/en/stable/errors.html#w1002
WARNING (W1002): Setting Var 's[None,single].investmentStage[1].representative
Period[1].commitmentPeriod[9].dispatchPeriod[1].storageChargeLevel[1000MW_2000
MWh_2-c]' to a numeric value `0` outside the bounds (400, 2000).
    See also https://pyomo.readthedocs.io/en/stable/errors.html#w1002
WARNING (W1002): Setting Var 's[None,single].investmentStage[1].representative
Period[1].commitmentPeriod[9].dispatchPeriod[1].storageChargeLevel[1000MW_4000
MWh_2-c]' to a numeric value `0` outside the bounds (800, 4000).
    See also https://pyomo.readthedocs.io/en/stable/errors.html#w1002
WARNING (W1002): Setting Var 's[None,single].investmentStage[1].representative
Period[1].commitmentPeriod[9].dispatchPeriod[1].storageChargeLevel[100MW_400MW
h_3-c]' to a numeric value `0` outside the bounds (80, 400).
    See also https://pyomo.readthedocs.io/en/stable/errors.html#w1002
WARNING (W1002): Setting Var 's[None,single].investmentStage[1].representative
Period[1].commitmentPeriod[9].dispatchPeriod[1].storageChargeLevel[100MW_800MW
h_3-c]' to a numeric value `0` outside the bounds (160, 800).
    See also https://pyomo.readthedocs.io/en/stable/errors.html#w1002
WARNING (W1002): Setting Var 's[None,single].investmentStage[1].representative
Period[1].commitmentPeriod[9].dispatchPeriod[1].storageChargeLevel[1000MW_2000
MWh_3-c]' to a numeric value `0` outside the bounds (400, 2000).
    See also https://pyomo.readthedocs.io/en/stable/errors.html#w1002
WARNING (W1002): Setting Var 's[None,single].investmentStage[1].representative
Period[1].commitmentPeriod[9].dispatchPeriod[1].storageChargeLevel[1000MW_4000
MWh_3-c]' to a numeric value `0` outside the bounds (800, 4000).
    See also https://pyomo.readthedocs.io/en/stable/errors.html#w1002
WARNING (W1002): Setting Var 's[None,single].investmentStage[1].representative
Period[1].commitmentPeriod[10].dispatchPeriod[1].storageChargeLevel[100MW_400M
Wh_1]' to a numeric value `0` outside the bounds (80, 400).
    See also https://pyomo.readthedocs.io/en/stable/errors.html#w1002
WARNING (W1002): Setting Var 's[None,single].investmentStage[1].representative
Period[1].commitmentPeriod[10].dispatchPeriod[1].storageChargeLevel[100MW_800M
Wh-1]' to a numeric value `0` outside the bounds (160, 800).
    See also https://pyomo.readthedocs.io/en/stable/errors.html#w1002
WARNING (W1002): Setting Var 's[None,single].investmentStage[1].representative
Period[1].commitmentPeriod[10].dispatchPeriod[1].storageChargeLevel[1000MW_200
0MWh_1-c]' to a numeric value `0` outside the bounds (400, 2000).
    See also https://pyomo.readthedocs.io/en/stable/errors.html#w1002
WARNING (W1002): Setting Var 's[None,single].investmentStage[1].representative
Period[1].commitmentPeriod[10].dispatchPeriod[1].storageChargeLevel[1000MW_400
0MWh_1-c]' to a numeric value `0` outside the bounds (800, 4000).
    See also https://pyomo.readthedocs.io/en/stable/errors.html#w1002
WARNING (W1002): Setting Var 's[None,single].investmentStage[1].representative
Period[1].commitmentPeriod[10].dispatchPeriod[1].storageChargeLevel[100MW_400M
Wh_2-c]' to a numeric value `0` outside the bounds (80, 400).
    See also https://pyomo.readthedocs.io/en/stable/errors.html#w1002
WARNING (W1002): Setting Var 's[None,single].investmentStage[1].representative
Period[1].commitmentPeriod[10].dispatchPeriod[1].storageChargeLevel[100MW_800M
Wh_2-c]' to a numeric value `0` outside the bounds (160, 800).
    See also https://pyomo.readthedocs.io/en/stable/errors.html#w1002
WARNING (W1002): Setting Var 's[None,single].investmentStage[1].representative
Period[1].commitmentPeriod[10].dispatchPeriod[1].storageChargeLevel[1000MW_200
0MWh_2-c]' to a numeric value `0` outside the bounds (400, 2000).
    See also https://pyomo.readthedocs.io/en/stable/errors.html#w1002
WARNING (W1002): Setting Var 's[None,single].investmentStage[1].representative
Period[1].commitmentPeriod[10].dispatchPeriod[1].storageChargeLevel[1000MW_400
0MWh_2-c]' to a numeric value `0` outside the bounds (800, 4000).
    See also https://pyomo.readthedocs.io/en/stable/errors.html#w1002
WARNING (W1002): Setting Var 's[None,single].investmentStage[1].representative
Period[1].commitmentPeriod[10].dispatchPeriod[1].storageChargeLevel[100MW_400M
Wh_3-c]' to a numeric value `0` outside the bounds (80, 400).
    See also https://pyomo.readthedocs.io/en/stable/errors.html#w1002
WARNING (W1002): Setting Var 's[None,single].investmentStage[1].representative
Period[1].commitmentPeriod[10].dispatchPeriod[1].storageChargeLevel[100MW_800M
Wh_3-c]' to a numeric value `0` outside the bounds (160, 800).
    See also https://pyomo.readthedocs.io/en/stable/errors.html#w1002
WARNING (W1002): Setting Var 's[None,single].investmentStage[1].representative
Period[1].commitmentPeriod[10].dispatchPeriod[1].storageChargeLevel[1000MW_200
0MWh_3-c]' to a numeric value `0` outside the bounds (400, 2000).
    See also https://pyomo.readthedocs.io/en/stable/errors.html#w1002
WARNING (W1002): Setting Var 's[None,single].investmentStage[1].representative
Period[1].commitmentPeriod[10].dispatchPeriod[1].storageChargeLevel[1000MW_400
0MWh_3-c]' to a numeric value `0` outside the bounds (800, 4000).
    See also https://pyomo.readthedocs.io/en/stable/errors.html#w1002
WARNING (W1002): Setting Var 's[None,single].investmentStage[1].representative
Period[1].commitmentPeriod[11].dispatchPeriod[1].storageChargeLevel[100MW_400M
Wh_1]' to a numeric value `0` outside the bounds (80, 400).
    See also https://pyomo.readthedocs.io/en/stable/errors.html#w1002
WARNING (W1002): Setting Var 's[None,single].investmentStage[1].representative
Period[1].commitmentPeriod[11].dispatchPeriod[1].storageChargeLevel[100MW_800M
Wh-1]' to a numeric value `0` outside the bounds (160, 800).
    See also https://pyomo.readthedocs.io/en/stable/errors.html#w1002
WARNING (W1002): Setting Var 's[None,single].investmentStage[1].representative
Period[1].commitmentPeriod[11].dispatchPeriod[1].storageChargeLevel[1000MW_200
0MWh_1-c]' to a numeric value `0` outside the bounds (400, 2000).
    See also https://pyomo.readthedocs.io/en/stable/errors.html#w1002
WARNING (W1002): Setting Var 's[None,single].investmentStage[1].representative
Period[1].commitmentPeriod[11].dispatchPeriod[1].storageChargeLevel[1000MW_400
0MWh_1-c]' to a numeric value `0` outside the bounds (800, 4000).
    See also https://pyomo.readthedocs.io/en/stable/errors.html#w1002
WARNING (W1002): Setting Var 's[None,single].investmentStage[1].representative
Period[1].commitmentPeriod[11].dispatchPeriod[1].storageChargeLevel[100MW_400M
Wh_2-c]' to a numeric value `0` outside the bounds (80, 400).
    See also https://pyomo.readthedocs.io/en/stable/errors.html#w1002
WARNING (W1002): Setting Var 's[None,single].investmentStage[1].representative
Period[1].commitmentPeriod[11].dispatchPeriod[1].storageChargeLevel[100MW_800M
Wh_2-c]' to a numeric value `0` outside the bounds (160, 800).
    See also https://pyomo.readthedocs.io/en/stable/errors.html#w1002
WARNING (W1002): Setting Var 's[None,single].investmentStage[1].representative
Period[1].commitmentPeriod[11].dispatchPeriod[1].storageChargeLevel[1000MW_200
0MWh_2-c]' to a numeric value `0` outside the bounds (400, 2000).
    See also https://pyomo.readthedocs.io/en/stable/errors.html#w1002
WARNING (W1002): Setting Var 's[None,single].investmentStage[1].representative
Period[1].commitmentPeriod[11].dispatchPeriod[1].storageChargeLevel[1000MW_400
0MWh_2-c]' to a numeric value `0` outside the bounds (800, 4000).
    See also https://pyomo.readthedocs.io/en/stable/errors.html#w1002
WARNING (W1002): Setting Var 's[None,single].investmentStage[1].representative
Period[1].commitmentPeriod[11].dispatchPeriod[1].storageChargeLevel[100MW_400M
Wh_3-c]' to a numeric value `0` outside the bounds (80, 400).
    See also https://pyomo.readthedocs.io/en/stable/errors.html#w1002
WARNING (W1002): Setting Var 's[None,single].investmentStage[1].representative
Period[1].commitmentPeriod[11].dispatchPeriod[1].storageChargeLevel[100MW_800M
Wh_3-c]' to a numeric value `0` outside the bounds (160, 800).
    See also https://pyomo.readthedocs.io/en/stable/errors.html#w1002
WARNING (W1002): Setting Var 's[None,single].investmentStage[1].representative
Period[1].commitmentPeriod[11].dispatchPeriod[1].storageChargeLevel[1000MW_200
0MWh_3-c]' to a numeric value `0` outside the bounds (400, 2000).
    See also https://pyomo.readthedocs.io/en/stable/errors.html#w1002
WARNING (W1002): Setting Var 's[None,single].investmentStage[1].representative
Period[1].commitmentPeriod[11].dispatchPeriod[1].storageChargeLevel[1000MW_400
0MWh_3-c]' to a numeric value `0` outside the bounds (800, 4000).
    See also https://pyomo.readthedocs.io/en/stable/errors.html#w1002
WARNING (W1002): Setting Var 's[None,single].investmentStage[1].representative
Period[1].commitmentPeriod[12].dispatchPeriod[1].storageChargeLevel[100MW_400M
Wh_1]' to a numeric value `0` outside the bounds (80, 400).
    See also https://pyomo.readthedocs.io/en/stable/errors.html#w1002
WARNING (W1002): Setting Var 's[None,single].investmentStage[1].representative
Period[1].commitmentPeriod[12].dispatchPeriod[1].storageChargeLevel[100MW_800M
Wh-1]' to a numeric value `0` outside the bounds (160, 800).
    See also https://pyomo.readthedocs.io/en/stable/errors.html#w1002
WARNING (W1002): Setting Var 's[None,single].investmentStage[1].representative
Period[1].commitmentPeriod[12].dispatchPeriod[1].storageChargeLevel[1000MW_200
0MWh_1-c]' to a numeric value `0` outside the bounds (400, 2000).
    See also https://pyomo.readthedocs.io/en/stable/errors.html#w1002
WARNING (W1002): Setting Var 's[None,single].investmentStage[1].representative
Period[1].commitmentPeriod[12].dispatchPeriod[1].storageChargeLevel[1000MW_400
0MWh_1-c]' to a numeric value `0` outside the bounds (800, 4000).
    See also https://pyomo.readthedocs.io/en/stable/errors.html#w1002
WARNING (W1002): Setting Var 's[None,single].investmentStage[1].representative
Period[1].commitmentPeriod[12].dispatchPeriod[1].storageChargeLevel[100MW_400M
Wh_2-c]' to a numeric value `0` outside the bounds (80, 400).
    See also https://pyomo.readthedocs.io/en/stable/errors.html#w1002
WARNING (W1002): Setting Var 's[None,single].investmentStage[1].representative
Period[1].commitmentPeriod[12].dispatchPeriod[1].storageChargeLevel[100MW_800M
Wh_2-c]' to a numeric value `0` outside the bounds (160, 800).
    See also https://pyomo.readthedocs.io/en/stable/errors.html#w1002
WARNING (W1002): Setting Var 's[None,single].investmentStage[1].representative
Period[1].commitmentPeriod[12].dispatchPeriod[1].storageChargeLevel[1000MW_200
0MWh_2-c]' to a numeric value `0` outside the bounds (400, 2000).
    See also https://pyomo.readthedocs.io/en/stable/errors.html#w1002
WARNING (W1002): Setting Var 's[None,single].investmentStage[1].representative
Period[1].commitmentPeriod[12].dispatchPeriod[1].storageChargeLevel[1000MW_400
0MWh_2-c]' to a numeric value `0` outside the bounds (800, 4000).
    See also https://pyomo.readthedocs.io/en/stable/errors.html#w1002
WARNING (W1002): Setting Var 's[None,single].investmentStage[1].representative
Period[1].commitmentPeriod[12].dispatchPeriod[1].storageChargeLevel[100MW_400M
Wh_3-c]' to a numeric value `0` outside the bounds (80, 400).
    See also https://pyomo.readthedocs.io/en/stable/errors.html#w1002
WARNING (W1002): Setting Var 's[None,single].investmentStage[1].representative
Period[1].commitmentPeriod[12].dispatchPeriod[1].storageChargeLevel[100MW_800M
Wh_3-c]' to a numeric value `0` outside the bounds (160, 800).
    See also https://pyomo.readthedocs.io/en/stable/errors.html#w1002
WARNING (W1002): Setting Var 's[None,single].investmentStage[1].representative
Period[1].commitmentPeriod[12].dispatchPeriod[1].storageChargeLevel[1000MW_200
0MWh_3-c]' to a numeric value `0` outside the bounds (400, 2000).
    See also https://pyomo.readthedocs.io/en/stable/errors.html#w1002
WARNING (W1002): Setting Var 's[None,single].investmentStage[1].representative
Period[1].commitmentPeriod[12].dispatchPeriod[1].storageChargeLevel[1000MW_400
0MWh_3-c]' to a numeric value `0` outside the bounds (800, 4000).
    See also https://pyomo.readthedocs.io/en/stable/errors.html#w1002
WARNING (W1002): Setting Var 's[None,single].investmentStage[1].representative
Period[1].commitmentPeriod[13].dispatchPeriod[1].storageChargeLevel[100MW_400M
Wh_1]' to a numeric value `0` outside the bounds (80, 400).
    See also https://pyomo.readthedocs.io/en/stable/errors.html#w1002
WARNING (W1002): Setting Var 's[None,single].investmentStage[1].representative
Period[1].commitmentPeriod[13].dispatchPeriod[1].storageChargeLevel[100MW_800M
Wh-1]' to a numeric value `0` outside the bounds (160, 800).
    See also https://pyomo.readthedocs.io/en/stable/errors.html#w1002
WARNING (W1002): Setting Var 's[None,single].investmentStage[1].representative
Period[1].commitmentPeriod[13].dispatchPeriod[1].storageChargeLevel[1000MW_200
0MWh_1-c]' to a numeric value `0` outside the bounds (400, 2000).
    See also https://pyomo.readthedocs.io/en/stable/errors.html#w1002
WARNING (W1002): Setting Var 's[None,single].investmentStage[1].representative
Period[1].commitmentPeriod[13].dispatchPeriod[1].storageChargeLevel[1000MW_400
0MWh_1-c]' to a numeric value `0` outside the bounds (800, 4000).
    See also https://pyomo.readthedocs.io/en/stable/errors.html#w1002
WARNING (W1002): Setting Var 's[None,single].investmentStage[1].representative
Period[1].commitmentPeriod[13].dispatchPeriod[1].storageChargeLevel[100MW_400M
Wh_2-c]' to a numeric value `0` outside the bounds (80, 400).
    See also https://pyomo.readthedocs.io/en/stable/errors.html#w1002
WARNING (W1002): Setting Var 's[None,single].investmentStage[1].representative
Period[1].commitmentPeriod[13].dispatchPeriod[1].storageChargeLevel[100MW_800M
Wh_2-c]' to a numeric value `0` outside the bounds (160, 800).
    See also https://pyomo.readthedocs.io/en/stable/errors.html#w1002
WARNING (W1002): Setting Var 's[None,single].investmentStage[1].representative
Period[1].commitmentPeriod[13].dispatchPeriod[1].storageChargeLevel[1000MW_200
0MWh_2-c]' to a numeric value `0` outside the bounds (400, 2000).
    See also https://pyomo.readthedocs.io/en/stable/errors.html#w1002
WARNING (W1002): Setting Var 's[None,single].investmentStage[1].representative
Period[1].commitmentPeriod[13].dispatchPeriod[1].storageChargeLevel[1000MW_400
0MWh_2-c]' to a numeric value `0` outside the bounds (800, 4000).
    See also https://pyomo.readthedocs.io/en/stable/errors.html#w1002
WARNING (W1002): Setting Var 's[None,single].investmentStage[1].representative
Period[1].commitmentPeriod[13].dispatchPeriod[1].storageChargeLevel[100MW_400M
Wh_3-c]' to a numeric value `0` outside the bounds (80, 400).
    See also https://pyomo.readthedocs.io/en/stable/errors.html#w1002
WARNING (W1002): Setting Var 's[None,single].investmentStage[1].representative
Period[1].commitmentPeriod[13].dispatchPeriod[1].storageChargeLevel[100MW_800M
Wh_3-c]' to a numeric value `0` outside the bounds (160, 800).
    See also https://pyomo.readthedocs.io/en/stable/errors.html#w1002
WARNING (W1002): Setting Var 's[None,single].investmentStage[1].representative
Period[1].commitmentPeriod[13].dispatchPeriod[1].storageChargeLevel[1000MW_200
0MWh_3-c]' to a numeric value `0` outside the bounds (400, 2000).
    See also https://pyomo.readthedocs.io/en/stable/errors.html#w1002
WARNING (W1002): Setting Var 's[None,single].investmentStage[1].representative
Period[1].commitmentPeriod[13].dispatchPeriod[1].storageChargeLevel[1000MW_400
0MWh_3-c]' to a numeric value `0` outside the bounds (800, 4000).
    See also https://pyomo.readthedocs.io/en/stable/errors.html#w1002
WARNING (W1002): Setting Var 's[None,single].investmentStage[1].representative
Period[1].commitmentPeriod[14].dispatchPeriod[1].storageChargeLevel[100MW_400M
Wh_1]' to a numeric value `0` outside the bounds (80, 400).
    See also https://pyomo.readthedocs.io/en/stable/errors.html#w1002
WARNING (W1002): Setting Var 's[None,single].investmentStage[1].representative
Period[1].commitmentPeriod[14].dispatchPeriod[1].storageChargeLevel[100MW_800M
Wh-1]' to a numeric value `0` outside the bounds (160, 800).
    See also https://pyomo.readthedocs.io/en/stable/errors.html#w1002
WARNING (W1002): Setting Var 's[None,single].investmentStage[1].representative
Period[1].commitmentPeriod[14].dispatchPeriod[1].storageChargeLevel[1000MW_200
0MWh_1-c]' to a numeric value `0` outside the bounds (400, 2000).
    See also https://pyomo.readthedocs.io/en/stable/errors.html#w1002
WARNING (W1002): Setting Var 's[None,single].investmentStage[1].representative
Period[1].commitmentPeriod[14].dispatchPeriod[1].storageChargeLevel[1000MW_400
0MWh_1-c]' to a numeric value `0` outside the bounds (800, 4000).
    See also https://pyomo.readthedocs.io/en/stable/errors.html#w1002
WARNING (W1002): Setting Var 's[None,single].investmentStage[1].representative
Period[1].commitmentPeriod[14].dispatchPeriod[1].storageChargeLevel[100MW_400M
Wh_2-c]' to a numeric value `0` outside the bounds (80, 400).
    See also https://pyomo.readthedocs.io/en/stable/errors.html#w1002
WARNING (W1002): Setting Var 's[None,single].investmentStage[1].representative
Period[1].commitmentPeriod[14].dispatchPeriod[1].storageChargeLevel[100MW_800M
Wh_2-c]' to a numeric value `0` outside the bounds (160, 800).
    See also https://pyomo.readthedocs.io/en/stable/errors.html#w1002
WARNING (W1002): Setting Var 's[None,single].investmentStage[1].representative
Period[1].commitmentPeriod[14].dispatchPeriod[1].storageChargeLevel[1000MW_200
0MWh_2-c]' to a numeric value `0` outside the bounds (400, 2000).
    See also https://pyomo.readthedocs.io/en/stable/errors.html#w1002
WARNING (W1002): Setting Var 's[None,single].investmentStage[1].representative
Period[1].commitmentPeriod[14].dispatchPeriod[1].storageChargeLevel[1000MW_400
0MWh_2-c]' to a numeric value `0` outside the bounds (800, 4000).
    See also https://pyomo.readthedocs.io/en/stable/errors.html#w1002
WARNING (W1002): Setting Var 's[None,single].investmentStage[1].representative
Period[1].commitmentPeriod[14].dispatchPeriod[1].storageChargeLevel[100MW_400M
Wh_3-c]' to a numeric value `0` outside the bounds (80, 400).
    See also https://pyomo.readthedocs.io/en/stable/errors.html#w1002
WARNING (W1002): Setting Var 's[None,single].investmentStage[1].representative
Period[1].commitmentPeriod[14].dispatchPeriod[1].storageChargeLevel[100MW_800M
Wh_3-c]' to a numeric value `0` outside the bounds (160, 800).
    See also https://pyomo.readthedocs.io/en/stable/errors.html#w1002
WARNING (W1002): Setting Var 's[None,single].investmentStage[1].representative
Period[1].commitmentPeriod[14].dispatchPeriod[1].storageChargeLevel[1000MW_200
0MWh_3-c]' to a numeric value `0` outside the bounds (400, 2000).
    See also https://pyomo.readthedocs.io/en/stable/errors.html#w1002
WARNING (W1002): Setting Var 's[None,single].investmentStage[1].representative
Period[1].commitmentPeriod[14].dispatchPeriod[1].storageChargeLevel[1000MW_400
0MWh_3-c]' to a numeric value `0` outside the bounds (800, 4000).
    See also https://pyomo.readthedocs.io/en/stable/errors.html#w1002
WARNING (W1002): Setting Var 's[None,single].investmentStage[1].representative
Period[1].commitmentPeriod[15].dispatchPeriod[1].storageChargeLevel[100MW_400M
Wh_1]' to a numeric value `0` outside the bounds (80, 400).
    See also https://pyomo.readthedocs.io/en/stable/errors.html#w1002
WARNING (W1002): Setting Var 's[None,single].investmentStage[1].representative
Period[1].commitmentPeriod[15].dispatchPeriod[1].storageChargeLevel[100MW_800M
Wh-1]' to a numeric value `0` outside the bounds (160, 800).
    See also https://pyomo.readthedocs.io/en/stable/errors.html#w1002
WARNING (W1002): Setting Var 's[None,single].investmentStage[1].representative
Period[1].commitmentPeriod[15].dispatchPeriod[1].storageChargeLevel[1000MW_200
0MWh_1-c]' to a numeric value `0` outside the bounds (400, 2000).
    See also https://pyomo.readthedocs.io/en/stable/errors.html#w1002
WARNING (W1002): Setting Var 's[None,single].investmentStage[1].representative
Period[1].commitmentPeriod[15].dispatchPeriod[1].storageChargeLevel[1000MW_400
0MWh_1-c]' to a numeric value `0` outside the bounds (800, 4000).
    See also https://pyomo.readthedocs.io/en/stable/errors.html#w1002
WARNING (W1002): Setting Var 's[None,single].investmentStage[1].representative
Period[1].commitmentPeriod[15].dispatchPeriod[1].storageChargeLevel[100MW_400M
Wh_2-c]' to a numeric value `0` outside the bounds (80, 400).
    See also https://pyomo.readthedocs.io/en/stable/errors.html#w1002
WARNING (W1002): Setting Var 's[None,single].investmentStage[1].representative
Period[1].commitmentPeriod[15].dispatchPeriod[1].storageChargeLevel[100MW_800M
Wh_2-c]' to a numeric value `0` outside the bounds (160, 800).
    See also https://pyomo.readthedocs.io/en/stable/errors.html#w1002
WARNING (W1002): Setting Var 's[None,single].investmentStage[1].representative
Period[1].commitmentPeriod[15].dispatchPeriod[1].storageChargeLevel[1000MW_200
0MWh_2-c]' to a numeric value `0` outside the bounds (400, 2000).
    See also https://pyomo.readthedocs.io/en/stable/errors.html#w1002
WARNING (W1002): Setting Var 's[None,single].investmentStage[1].representative
Period[1].commitmentPeriod[15].dispatchPeriod[1].storageChargeLevel[1000MW_400
0MWh_2-c]' to a numeric value `0` outside the bounds (800, 4000).
    See also https://pyomo.readthedocs.io/en/stable/errors.html#w1002
WARNING (W1002): Setting Var 's[None,single].investmentStage[1].representative
Period[1].commitmentPeriod[15].dispatchPeriod[1].storageChargeLevel[100MW_400M
Wh_3-c]' to a numeric value `0` outside the bounds (80, 400).
    See also https://pyomo.readthedocs.io/en/stable/errors.html#w1002
WARNING (W1002): Setting Var 's[None,single].investmentStage[1].representative
Period[1].commitmentPeriod[15].dispatchPeriod[1].storageChargeLevel[100MW_800M
Wh_3-c]' to a numeric value `0` outside the bounds (160, 800).
    See also https://pyomo.readthedocs.io/en/stable/errors.html#w1002
WARNING (W1002): Setting Var 's[None,single].investmentStage[1].representative
Period[1].commitmentPeriod[15].dispatchPeriod[1].storageChargeLevel[1000MW_200
0MWh_3-c]' to a numeric value `0` outside the bounds (400, 2000).
    See also https://pyomo.readthedocs.io/en/stable/errors.html#w1002
WARNING (W1002): Setting Var 's[None,single].investmentStage[1].representative
Period[1].commitmentPeriod[15].dispatchPeriod[1].storageChargeLevel[1000MW_400
0MWh_3-c]' to a numeric value `0` outside the bounds (800, 4000).
    See also https://pyomo.readthedocs.io/en/stable/errors.html#w1002
WARNING (W1002): Setting Var 's[None,single].investmentStage[1].representative
Period[1].commitmentPeriod[16].dispatchPeriod[1].storageChargeLevel[100MW_400M
Wh_1]' to a numeric value `0` outside the bounds (80, 400).
    See also https://pyomo.readthedocs.io/en/stable/errors.html#w1002
WARNING (W1002): Setting Var 's[None,single].investmentStage[1].representative
Period[1].commitmentPeriod[16].dispatchPeriod[1].storageChargeLevel[100MW_800M
Wh-1]' to a numeric value `0` outside the bounds (160, 800).
    See also https://pyomo.readthedocs.io/en/stable/errors.html#w1002
WARNING (W1002): Setting Var 's[None,single].investmentStage[1].representative
Period[1].commitmentPeriod[16].dispatchPeriod[1].storageChargeLevel[1000MW_200
0MWh_1-c]' to a numeric value `0` outside the bounds (400, 2000).
    See also https://pyomo.readthedocs.io/en/stable/errors.html#w1002
WARNING (W1002): Setting Var 's[None,single].investmentStage[1].representative
Period[1].commitmentPeriod[16].dispatchPeriod[1].storageChargeLevel[1000MW_400
0MWh_1-c]' to a numeric value `0` outside the bounds (800, 4000).
    See also https://pyomo.readthedocs.io/en/stable/errors.html#w1002
WARNING (W1002): Setting Var 's[None,single].investmentStage[1].representative
Period[1].commitmentPeriod[16].dispatchPeriod[1].storageChargeLevel[100MW_400M
Wh_2-c]' to a numeric value `0` outside the bounds (80, 400).
    See also https://pyomo.readthedocs.io/en/stable/errors.html#w1002
WARNING (W1002): Setting Var 's[None,single].investmentStage[1].representative
Period[1].commitmentPeriod[16].dispatchPeriod[1].storageChargeLevel[100MW_800M
Wh_2-c]' to a numeric value `0` outside the bounds (160, 800).
    See also https://pyomo.readthedocs.io/en/stable/errors.html#w1002
WARNING (W1002): Setting Var 's[None,single].investmentStage[1].representative
Period[1].commitmentPeriod[16].dispatchPeriod[1].storageChargeLevel[1000MW_200
0MWh_2-c]' to a numeric value `0` outside the bounds (400, 2000).
    See also https://pyomo.readthedocs.io/en/stable/errors.html#w1002
WARNING (W1002): Setting Var 's[None,single].investmentStage[1].representative
Period[1].commitmentPeriod[16].dispatchPeriod[1].storageChargeLevel[1000MW_400
0MWh_2-c]' to a numeric value `0` outside the bounds (800, 4000).
    See also https://pyomo.readthedocs.io/en/stable/errors.html#w1002
WARNING (W1002): Setting Var 's[None,single].investmentStage[1].representative
Period[1].commitmentPeriod[16].dispatchPeriod[1].storageChargeLevel[100MW_400M
Wh_3-c]' to a numeric value `0` outside the bounds (80, 400).
    See also https://pyomo.readthedocs.io/en/stable/errors.html#w1002
WARNING (W1002): Setting Var 's[None,single].investmentStage[1].representative
Period[1].commitmentPeriod[16].dispatchPeriod[1].storageChargeLevel[100MW_800M
Wh_3-c]' to a numeric value `0` outside the bounds (160, 800).
    See also https://pyomo.readthedocs.io/en/stable/errors.html#w1002
WARNING (W1002): Setting Var 's[None,single].investmentStage[1].representative
Period[1].commitmentPeriod[16].dispatchPeriod[1].storageChargeLevel[1000MW_200
0MWh_3-c]' to a numeric value `0` outside the bounds (400, 2000).
    See also https://pyomo.readthedocs.io/en/stable/errors.html#w1002
WARNING (W1002): Setting Var 's[None,single].investmentStage[1].representative
Period[1].commitmentPeriod[16].dispatchPeriod[1].storageChargeLevel[1000MW_400
0MWh_3-c]' to a numeric value `0` outside the bounds (800, 4000).
    See also https://pyomo.readthedocs.io/en/stable/errors.html#w1002
WARNING (W1002): Setting Var 's[None,single].investmentStage[1].representative
Period[1].commitmentPeriod[17].dispatchPeriod[1].storageChargeLevel[100MW_400M
Wh_1]' to a numeric value `0` outside the bounds (80, 400).
    See also https://pyomo.readthedocs.io/en/stable/errors.html#w1002
WARNING (W1002): Setting Var 's[None,single].investmentStage[1].representative
Period[1].commitmentPeriod[17].dispatchPeriod[1].storageChargeLevel[100MW_800M
Wh-1]' to a numeric value `0` outside the bounds (160, 800).
    See also https://pyomo.readthedocs.io/en/stable/errors.html#w1002
WARNING (W1002): Setting Var 's[None,single].investmentStage[1].representative
Period[1].commitmentPeriod[17].dispatchPeriod[1].storageChargeLevel[1000MW_200
0MWh_1-c]' to a numeric value `0` outside the bounds (400, 2000).
    See also https://pyomo.readthedocs.io/en/stable/errors.html#w1002
WARNING (W1002): Setting Var 's[None,single].investmentStage[1].representative
Period[1].commitmentPeriod[17].dispatchPeriod[1].storageChargeLevel[1000MW_400
0MWh_1-c]' to a numeric value `0` outside the bounds (800, 4000).
    See also https://pyomo.readthedocs.io/en/stable/errors.html#w1002
WARNING (W1002): Setting Var 's[None,single].investmentStage[1].representative
Period[1].commitmentPeriod[17].dispatchPeriod[1].storageChargeLevel[100MW_400M
Wh_2-c]' to a numeric value `0` outside the bounds (80, 400).
    See also https://pyomo.readthedocs.io/en/stable/errors.html#w1002
WARNING (W1002): Setting Var 's[None,single].investmentStage[1].representative
Period[1].commitmentPeriod[17].dispatchPeriod[1].storageChargeLevel[100MW_800M
Wh_2-c]' to a numeric value `0` outside the bounds (160, 800).
    See also https://pyomo.readthedocs.io/en/stable/errors.html#w1002
WARNING (W1002): Setting Var 's[None,single].investmentStage[1].representative
Period[1].commitmentPeriod[17].dispatchPeriod[1].storageChargeLevel[1000MW_200
0MWh_2-c]' to a numeric value `0` outside the bounds (400, 2000).
    See also https://pyomo.readthedocs.io/en/stable/errors.html#w1002
WARNING (W1002): Setting Var 's[None,single].investmentStage[1].representative
Period[1].commitmentPeriod[17].dispatchPeriod[1].storageChargeLevel[1000MW_400
0MWh_2-c]' to a numeric value `0` outside the bounds (800, 4000).
    See also https://pyomo.readthedocs.io/en/stable/errors.html#w1002
WARNING (W1002): Setting Var 's[None,single].investmentStage[1].representative
Period[1].commitmentPeriod[17].dispatchPeriod[1].storageChargeLevel[100MW_400M
Wh_3-c]' to a numeric value `0` outside the bounds (80, 400).
    See also https://pyomo.readthedocs.io/en/stable/errors.html#w1002
WARNING (W1002): Setting Var 's[None,single].investmentStage[1].representative
Period[1].commitmentPeriod[17].dispatchPeriod[1].storageChargeLevel[100MW_800M
Wh_3-c]' to a numeric value `0` outside the bounds (160, 800).
    See also https://pyomo.readthedocs.io/en/stable/errors.html#w1002
WARNING (W1002): Setting Var 's[None,single].investmentStage[1].representative
Period[1].commitmentPeriod[17].dispatchPeriod[1].storageChargeLevel[1000MW_200
0MWh_3-c]' to a numeric value `0` outside the bounds (400, 2000).
    See also https://pyomo.readthedocs.io/en/stable/errors.html#w1002
WARNING (W1002): Setting Var 's[None,single].investmentStage[1].representative
Period[1].commitmentPeriod[17].dispatchPeriod[1].storageChargeLevel[1000MW_400
0MWh_3-c]' to a numeric value `0` outside the bounds (800, 4000).
    See also https://pyomo.readthedocs.io/en/stable/errors.html#w1002
WARNING (W1002): Setting Var 's[None,single].investmentStage[1].representative
Period[1].commitmentPeriod[18].dispatchPeriod[1].storageChargeLevel[100MW_400M
Wh_1]' to a numeric value `0` outside the bounds (80, 400).
    See also https://pyomo.readthedocs.io/en/stable/errors.html#w1002
WARNING (W1002): Setting Var 's[None,single].investmentStage[1].representative
Period[1].commitmentPeriod[18].dispatchPeriod[1].storageChargeLevel[100MW_800M
Wh-1]' to a numeric value `0` outside the bounds (160, 800).
    See also https://pyomo.readthedocs.io/en/stable/errors.html#w1002
WARNING (W1002): Setting Var 's[None,single].investmentStage[1].representative
Period[1].commitmentPeriod[18].dispatchPeriod[1].storageChargeLevel[1000MW_200
0MWh_1-c]' to a numeric value `0` outside the bounds (400, 2000).
    See also https://pyomo.readthedocs.io/en/stable/errors.html#w1002
WARNING (W1002): Setting Var 's[None,single].investmentStage[1].representative
Period[1].commitmentPeriod[18].dispatchPeriod[1].storageChargeLevel[1000MW_400
0MWh_1-c]' to a numeric value `0` outside the bounds (800, 4000).
    See also https://pyomo.readthedocs.io/en/stable/errors.html#w1002
WARNING (W1002): Setting Var 's[None,single].investmentStage[1].representative
Period[1].commitmentPeriod[18].dispatchPeriod[1].storageChargeLevel[100MW_400M
Wh_2-c]' to a numeric value `0` outside the bounds (80, 400).
    See also https://pyomo.readthedocs.io/en/stable/errors.html#w1002
WARNING (W1002): Setting Var 's[None,single].investmentStage[1].representative
Period[1].commitmentPeriod[18].dispatchPeriod[1].storageChargeLevel[100MW_800M
Wh_2-c]' to a numeric value `0` outside the bounds (160, 800).
    See also https://pyomo.readthedocs.io/en/stable/errors.html#w1002
WARNING (W1002): Setting Var 's[None,single].investmentStage[1].representative
Period[1].commitmentPeriod[18].dispatchPeriod[1].storageChargeLevel[1000MW_200
0MWh_2-c]' to a numeric value `0` outside the bounds (400, 2000).
    See also https://pyomo.readthedocs.io/en/stable/errors.html#w1002
WARNING (W1002): Setting Var 's[None,single].investmentStage[1].representative
Period[1].commitmentPeriod[18].dispatchPeriod[1].storageChargeLevel[1000MW_400
0MWh_2-c]' to a numeric value `0` outside the bounds (800, 4000).
    See also https://pyomo.readthedocs.io/en/stable/errors.html#w1002
WARNING (W1002): Setting Var 's[None,single].investmentStage[1].representative
Period[1].commitmentPeriod[18].dispatchPeriod[1].storageChargeLevel[100MW_400M
Wh_3-c]' to a numeric value `0` outside the bounds (80, 400).
    See also https://pyomo.readthedocs.io/en/stable/errors.html#w1002
WARNING (W1002): Setting Var 's[None,single].investmentStage[1].representative
Period[1].commitmentPeriod[18].dispatchPeriod[1].storageChargeLevel[100MW_800M
Wh_3-c]' to a numeric value `0` outside the bounds (160, 800).
    See also https://pyomo.readthedocs.io/en/stable/errors.html#w1002
WARNING (W1002): Setting Var 's[None,single].investmentStage[1].representative
Period[1].commitmentPeriod[18].dispatchPeriod[1].storageChargeLevel[1000MW_200
0MWh_3-c]' to a numeric value `0` outside the bounds (400, 2000).
    See also https://pyomo.readthedocs.io/en/stable/errors.html#w1002
WARNING (W1002): Setting Var 's[None,single].investmentStage[1].representative
Period[1].commitmentPeriod[18].dispatchPeriod[1].storageChargeLevel[1000MW_400
0MWh_3-c]' to a numeric value `0` outside the bounds (800, 4000).
    See also https://pyomo.readthedocs.io/en/stable/errors.html#w1002
WARNING (W1002): Setting Var 's[None,single].investmentStage[1].representative
Period[1].commitmentPeriod[19].dispatchPeriod[1].storageChargeLevel[100MW_400M
Wh_1]' to a numeric value `0` outside the bounds (80, 400).
    See also https://pyomo.readthedocs.io/en/stable/errors.html#w1002
WARNING (W1002): Setting Var 's[None,single].investmentStage[1].representative
Period[1].commitmentPeriod[19].dispatchPeriod[1].storageChargeLevel[100MW_800M
Wh-1]' to a numeric value `0` outside the bounds (160, 800).
    See also https://pyomo.readthedocs.io/en/stable/errors.html#w1002
WARNING (W1002): Setting Var 's[None,single].investmentStage[1].representative
Period[1].commitmentPeriod[19].dispatchPeriod[1].storageChargeLevel[1000MW_200
0MWh_1-c]' to a numeric value `0` outside the bounds (400, 2000).
    See also https://pyomo.readthedocs.io/en/stable/errors.html#w1002
WARNING (W1002): Setting Var 's[None,single].investmentStage[1].representative
Period[1].commitmentPeriod[19].dispatchPeriod[1].storageChargeLevel[1000MW_400
0MWh_1-c]' to a numeric value `0` outside the bounds (800, 4000).
    See also https://pyomo.readthedocs.io/en/stable/errors.html#w1002
WARNING (W1002): Setting Var 's[None,single].investmentStage[1].representative
Period[1].commitmentPeriod[19].dispatchPeriod[1].storageChargeLevel[100MW_400M
Wh_2-c]' to a numeric value `0` outside the bounds (80, 400).
    See also https://pyomo.readthedocs.io/en/stable/errors.html#w1002
WARNING (W1002): Setting Var 's[None,single].investmentStage[1].representative
Period[1].commitmentPeriod[19].dispatchPeriod[1].storageChargeLevel[100MW_800M
Wh_2-c]' to a numeric value `0` outside the bounds (160, 800).
    See also https://pyomo.readthedocs.io/en/stable/errors.html#w1002
WARNING (W1002): Setting Var 's[None,single].investmentStage[1].representative
Period[1].commitmentPeriod[19].dispatchPeriod[1].storageChargeLevel[1000MW_200
0MWh_2-c]' to a numeric value `0` outside the bounds (400, 2000).
    See also https://pyomo.readthedocs.io/en/stable/errors.html#w1002
WARNING (W1002): Setting Var 's[None,single].investmentStage[1].representative
Period[1].commitmentPeriod[19].dispatchPeriod[1].storageChargeLevel[1000MW_400
0MWh_2-c]' to a numeric value `0` outside the bounds (800, 4000).
    See also https://pyomo.readthedocs.io/en/stable/errors.html#w1002
WARNING (W1002): Setting Var 's[None,single].investmentStage[1].representative
Period[1].commitmentPeriod[19].dispatchPeriod[1].storageChargeLevel[100MW_400M
Wh_3-c]' to a numeric value `0` outside the bounds (80, 400).
    See also https://pyomo.readthedocs.io/en/stable/errors.html#w1002
WARNING (W1002): Setting Var 's[None,single].investmentStage[1].representative
Period[1].commitmentPeriod[19].dispatchPeriod[1].storageChargeLevel[100MW_800M
Wh_3-c]' to a numeric value `0` outside the bounds (160, 800).
    See also https://pyomo.readthedocs.io/en/stable/errors.html#w1002
WARNING (W1002): Setting Var 's[None,single].investmentStage[1].representative
Period[1].commitmentPeriod[19].dispatchPeriod[1].storageChargeLevel[1000MW_200
0MWh_3-c]' to a numeric value `0` outside the bounds (400, 2000).
    See also https://pyomo.readthedocs.io/en/stable/errors.html#w1002
WARNING (W1002): Setting Var 's[None,single].investmentStage[1].representative
Period[1].commitmentPeriod[19].dispatchPeriod[1].storageChargeLevel[1000MW_400
0MWh_3-c]' to a numeric value `0` outside the bounds (800, 4000).
    See also https://pyomo.readthedocs.io/en/stable/errors.html#w1002
WARNING (W1002): Setting Var 's[None,single].investmentStage[1].representative
Period[1].commitmentPeriod[20].dispatchPeriod[1].storageChargeLevel[100MW_400M
Wh_1]' to a numeric value `0` outside the bounds (80, 400).
    See also https://pyomo.readthedocs.io/en/stable/errors.html#w1002
WARNING (W1002): Setting Var 's[None,single].investmentStage[1].representative
Period[1].commitmentPeriod[20].dispatchPeriod[1].storageChargeLevel[100MW_800M
Wh-1]' to a numeric value `0` outside the bounds (160, 800).
    See also https://pyomo.readthedocs.io/en/stable/errors.html#w1002
WARNING (W1002): Setting Var 's[None,single].investmentStage[1].representative
Period[1].commitmentPeriod[20].dispatchPeriod[1].storageChargeLevel[1000MW_200
0MWh_1-c]' to a numeric value `0` outside the bounds (400, 2000).
    See also https://pyomo.readthedocs.io/en/stable/errors.html#w1002
WARNING (W1002): Setting Var 's[None,single].investmentStage[1].representative
Period[1].commitmentPeriod[20].dispatchPeriod[1].storageChargeLevel[1000MW_400
0MWh_1-c]' to a numeric value `0` outside the bounds (800, 4000).
    See also https://pyomo.readthedocs.io/en/stable/errors.html#w1002
WARNING (W1002): Setting Var 's[None,single].investmentStage[1].representative
Period[1].commitmentPeriod[20].dispatchPeriod[1].storageChargeLevel[100MW_400M
Wh_2-c]' to a numeric value `0` outside the bounds (80, 400).
    See also https://pyomo.readthedocs.io/en/stable/errors.html#w1002
WARNING (W1002): Setting Var 's[None,single].investmentStage[1].representative
Period[1].commitmentPeriod[20].dispatchPeriod[1].storageChargeLevel[100MW_800M
Wh_2-c]' to a numeric value `0` outside the bounds (160, 800).
    See also https://pyomo.readthedocs.io/en/stable/errors.html#w1002
WARNING (W1002): Setting Var 's[None,single].investmentStage[1].representative
Period[1].commitmentPeriod[20].dispatchPeriod[1].storageChargeLevel[1000MW_200
0MWh_2-c]' to a numeric value `0` outside the bounds (400, 2000).
    See also https://pyomo.readthedocs.io/en/stable/errors.html#w1002
WARNING (W1002): Setting Var 's[None,single].investmentStage[1].representative
Period[1].commitmentPeriod[20].dispatchPeriod[1].storageChargeLevel[1000MW_400
0MWh_2-c]' to a numeric value `0` outside the bounds (800, 4000).
    See also https://pyomo.readthedocs.io/en/stable/errors.html#w1002
WARNING (W1002): Setting Var 's[None,single].investmentStage[1].representative
Period[1].commitmentPeriod[20].dispatchPeriod[1].storageChargeLevel[100MW_400M
Wh_3-c]' to a numeric value `0` outside the bounds (80, 400).
    See also https://pyomo.readthedocs.io/en/stable/errors.html#w1002
WARNING (W1002): Setting Var 's[None,single].investmentStage[1].representative
Period[1].commitmentPeriod[20].dispatchPeriod[1].storageChargeLevel[100MW_800M
Wh_3-c]' to a numeric value `0` outside the bounds (160, 800).
    See also https://pyomo.readthedocs.io/en/stable/errors.html#w1002
WARNING (W1002): Setting Var 's[None,single].investmentStage[1].representative
Period[1].commitmentPeriod[20].dispatchPeriod[1].storageChargeLevel[1000MW_200
0MWh_3-c]' to a numeric value `0` outside the bounds (400, 2000).
    See also https://pyomo.readthedocs.io/en/stable/errors.html#w1002
WARNING (W1002): Setting Var 's[None,single].investmentStage[1].representative
Period[1].commitmentPeriod[20].dispatchPeriod[1].storageChargeLevel[1000MW_400
0MWh_3-c]' to a numeric value `0` outside the bounds (800, 4000).
    See also https://pyomo.readthedocs.io/en/stable/errors.html#w1002
WARNING (W1002): Setting Var 's[None,single].investmentStage[1].representative
Period[1].commitmentPeriod[21].dispatchPeriod[1].storageChargeLevel[100MW_400M
Wh_1]' to a numeric value `0` outside the bounds (80, 400).
    See also https://pyomo.readthedocs.io/en/stable/errors.html#w1002
WARNING (W1002): Setting Var 's[None,single].investmentStage[1].representative
Period[1].commitmentPeriod[21].dispatchPeriod[1].storageChargeLevel[100MW_800M
Wh-1]' to a numeric value `0` outside the bounds (160, 800).
    See also https://pyomo.readthedocs.io/en/stable/errors.html#w1002
WARNING (W1002): Setting Var 's[None,single].investmentStage[1].representative
Period[1].commitmentPeriod[21].dispatchPeriod[1].storageChargeLevel[1000MW_200
0MWh_1-c]' to a numeric value `0` outside the bounds (400, 2000).
    See also https://pyomo.readthedocs.io/en/stable/errors.html#w1002
WARNING (W1002): Setting Var 's[None,single].investmentStage[1].representative
Period[1].commitmentPeriod[21].dispatchPeriod[1].storageChargeLevel[1000MW_400
0MWh_1-c]' to a numeric value `0` outside the bounds (800, 4000).
    See also https://pyomo.readthedocs.io/en/stable/errors.html#w1002
WARNING (W1002): Setting Var 's[None,single].investmentStage[1].representative
Period[1].commitmentPeriod[21].dispatchPeriod[1].storageChargeLevel[100MW_400M
Wh_2-c]' to a numeric value `0` outside the bounds (80, 400).
    See also https://pyomo.readthedocs.io/en/stable/errors.html#w1002
WARNING (W1002): Setting Var 's[None,single].investmentStage[1].representative
Period[1].commitmentPeriod[21].dispatchPeriod[1].storageChargeLevel[100MW_800M
Wh_2-c]' to a numeric value `0` outside the bounds (160, 800).
    See also https://pyomo.readthedocs.io/en/stable/errors.html#w1002
WARNING (W1002): Setting Var 's[None,single].investmentStage[1].representative
Period[1].commitmentPeriod[21].dispatchPeriod[1].storageChargeLevel[1000MW_200
0MWh_2-c]' to a numeric value `0` outside the bounds (400, 2000).
    See also https://pyomo.readthedocs.io/en/stable/errors.html#w1002
WARNING (W1002): Setting Var 's[None,single].investmentStage[1].representative
Period[1].commitmentPeriod[21].dispatchPeriod[1].storageChargeLevel[1000MW_400
0MWh_2-c]' to a numeric value `0` outside the bounds (800, 4000).
    See also https://pyomo.readthedocs.io/en/stable/errors.html#w1002
WARNING (W1002): Setting Var 's[None,single].investmentStage[1].representative
Period[1].commitmentPeriod[21].dispatchPeriod[1].storageChargeLevel[100MW_400M
Wh_3-c]' to a numeric value `0` outside the bounds (80, 400).
    See also https://pyomo.readthedocs.io/en/stable/errors.html#w1002
WARNING (W1002): Setting Var 's[None,single].investmentStage[1].representative
Period[1].commitmentPeriod[21].dispatchPeriod[1].storageChargeLevel[100MW_800M
Wh_3-c]' to a numeric value `0` outside the bounds (160, 800).
    See also https://pyomo.readthedocs.io/en/stable/errors.html#w1002
WARNING (W1002): Setting Var 's[None,single].investmentStage[1].representative
Period[1].commitmentPeriod[21].dispatchPeriod[1].storageChargeLevel[1000MW_200
0MWh_3-c]' to a numeric value `0` outside the bounds (400, 2000).
    See also https://pyomo.readthedocs.io/en/stable/errors.html#w1002
WARNING (W1002): Setting Var 's[None,single].investmentStage[1].representative
Period[1].commitmentPeriod[21].dispatchPeriod[1].storageChargeLevel[1000MW_400
0MWh_3-c]' to a numeric value `0` outside the bounds (800, 4000).
    See also https://pyomo.readthedocs.io/en/stable/errors.html#w1002
WARNING (W1002): Setting Var 's[None,single].investmentStage[1].representative
Period[1].commitmentPeriod[22].dispatchPeriod[1].storageChargeLevel[100MW_400M
Wh_1]' to a numeric value `0` outside the bounds (80, 400).
    See also https://pyomo.readthedocs.io/en/stable/errors.html#w1002
WARNING (W1002): Setting Var 's[None,single].investmentStage[1].representative
Period[1].commitmentPeriod[22].dispatchPeriod[1].storageChargeLevel[100MW_800M
Wh-1]' to a numeric value `0` outside the bounds (160, 800).
    See also https://pyomo.readthedocs.io/en/stable/errors.html#w1002
WARNING (W1002): Setting Var 's[None,single].investmentStage[1].representative
Period[1].commitmentPeriod[22].dispatchPeriod[1].storageChargeLevel[1000MW_200
0MWh_1-c]' to a numeric value `0` outside the bounds (400, 2000).
    See also https://pyomo.readthedocs.io/en/stable/errors.html#w1002
WARNING (W1002): Setting Var 's[None,single].investmentStage[1].representative
Period[1].commitmentPeriod[22].dispatchPeriod[1].storageChargeLevel[1000MW_400
0MWh_1-c]' to a numeric value `0` outside the bounds (800, 4000).
    See also https://pyomo.readthedocs.io/en/stable/errors.html#w1002
WARNING (W1002): Setting Var 's[None,single].investmentStage[1].representative
Period[1].commitmentPeriod[22].dispatchPeriod[1].storageChargeLevel[100MW_400M
Wh_2-c]' to a numeric value `0` outside the bounds (80, 400).
    See also https://pyomo.readthedocs.io/en/stable/errors.html#w1002
WARNING (W1002): Setting Var 's[None,single].investmentStage[1].representative
Period[1].commitmentPeriod[22].dispatchPeriod[1].storageChargeLevel[100MW_800M
Wh_2-c]' to a numeric value `0` outside the bounds (160, 800).
    See also https://pyomo.readthedocs.io/en/stable/errors.html#w1002
WARNING (W1002): Setting Var 's[None,single].investmentStage[1].representative
Period[1].commitmentPeriod[22].dispatchPeriod[1].storageChargeLevel[1000MW_200
0MWh_2-c]' to a numeric value `0` outside the bounds (400, 2000).
    See also https://pyomo.readthedocs.io/en/stable/errors.html#w1002
WARNING (W1002): Setting Var 's[None,single].investmentStage[1].representative
Period[1].commitmentPeriod[22].dispatchPeriod[1].storageChargeLevel[1000MW_400
0MWh_2-c]' to a numeric value `0` outside the bounds (800, 4000).
    See also https://pyomo.readthedocs.io/en/stable/errors.html#w1002
WARNING (W1002): Setting Var 's[None,single].investmentStage[1].representative
Period[1].commitmentPeriod[22].dispatchPeriod[1].storageChargeLevel[100MW_400M
Wh_3-c]' to a numeric value `0` outside the bounds (80, 400).
    See also https://pyomo.readthedocs.io/en/stable/errors.html#w1002
WARNING (W1002): Setting Var 's[None,single].investmentStage[1].representative
Period[1].commitmentPeriod[22].dispatchPeriod[1].storageChargeLevel[100MW_800M
Wh_3-c]' to a numeric value `0` outside the bounds (160, 800).
    See also https://pyomo.readthedocs.io/en/stable/errors.html#w1002
WARNING (W1002): Setting Var 's[None,single].investmentStage[1].representative
Period[1].commitmentPeriod[22].dispatchPeriod[1].storageChargeLevel[1000MW_200
0MWh_3-c]' to a numeric value `0` outside the bounds (400, 2000).
    See also https://pyomo.readthedocs.io/en/stable/errors.html#w1002
WARNING (W1002): Setting Var 's[None,single].investmentStage[1].representative
Period[1].commitmentPeriod[22].dispatchPeriod[1].storageChargeLevel[1000MW_400
0MWh_3-c]' to a numeric value `0` outside the bounds (800, 4000).
    See also https://pyomo.readthedocs.io/en/stable/errors.html#w1002
WARNING (W1002): Setting Var 's[None,single].investmentStage[1].representative
Period[1].commitmentPeriod[23].dispatchPeriod[1].storageChargeLevel[100MW_400M
Wh_1]' to a numeric value `0` outside the bounds (80, 400).
    See also https://pyomo.readthedocs.io/en/stable/errors.html#w1002
WARNING (W1002): Setting Var 's[None,single].investmentStage[1].representative
Period[1].commitmentPeriod[23].dispatchPeriod[1].storageChargeLevel[100MW_800M
Wh-1]' to a numeric value `0` outside the bounds (160, 800).
    See also https://pyomo.readthedocs.io/en/stable/errors.html#w1002
WARNING (W1002): Setting Var 's[None,single].investmentStage[1].representative
Period[1].commitmentPeriod[23].dispatchPeriod[1].storageChargeLevel[1000MW_200
0MWh_1-c]' to a numeric value `0` outside the bounds (400, 2000).
    See also https://pyomo.readthedocs.io/en/stable/errors.html#w1002
WARNING (W1002): Setting Var 's[None,single].investmentStage[1].representative
Period[1].commitmentPeriod[23].dispatchPeriod[1].storageChargeLevel[1000MW_400
0MWh_1-c]' to a numeric value `0` outside the bounds (800, 4000).
    See also https://pyomo.readthedocs.io/en/stable/errors.html#w1002
WARNING (W1002): Setting Var 's[None,single].investmentStage[1].representative
Period[1].commitmentPeriod[23].dispatchPeriod[1].storageChargeLevel[100MW_400M
Wh_2-c]' to a numeric value `0` outside the bounds (80, 400).
    See also https://pyomo.readthedocs.io/en/stable/errors.html#w1002
WARNING (W1002): Setting Var 's[None,single].investmentStage[1].representative
Period[1].commitmentPeriod[23].dispatchPeriod[1].storageChargeLevel[100MW_800M
Wh_2-c]' to a numeric value `0` outside the bounds (160, 800).
    See also https://pyomo.readthedocs.io/en/stable/errors.html#w1002
WARNING (W1002): Setting Var 's[None,single].investmentStage[1].representative
Period[1].commitmentPeriod[23].dispatchPeriod[1].storageChargeLevel[1000MW_200
0MWh_2-c]' to a numeric value `0` outside the bounds (400, 2000).
    See also https://pyomo.readthedocs.io/en/stable/errors.html#w1002
WARNING (W1002): Setting Var 's[None,single].investmentStage[1].representative
Period[1].commitmentPeriod[23].dispatchPeriod[1].storageChargeLevel[1000MW_400
0MWh_2-c]' to a numeric value `0` outside the bounds (800, 4000).
    See also https://pyomo.readthedocs.io/en/stable/errors.html#w1002
WARNING (W1002): Setting Var 's[None,single].investmentStage[1].representative
Period[1].commitmentPeriod[23].dispatchPeriod[1].storageChargeLevel[100MW_400M
Wh_3-c]' to a numeric value `0` outside the bounds (80, 400).
    See also https://pyomo.readthedocs.io/en/stable/errors.html#w1002
WARNING (W1002): Setting Var 's[None,single].investmentStage[1].representative
Period[1].commitmentPeriod[23].dispatchPeriod[1].storageChargeLevel[100MW_800M
Wh_3-c]' to a numeric value `0` outside the bounds (160, 800).
    See also https://pyomo.readthedocs.io/en/stable/errors.html#w1002
WARNING (W1002): Setting Var 's[None,single].investmentStage[1].representative
Period[1].commitmentPeriod[23].dispatchPeriod[1].storageChargeLevel[1000MW_200
0MWh_3-c]' to a numeric value `0` outside the bounds (400, 2000).
    See also https://pyomo.readthedocs.io/en/stable/errors.html#w1002
WARNING (W1002): Setting Var 's[None,single].investmentStage[1].representative
Period[1].commitmentPeriod[23].dispatchPeriod[1].storageChargeLevel[1000MW_400
0MWh_3-c]' to a numeric value `0` outside the bounds (800, 4000).
    See also https://pyomo.readthedocs.io/en/stable/errors.html#w1002
WARNING (W1002): Setting Var 's[None,single].investmentStage[1].representative
Period[1].commitmentPeriod[24].dispatchPeriod[1].storageChargeLevel[100MW_400M
Wh_1]' to a numeric value `0` outside the bounds (80, 400).
    See also https://pyomo.readthedocs.io/en/stable/errors.html#w1002
WARNING (W1002): Setting Var 's[None,single].investmentStage[1].representative
Period[1].commitmentPeriod[24].dispatchPeriod[1].storageChargeLevel[100MW_800M
Wh-1]' to a numeric value `0` outside the bounds (160, 800).
    See also https://pyomo.readthedocs.io/en/stable/errors.html#w1002
WARNING (W1002): Setting Var 's[None,single].investmentStage[1].representative
Period[1].commitmentPeriod[24].dispatchPeriod[1].storageChargeLevel[1000MW_200
0MWh_1-c]' to a numeric value `0` outside the bounds (400, 2000).
    See also https://pyomo.readthedocs.io/en/stable/errors.html#w1002
WARNING (W1002): Setting Var 's[None,single].investmentStage[1].representative
Period[1].commitmentPeriod[24].dispatchPeriod[1].storageChargeLevel[1000MW_400
0MWh_1-c]' to a numeric value `0` outside the bounds (800, 4000).
    See also https://pyomo.readthedocs.io/en/stable/errors.html#w1002
WARNING (W1002): Setting Var 's[None,single].investmentStage[1].representative
Period[1].commitmentPeriod[24].dispatchPeriod[1].storageChargeLevel[100MW_400M
Wh_2-c]' to a numeric value `0` outside the bounds (80, 400).
    See also https://pyomo.readthedocs.io/en/stable/errors.html#w1002
WARNING (W1002): Setting Var 's[None,single].investmentStage[1].representative
Period[1].commitmentPeriod[24].dispatchPeriod[1].storageChargeLevel[100MW_800M
Wh_2-c]' to a numeric value `0` outside the bounds (160, 800).
    See also https://pyomo.readthedocs.io/en/stable/errors.html#w1002
WARNING (W1002): Setting Var 's[None,single].investmentStage[1].representative
Period[1].commitmentPeriod[24].dispatchPeriod[1].storageChargeLevel[1000MW_200
0MWh_2-c]' to a numeric value `0` outside the bounds (400, 2000).
    See also https://pyomo.readthedocs.io/en/stable/errors.html#w1002
WARNING (W1002): Setting Var 's[None,single].investmentStage[1].representative
Period[1].commitmentPeriod[24].dispatchPeriod[1].storageChargeLevel[1000MW_400
0MWh_2-c]' to a numeric value `0` outside the bounds (800, 4000).
    See also https://pyomo.readthedocs.io/en/stable/errors.html#w1002
WARNING (W1002): Setting Var 's[None,single].investmentStage[1].representative
Period[1].commitmentPeriod[24].dispatchPeriod[1].storageChargeLevel[100MW_400M
Wh_3-c]' to a numeric value `0` outside the bounds (80, 400).
    See also https://pyomo.readthedocs.io/en/stable/errors.html#w1002
WARNING (W1002): Setting Var 's[None,single].investmentStage[1].representative
Period[1].commitmentPeriod[24].dispatchPeriod[1].storageChargeLevel[100MW_800M
Wh_3-c]' to a numeric value `0` outside the bounds (160, 800).
    See also https://pyomo.readthedocs.io/en/stable/errors.html#w1002
WARNING (W1002): Setting Var 's[None,single].investmentStage[1].representative
Period[1].commitmentPeriod[24].dispatchPeriod[1].storageChargeLevel[1000MW_200
0MWh_3-c]' to a numeric value `0` outside the bounds (400, 2000).
    See also https://pyomo.readthedocs.io/en/stable/errors.html#w1002
WARNING (W1002): Setting Var 's[None,single].investmentStage[1].representative
Period[1].commitmentPeriod[24].dispatchPeriod[1].storageChargeLevel[1000MW_400
0MWh_3-c]' to a numeric value `0` outside the bounds (800, 4000).
    See also https://pyomo.readthedocs.io/en/stable/errors.html#w1002
WARNING (W1002): Setting Var 's[None,single].investmentStage[1].representative
Period[2].commitmentPeriod[1].dispatchPeriod[1].storageChargeLevel[100MW_400MW
h_1]' to a numeric value `0` outside the bounds (80, 400).
    See also https://pyomo.readthedocs.io/en/stable/errors.html#w1002
WARNING (W1002): Setting Var 's[None,single].investmentStage[1].representative
Period[2].commitmentPeriod[1].dispatchPeriod[1].storageChargeLevel[100MW_800MW
h-1]' to a numeric value `0` outside the bounds (160, 800).
    See also https://pyomo.readthedocs.io/en/stable/errors.html#w1002
WARNING (W1002): Setting Var 's[None,single].investmentStage[1].representative
Period[2].commitmentPeriod[1].dispatchPeriod[1].storageChargeLevel[1000MW_2000
MWh_1-c]' to a numeric value `0` outside the bounds (400, 2000).
    See also https://pyomo.readthedocs.io/en/stable/errors.html#w1002
WARNING (W1002): Setting Var 's[None,single].investmentStage[1].representative
Period[2].commitmentPeriod[1].dispatchPeriod[1].storageChargeLevel[1000MW_4000
MWh_1-c]' to a numeric value `0` outside the bounds (800, 4000).
    See also https://pyomo.readthedocs.io/en/stable/errors.html#w1002
WARNING (W1002): Setting Var 's[None,single].investmentStage[1].representative
Period[2].commitmentPeriod[1].dispatchPeriod[1].storageChargeLevel[100MW_400MW
h_2-c]' to a numeric value `0` outside the bounds (80, 400).
    See also https://pyomo.readthedocs.io/en/stable/errors.html#w1002
WARNING (W1002): Setting Var 's[None,single].investmentStage[1].representative
Period[2].commitmentPeriod[1].dispatchPeriod[1].storageChargeLevel[100MW_800MW
h_2-c]' to a numeric value `0` outside the bounds (160, 800).
    See also https://pyomo.readthedocs.io/en/stable/errors.html#w1002
WARNING (W1002): Setting Var 's[None,single].investmentStage[1].representative
Period[2].commitmentPeriod[1].dispatchPeriod[1].storageChargeLevel[1000MW_2000
MWh_2-c]' to a numeric value `0` outside the bounds (400, 2000).
    See also https://pyomo.readthedocs.io/en/stable/errors.html#w1002
WARNING (W1002): Setting Var 's[None,single].investmentStage[1].representative
Period[2].commitmentPeriod[1].dispatchPeriod[1].storageChargeLevel[1000MW_4000
MWh_2-c]' to a numeric value `0` outside the bounds (800, 4000).
    See also https://pyomo.readthedocs.io/en/stable/errors.html#w1002
WARNING (W1002): Setting Var 's[None,single].investmentStage[1].representative
Period[2].commitmentPeriod[1].dispatchPeriod[1].storageChargeLevel[100MW_400MW
h_3-c]' to a numeric value `0` outside the bounds (80, 400).
    See also https://pyomo.readthedocs.io/en/stable/errors.html#w1002
WARNING (W1002): Setting Var 's[None,single].investmentStage[1].representative
Period[2].commitmentPeriod[1].dispatchPeriod[1].storageChargeLevel[100MW_800MW
h_3-c]' to a numeric value `0` outside the bounds (160, 800).
    See also https://pyomo.readthedocs.io/en/stable/errors.html#w1002
WARNING (W1002): Setting Var 's[None,single].investmentStage[1].representative
Period[2].commitmentPeriod[1].dispatchPeriod[1].storageChargeLevel[1000MW_2000
MWh_3-c]' to a numeric value `0` outside the bounds (400, 2000).
    See also https://pyomo.readthedocs.io/en/stable/errors.html#w1002
WARNING (W1002): Setting Var 's[None,single].investmentStage[1].representative
Period[2].commitmentPeriod[1].dispatchPeriod[1].storageChargeLevel[1000MW_4000
MWh_3-c]' to a numeric value `0` outside the bounds (800, 4000).
    See also https://pyomo.readthedocs.io/en/stable/errors.html#w1002
WARNING (W1002): Setting Var 's[None,single].investmentStage[1].representative
Period[2].commitmentPeriod[2].dispatchPeriod[1].storageChargeLevel[100MW_400MW
h_1]' to a numeric value `0` outside the bounds (80, 400).
    See also https://pyomo.readthedocs.io/en/stable/errors.html#w1002
WARNING (W1002): Setting Var 's[None,single].investmentStage[1].representative
Period[2].commitmentPeriod[2].dispatchPeriod[1].storageChargeLevel[100MW_800MW
h-1]' to a numeric value `0` outside the bounds (160, 800).
    See also https://pyomo.readthedocs.io/en/stable/errors.html#w1002
WARNING (W1002): Setting Var 's[None,single].investmentStage[1].representative
Period[2].commitmentPeriod[2].dispatchPeriod[1].storageChargeLevel[1000MW_2000
MWh_1-c]' to a numeric value `0` outside the bounds (400, 2000).
    See also https://pyomo.readthedocs.io/en/stable/errors.html#w1002
WARNING (W1002): Setting Var 's[None,single].investmentStage[1].representative
Period[2].commitmentPeriod[2].dispatchPeriod[1].storageChargeLevel[1000MW_4000
MWh_1-c]' to a numeric value `0` outside the bounds (800, 4000).
    See also https://pyomo.readthedocs.io/en/stable/errors.html#w1002
WARNING (W1002): Setting Var 's[None,single].investmentStage[1].representative
Period[2].commitmentPeriod[2].dispatchPeriod[1].storageChargeLevel[100MW_400MW
h_2-c]' to a numeric value `0` outside the bounds (80, 400).
    See also https://pyomo.readthedocs.io/en/stable/errors.html#w1002
WARNING (W1002): Setting Var 's[None,single].investmentStage[1].representative
Period[2].commitmentPeriod[2].dispatchPeriod[1].storageChargeLevel[100MW_800MW
h_2-c]' to a numeric value `0` outside the bounds (160, 800).
    See also https://pyomo.readthedocs.io/en/stable/errors.html#w1002
WARNING (W1002): Setting Var 's[None,single].investmentStage[1].representative
Period[2].commitmentPeriod[2].dispatchPeriod[1].storageChargeLevel[1000MW_2000
MWh_2-c]' to a numeric value `0` outside the bounds (400, 2000).
    See also https://pyomo.readthedocs.io/en/stable/errors.html#w1002
WARNING (W1002): Setting Var 's[None,single].investmentStage[1].representative
Period[2].commitmentPeriod[2].dispatchPeriod[1].storageChargeLevel[1000MW_4000
MWh_2-c]' to a numeric value `0` outside the bounds (800, 4000).
    See also https://pyomo.readthedocs.io/en/stable/errors.html#w1002
WARNING (W1002): Setting Var 's[None,single].investmentStage[1].representative
Period[2].commitmentPeriod[2].dispatchPeriod[1].storageChargeLevel[100MW_400MW
h_3-c]' to a numeric value `0` outside the bounds (80, 400).
    See also https://pyomo.readthedocs.io/en/stable/errors.html#w1002
WARNING (W1002): Setting Var 's[None,single].investmentStage[1].representative
Period[2].commitmentPeriod[2].dispatchPeriod[1].storageChargeLevel[100MW_800MW
h_3-c]' to a numeric value `0` outside the bounds (160, 800).
    See also https://pyomo.readthedocs.io/en/stable/errors.html#w1002
WARNING (W1002): Setting Var 's[None,single].investmentStage[1].representative
Period[2].commitmentPeriod[2].dispatchPeriod[1].storageChargeLevel[1000MW_2000
MWh_3-c]' to a numeric value `0` outside the bounds (400, 2000).
    See also https://pyomo.readthedocs.io/en/stable/errors.html#w1002
WARNING (W1002): Setting Var 's[None,single].investmentStage[1].representative
Period[2].commitmentPeriod[2].dispatchPeriod[1].storageChargeLevel[1000MW_4000
MWh_3-c]' to a numeric value `0` outside the bounds (800, 4000).
    See also https://pyomo.readthedocs.io/en/stable/errors.html#w1002
WARNING (W1002): Setting Var 's[None,single].investmentStage[1].representative
Period[2].commitmentPeriod[3].dispatchPeriod[1].storageChargeLevel[100MW_400MW
h_1]' to a numeric value `0` outside the bounds (80, 400).
    See also https://pyomo.readthedocs.io/en/stable/errors.html#w1002
WARNING (W1002): Setting Var 's[None,single].investmentStage[1].representative
Period[2].commitmentPeriod[3].dispatchPeriod[1].storageChargeLevel[100MW_800MW
h-1]' to a numeric value `0` outside the bounds (160, 800).
    See also https://pyomo.readthedocs.io/en/stable/errors.html#w1002
WARNING (W1002): Setting Var 's[None,single].investmentStage[1].representative
Period[2].commitmentPeriod[3].dispatchPeriod[1].storageChargeLevel[1000MW_2000
MWh_1-c]' to a numeric value `0` outside the bounds (400, 2000).
    See also https://pyomo.readthedocs.io/en/stable/errors.html#w1002
WARNING (W1002): Setting Var 's[None,single].investmentStage[1].representative
Period[2].commitmentPeriod[3].dispatchPeriod[1].storageChargeLevel[1000MW_4000
MWh_1-c]' to a numeric value `0` outside the bounds (800, 4000).
    See also https://pyomo.readthedocs.io/en/stable/errors.html#w1002
WARNING (W1002): Setting Var 's[None,single].investmentStage[1].representative
Period[2].commitmentPeriod[3].dispatchPeriod[1].storageChargeLevel[100MW_400MW
h_2-c]' to a numeric value `0` outside the bounds (80, 400).
    See also https://pyomo.readthedocs.io/en/stable/errors.html#w1002
WARNING (W1002): Setting Var 's[None,single].investmentStage[1].representative
Period[2].commitmentPeriod[3].dispatchPeriod[1].storageChargeLevel[100MW_800MW
h_2-c]' to a numeric value `0` outside the bounds (160, 800).
    See also https://pyomo.readthedocs.io/en/stable/errors.html#w1002
WARNING (W1002): Setting Var 's[None,single].investmentStage[1].representative
Period[2].commitmentPeriod[3].dispatchPeriod[1].storageChargeLevel[1000MW_2000
MWh_2-c]' to a numeric value `0` outside the bounds (400, 2000).
    See also https://pyomo.readthedocs.io/en/stable/errors.html#w1002
WARNING (W1002): Setting Var 's[None,single].investmentStage[1].representative
Period[2].commitmentPeriod[3].dispatchPeriod[1].storageChargeLevel[1000MW_4000
MWh_2-c]' to a numeric value `0` outside the bounds (800, 4000).
    See also https://pyomo.readthedocs.io/en/stable/errors.html#w1002
WARNING (W1002): Setting Var 's[None,single].investmentStage[1].representative
Period[2].commitmentPeriod[3].dispatchPeriod[1].storageChargeLevel[100MW_400MW
h_3-c]' to a numeric value `0` outside the bounds (80, 400).
    See also https://pyomo.readthedocs.io/en/stable/errors.html#w1002
WARNING (W1002): Setting Var 's[None,single].investmentStage[1].representative
Period[2].commitmentPeriod[3].dispatchPeriod[1].storageChargeLevel[100MW_800MW
h_3-c]' to a numeric value `0` outside the bounds (160, 800).
    See also https://pyomo.readthedocs.io/en/stable/errors.html#w1002
WARNING (W1002): Setting Var 's[None,single].investmentStage[1].representative
Period[2].commitmentPeriod[3].dispatchPeriod[1].storageChargeLevel[1000MW_2000
MWh_3-c]' to a numeric value `0` outside the bounds (400, 2000).
    See also https://pyomo.readthedocs.io/en/stable/errors.html#w1002
WARNING (W1002): Setting Var 's[None,single].investmentStage[1].representative
Period[2].commitmentPeriod[3].dispatchPeriod[1].storageChargeLevel[1000MW_4000
MWh_3-c]' to a numeric value `0` outside the bounds (800, 4000).
    See also https://pyomo.readthedocs.io/en/stable/errors.html#w1002
WARNING (W1002): Setting Var 's[None,single].investmentStage[1].representative
Period[2].commitmentPeriod[4].dispatchPeriod[1].storageChargeLevel[100MW_400MW
h_1]' to a numeric value `0` outside the bounds (80, 400).
    See also https://pyomo.readthedocs.io/en/stable/errors.html#w1002
WARNING (W1002): Setting Var 's[None,single].investmentStage[1].representative
Period[2].commitmentPeriod[4].dispatchPeriod[1].storageChargeLevel[100MW_800MW
h-1]' to a numeric value `0` outside the bounds (160, 800).
    See also https://pyomo.readthedocs.io/en/stable/errors.html#w1002
WARNING (W1002): Setting Var 's[None,single].investmentStage[1].representative
Period[2].commitmentPeriod[4].dispatchPeriod[1].storageChargeLevel[1000MW_2000
MWh_1-c]' to a numeric value `0` outside the bounds (400, 2000).
    See also https://pyomo.readthedocs.io/en/stable/errors.html#w1002
WARNING (W1002): Setting Var 's[None,single].investmentStage[1].representative
Period[2].commitmentPeriod[4].dispatchPeriod[1].storageChargeLevel[1000MW_4000
MWh_1-c]' to a numeric value `0` outside the bounds (800, 4000).
    See also https://pyomo.readthedocs.io/en/stable/errors.html#w1002
WARNING (W1002): Setting Var 's[None,single].investmentStage[1].representative
Period[2].commitmentPeriod[4].dispatchPeriod[1].storageChargeLevel[100MW_400MW
h_2-c]' to a numeric value `0` outside the bounds (80, 400).
    See also https://pyomo.readthedocs.io/en/stable/errors.html#w1002
WARNING (W1002): Setting Var 's[None,single].investmentStage[1].representative
Period[2].commitmentPeriod[4].dispatchPeriod[1].storageChargeLevel[100MW_800MW
h_2-c]' to a numeric value `0` outside the bounds (160, 800).
    See also https://pyomo.readthedocs.io/en/stable/errors.html#w1002
WARNING (W1002): Setting Var 's[None,single].investmentStage[1].representative
Period[2].commitmentPeriod[4].dispatchPeriod[1].storageChargeLevel[1000MW_2000
MWh_2-c]' to a numeric value `0` outside the bounds (400, 2000).
    See also https://pyomo.readthedocs.io/en/stable/errors.html#w1002
WARNING (W1002): Setting Var 's[None,single].investmentStage[1].representative
Period[2].commitmentPeriod[4].dispatchPeriod[1].storageChargeLevel[1000MW_4000
MWh_2-c]' to a numeric value `0` outside the bounds (800, 4000).
    See also https://pyomo.readthedocs.io/en/stable/errors.html#w1002
WARNING (W1002): Setting Var 's[None,single].investmentStage[1].representative
Period[2].commitmentPeriod[4].dispatchPeriod[1].storageChargeLevel[100MW_400MW
h_3-c]' to a numeric value `0` outside the bounds (80, 400).
    See also https://pyomo.readthedocs.io/en/stable/errors.html#w1002
WARNING (W1002): Setting Var 's[None,single].investmentStage[1].representative
Period[2].commitmentPeriod[4].dispatchPeriod[1].storageChargeLevel[100MW_800MW
h_3-c]' to a numeric value `0` outside the bounds (160, 800).
    See also https://pyomo.readthedocs.io/en/stable/errors.html#w1002
WARNING (W1002): Setting Var 's[None,single].investmentStage[1].representative
Period[2].commitmentPeriod[4].dispatchPeriod[1].storageChargeLevel[1000MW_2000
MWh_3-c]' to a numeric value `0` outside the bounds (400, 2000).
    See also https://pyomo.readthedocs.io/en/stable/errors.html#w1002
WARNING (W1002): Setting Var 's[None,single].investmentStage[1].representative
Period[2].commitmentPeriod[4].dispatchPeriod[1].storageChargeLevel[1000MW_4000
MWh_3-c]' to a numeric value `0` outside the bounds (800, 4000).
    See also https://pyomo.readthedocs.io/en/stable/errors.html#w1002
WARNING (W1002): Setting Var 's[None,single].investmentStage[1].representative
Period[2].commitmentPeriod[5].dispatchPeriod[1].storageChargeLevel[100MW_400MW
h_1]' to a numeric value `0` outside the bounds (80, 400).
    See also https://pyomo.readthedocs.io/en/stable/errors.html#w1002
WARNING (W1002): Setting Var 's[None,single].investmentStage[1].representative
Period[2].commitmentPeriod[5].dispatchPeriod[1].storageChargeLevel[100MW_800MW
h-1]' to a numeric value `0` outside the bounds (160, 800).
    See also https://pyomo.readthedocs.io/en/stable/errors.html#w1002
WARNING (W1002): Setting Var 's[None,single].investmentStage[1].representative
Period[2].commitmentPeriod[5].dispatchPeriod[1].storageChargeLevel[1000MW_2000
MWh_1-c]' to a numeric value `0` outside the bounds (400, 2000).
    See also https://pyomo.readthedocs.io/en/stable/errors.html#w1002
WARNING (W1002): Setting Var 's[None,single].investmentStage[1].representative
Period[2].commitmentPeriod[5].dispatchPeriod[1].storageChargeLevel[1000MW_4000
MWh_1-c]' to a numeric value `0` outside the bounds (800, 4000).
    See also https://pyomo.readthedocs.io/en/stable/errors.html#w1002
WARNING (W1002): Setting Var 's[None,single].investmentStage[1].representative
Period[2].commitmentPeriod[5].dispatchPeriod[1].storageChargeLevel[100MW_400MW
h_2-c]' to a numeric value `0` outside the bounds (80, 400).
    See also https://pyomo.readthedocs.io/en/stable/errors.html#w1002
WARNING (W1002): Setting Var 's[None,single].investmentStage[1].representative
Period[2].commitmentPeriod[5].dispatchPeriod[1].storageChargeLevel[100MW_800MW
h_2-c]' to a numeric value `0` outside the bounds (160, 800).
    See also https://pyomo.readthedocs.io/en/stable/errors.html#w1002
WARNING (W1002): Setting Var 's[None,single].investmentStage[1].representative
Period[2].commitmentPeriod[5].dispatchPeriod[1].storageChargeLevel[1000MW_2000
MWh_2-c]' to a numeric value `0` outside the bounds (400, 2000).
    See also https://pyomo.readthedocs.io/en/stable/errors.html#w1002
WARNING (W1002): Setting Var 's[None,single].investmentStage[1].representative
Period[2].commitmentPeriod[5].dispatchPeriod[1].storageChargeLevel[1000MW_4000
MWh_2-c]' to a numeric value `0` outside the bounds (800, 4000).
    See also https://pyomo.readthedocs.io/en/stable/errors.html#w1002
WARNING (W1002): Setting Var 's[None,single].investmentStage[1].representative
Period[2].commitmentPeriod[5].dispatchPeriod[1].storageChargeLevel[100MW_400MW
h_3-c]' to a numeric value `0` outside the bounds (80, 400).
    See also https://pyomo.readthedocs.io/en/stable/errors.html#w1002
WARNING (W1002): Setting Var 's[None,single].investmentStage[1].representative
Period[2].commitmentPeriod[5].dispatchPeriod[1].storageChargeLevel[100MW_800MW
h_3-c]' to a numeric value `0` outside the bounds (160, 800).
    See also https://pyomo.readthedocs.io/en/stable/errors.html#w1002
WARNING (W1002): Setting Var 's[None,single].investmentStage[1].representative
Period[2].commitmentPeriod[5].dispatchPeriod[1].storageChargeLevel[1000MW_2000
MWh_3-c]' to a numeric value `0` outside the bounds (400, 2000).
    See also https://pyomo.readthedocs.io/en/stable/errors.html#w1002
WARNING (W1002): Setting Var 's[None,single].investmentStage[1].representative
Period[2].commitmentPeriod[5].dispatchPeriod[1].storageChargeLevel[1000MW_4000
MWh_3-c]' to a numeric value `0` outside the bounds (800, 4000).
    See also https://pyomo.readthedocs.io/en/stable/errors.html#w1002
WARNING (W1002): Setting Var 's[None,single].investmentStage[1].representative
Period[2].commitmentPeriod[6].dispatchPeriod[1].storageChargeLevel[100MW_400MW
h_1]' to a numeric value `0` outside the bounds (80, 400).
    See also https://pyomo.readthedocs.io/en/stable/errors.html#w1002
WARNING (W1002): Setting Var 's[None,single].investmentStage[1].representative
Period[2].commitmentPeriod[6].dispatchPeriod[1].storageChargeLevel[100MW_800MW
h-1]' to a numeric value `0` outside the bounds (160, 800).
    See also https://pyomo.readthedocs.io/en/stable/errors.html#w1002
WARNING (W1002): Setting Var 's[None,single].investmentStage[1].representative
Period[2].commitmentPeriod[6].dispatchPeriod[1].storageChargeLevel[1000MW_2000
MWh_1-c]' to a numeric value `0` outside the bounds (400, 2000).
    See also https://pyomo.readthedocs.io/en/stable/errors.html#w1002
WARNING (W1002): Setting Var 's[None,single].investmentStage[1].representative
Period[2].commitmentPeriod[6].dispatchPeriod[1].storageChargeLevel[1000MW_4000
MWh_1-c]' to a numeric value `0` outside the bounds (800, 4000).
    See also https://pyomo.readthedocs.io/en/stable/errors.html#w1002
WARNING (W1002): Setting Var 's[None,single].investmentStage[1].representative
Period[2].commitmentPeriod[6].dispatchPeriod[1].storageChargeLevel[100MW_400MW
h_2-c]' to a numeric value `0` outside the bounds (80, 400).
    See also https://pyomo.readthedocs.io/en/stable/errors.html#w1002
WARNING (W1002): Setting Var 's[None,single].investmentStage[1].representative
Period[2].commitmentPeriod[6].dispatchPeriod[1].storageChargeLevel[100MW_800MW
h_2-c]' to a numeric value `0` outside the bounds (160, 800).
    See also https://pyomo.readthedocs.io/en/stable/errors.html#w1002
WARNING (W1002): Setting Var 's[None,single].investmentStage[1].representative
Period[2].commitmentPeriod[6].dispatchPeriod[1].storageChargeLevel[1000MW_2000
MWh_2-c]' to a numeric value `0` outside the bounds (400, 2000).
    See also https://pyomo.readthedocs.io/en/stable/errors.html#w1002
WARNING (W1002): Setting Var 's[None,single].investmentStage[1].representative
Period[2].commitmentPeriod[6].dispatchPeriod[1].storageChargeLevel[1000MW_4000
MWh_2-c]' to a numeric value `0` outside the bounds (800, 4000).
    See also https://pyomo.readthedocs.io/en/stable/errors.html#w1002
WARNING (W1002): Setting Var 's[None,single].investmentStage[1].representative
Period[2].commitmentPeriod[6].dispatchPeriod[1].storageChargeLevel[100MW_400MW
h_3-c]' to a numeric value `0` outside the bounds (80, 400).
    See also https://pyomo.readthedocs.io/en/stable/errors.html#w1002
WARNING (W1002): Setting Var 's[None,single].investmentStage[1].representative
Period[2].commitmentPeriod[6].dispatchPeriod[1].storageChargeLevel[100MW_800MW
h_3-c]' to a numeric value `0` outside the bounds (160, 800).
    See also https://pyomo.readthedocs.io/en/stable/errors.html#w1002
WARNING (W1002): Setting Var 's[None,single].investmentStage[1].representative
Period[2].commitmentPeriod[6].dispatchPeriod[1].storageChargeLevel[1000MW_2000
MWh_3-c]' to a numeric value `0` outside the bounds (400, 2000).
    See also https://pyomo.readthedocs.io/en/stable/errors.html#w1002
WARNING (W1002): Setting Var 's[None,single].investmentStage[1].representative
Period[2].commitmentPeriod[6].dispatchPeriod[1].storageChargeLevel[1000MW_4000
MWh_3-c]' to a numeric value `0` outside the bounds (800, 4000).
    See also https://pyomo.readthedocs.io/en/stable/errors.html#w1002
WARNING (W1002): Setting Var 's[None,single].investmentStage[1].representative
Period[2].commitmentPeriod[7].dispatchPeriod[1].storageChargeLevel[100MW_400MW
h_1]' to a numeric value `0` outside the bounds (80, 400).
    See also https://pyomo.readthedocs.io/en/stable/errors.html#w1002
WARNING (W1002): Setting Var 's[None,single].investmentStage[1].representative
Period[2].commitmentPeriod[7].dispatchPeriod[1].storageChargeLevel[100MW_800MW
h-1]' to a numeric value `0` outside the bounds (160, 800).
    See also https://pyomo.readthedocs.io/en/stable/errors.html#w1002
WARNING (W1002): Setting Var 's[None,single].investmentStage[1].representative
Period[2].commitmentPeriod[7].dispatchPeriod[1].storageChargeLevel[1000MW_2000
MWh_1-c]' to a numeric value `0` outside the bounds (400, 2000).
    See also https://pyomo.readthedocs.io/en/stable/errors.html#w1002
WARNING (W1002): Setting Var 's[None,single].investmentStage[1].representative
Period[2].commitmentPeriod[7].dispatchPeriod[1].storageChargeLevel[1000MW_4000
MWh_1-c]' to a numeric value `0` outside the bounds (800, 4000).
    See also https://pyomo.readthedocs.io/en/stable/errors.html#w1002
WARNING (W1002): Setting Var 's[None,single].investmentStage[1].representative
Period[2].commitmentPeriod[7].dispatchPeriod[1].storageChargeLevel[100MW_400MW
h_2-c]' to a numeric value `0` outside the bounds (80, 400).
    See also https://pyomo.readthedocs.io/en/stable/errors.html#w1002
WARNING (W1002): Setting Var 's[None,single].investmentStage[1].representative
Period[2].commitmentPeriod[7].dispatchPeriod[1].storageChargeLevel[100MW_800MW
h_2-c]' to a numeric value `0` outside the bounds (160, 800).
    See also https://pyomo.readthedocs.io/en/stable/errors.html#w1002
WARNING (W1002): Setting Var 's[None,single].investmentStage[1].representative
Period[2].commitmentPeriod[7].dispatchPeriod[1].storageChargeLevel[1000MW_2000
MWh_2-c]' to a numeric value `0` outside the bounds (400, 2000).
    See also https://pyomo.readthedocs.io/en/stable/errors.html#w1002
WARNING (W1002): Setting Var 's[None,single].investmentStage[1].representative
Period[2].commitmentPeriod[7].dispatchPeriod[1].storageChargeLevel[1000MW_4000
MWh_2-c]' to a numeric value `0` outside the bounds (800, 4000).
    See also https://pyomo.readthedocs.io/en/stable/errors.html#w1002
WARNING (W1002): Setting Var 's[None,single].investmentStage[1].representative
Period[2].commitmentPeriod[7].dispatchPeriod[1].storageChargeLevel[100MW_400MW
h_3-c]' to a numeric value `0` outside the bounds (80, 400).
    See also https://pyomo.readthedocs.io/en/stable/errors.html#w1002
WARNING (W1002): Setting Var 's[None,single].investmentStage[1].representative
Period[2].commitmentPeriod[7].dispatchPeriod[1].storageChargeLevel[100MW_800MW
h_3-c]' to a numeric value `0` outside the bounds (160, 800).
    See also https://pyomo.readthedocs.io/en/stable/errors.html#w1002
WARNING (W1002): Setting Var 's[None,single].investmentStage[1].representative
Period[2].commitmentPeriod[7].dispatchPeriod[1].storageChargeLevel[1000MW_2000
MWh_3-c]' to a numeric value `0` outside the bounds (400, 2000).
    See also https://pyomo.readthedocs.io/en/stable/errors.html#w1002
WARNING (W1002): Setting Var 's[None,single].investmentStage[1].representative
Period[2].commitmentPeriod[7].dispatchPeriod[1].storageChargeLevel[1000MW_4000
MWh_3-c]' to a numeric value `0` outside the bounds (800, 4000).
    See also https://pyomo.readthedocs.io/en/stable/errors.html#w1002
WARNING (W1002): Setting Var 's[None,single].investmentStage[1].representative
Period[2].commitmentPeriod[8].dispatchPeriod[1].storageChargeLevel[100MW_400MW
h_1]' to a numeric value `0` outside the bounds (80, 400).
    See also https://pyomo.readthedocs.io/en/stable/errors.html#w1002
WARNING (W1002): Setting Var 's[None,single].investmentStage[1].representative
Period[2].commitmentPeriod[8].dispatchPeriod[1].storageChargeLevel[100MW_800MW
h-1]' to a numeric value `0` outside the bounds (160, 800).
    See also https://pyomo.readthedocs.io/en/stable/errors.html#w1002
WARNING (W1002): Setting Var 's[None,single].investmentStage[1].representative
Period[2].commitmentPeriod[8].dispatchPeriod[1].storageChargeLevel[1000MW_2000
MWh_1-c]' to a numeric value `0` outside the bounds (400, 2000).
    See also https://pyomo.readthedocs.io/en/stable/errors.html#w1002
WARNING (W1002): Setting Var 's[None,single].investmentStage[1].representative
Period[2].commitmentPeriod[8].dispatchPeriod[1].storageChargeLevel[1000MW_4000
MWh_1-c]' to a numeric value `0` outside the bounds (800, 4000).
    See also https://pyomo.readthedocs.io/en/stable/errors.html#w1002
WARNING (W1002): Setting Var 's[None,single].investmentStage[1].representative
Period[2].commitmentPeriod[8].dispatchPeriod[1].storageChargeLevel[100MW_400MW
h_2-c]' to a numeric value `0` outside the bounds (80, 400).
    See also https://pyomo.readthedocs.io/en/stable/errors.html#w1002
WARNING (W1002): Setting Var 's[None,single].investmentStage[1].representative
Period[2].commitmentPeriod[8].dispatchPeriod[1].storageChargeLevel[100MW_800MW
h_2-c]' to a numeric value `0` outside the bounds (160, 800).
    See also https://pyomo.readthedocs.io/en/stable/errors.html#w1002
WARNING (W1002): Setting Var 's[None,single].investmentStage[1].representative
Period[2].commitmentPeriod[8].dispatchPeriod[1].storageChargeLevel[1000MW_2000
MWh_2-c]' to a numeric value `0` outside the bounds (400, 2000).
    See also https://pyomo.readthedocs.io/en/stable/errors.html#w1002
WARNING (W1002): Setting Var 's[None,single].investmentStage[1].representative
Period[2].commitmentPeriod[8].dispatchPeriod[1].storageChargeLevel[1000MW_4000
MWh_2-c]' to a numeric value `0` outside the bounds (800, 4000).
    See also https://pyomo.readthedocs.io/en/stable/errors.html#w1002
WARNING (W1002): Setting Var 's[None,single].investmentStage[1].representative
Period[2].commitmentPeriod[8].dispatchPeriod[1].storageChargeLevel[100MW_400MW
h_3-c]' to a numeric value `0` outside the bounds (80, 400).
    See also https://pyomo.readthedocs.io/en/stable/errors.html#w1002
WARNING (W1002): Setting Var 's[None,single].investmentStage[1].representative
Period[2].commitmentPeriod[8].dispatchPeriod[1].storageChargeLevel[100MW_800MW
h_3-c]' to a numeric value `0` outside the bounds (160, 800).
    See also https://pyomo.readthedocs.io/en/stable/errors.html#w1002
WARNING (W1002): Setting Var 's[None,single].investmentStage[1].representative
Period[2].commitmentPeriod[8].dispatchPeriod[1].storageChargeLevel[1000MW_2000
MWh_3-c]' to a numeric value `0` outside the bounds (400, 2000).
    See also https://pyomo.readthedocs.io/en/stable/errors.html#w1002
WARNING (W1002): Setting Var 's[None,single].investmentStage[1].representative
Period[2].commitmentPeriod[8].dispatchPeriod[1].storageChargeLevel[1000MW_4000
MWh_3-c]' to a numeric value `0` outside the bounds (800, 4000).
    See also https://pyomo.readthedocs.io/en/stable/errors.html#w1002
WARNING (W1002): Setting Var 's[None,single].investmentStage[1].representative
Period[2].commitmentPeriod[9].dispatchPeriod[1].storageChargeLevel[100MW_400MW
h_1]' to a numeric value `0` outside the bounds (80, 400).
    See also https://pyomo.readthedocs.io/en/stable/errors.html#w1002
WARNING (W1002): Setting Var 's[None,single].investmentStage[1].representative
Period[2].commitmentPeriod[9].dispatchPeriod[1].storageChargeLevel[100MW_800MW
h-1]' to a numeric value `0` outside the bounds (160, 800).
    See also https://pyomo.readthedocs.io/en/stable/errors.html#w1002
WARNING (W1002): Setting Var 's[None,single].investmentStage[1].representative
Period[2].commitmentPeriod[9].dispatchPeriod[1].storageChargeLevel[1000MW_2000
MWh_1-c]' to a numeric value `0` outside the bounds (400, 2000).
    See also https://pyomo.readthedocs.io/en/stable/errors.html#w1002
WARNING (W1002): Setting Var 's[None,single].investmentStage[1].representative
Period[2].commitmentPeriod[9].dispatchPeriod[1].storageChargeLevel[1000MW_4000
MWh_1-c]' to a numeric value `0` outside the bounds (800, 4000).
    See also https://pyomo.readthedocs.io/en/stable/errors.html#w1002
WARNING (W1002): Setting Var 's[None,single].investmentStage[1].representative
Period[2].commitmentPeriod[9].dispatchPeriod[1].storageChargeLevel[100MW_400MW
h_2-c]' to a numeric value `0` outside the bounds (80, 400).
    See also https://pyomo.readthedocs.io/en/stable/errors.html#w1002
WARNING (W1002): Setting Var 's[None,single].investmentStage[1].representative
Period[2].commitmentPeriod[9].dispatchPeriod[1].storageChargeLevel[100MW_800MW
h_2-c]' to a numeric value `0` outside the bounds (160, 800).
    See also https://pyomo.readthedocs.io/en/stable/errors.html#w1002
WARNING (W1002): Setting Var 's[None,single].investmentStage[1].representative
Period[2].commitmentPeriod[9].dispatchPeriod[1].storageChargeLevel[1000MW_2000
MWh_2-c]' to a numeric value `0` outside the bounds (400, 2000).
    See also https://pyomo.readthedocs.io/en/stable/errors.html#w1002
WARNING (W1002): Setting Var 's[None,single].investmentStage[1].representative
Period[2].commitmentPeriod[9].dispatchPeriod[1].storageChargeLevel[1000MW_4000
MWh_2-c]' to a numeric value `0` outside the bounds (800, 4000).
    See also https://pyomo.readthedocs.io/en/stable/errors.html#w1002
WARNING (W1002): Setting Var 's[None,single].investmentStage[1].representative
Period[2].commitmentPeriod[9].dispatchPeriod[1].storageChargeLevel[100MW_400MW
h_3-c]' to a numeric value `0` outside the bounds (80, 400).
    See also https://pyomo.readthedocs.io/en/stable/errors.html#w1002
WARNING (W1002): Setting Var 's[None,single].investmentStage[1].representative
Period[2].commitmentPeriod[9].dispatchPeriod[1].storageChargeLevel[100MW_800MW
h_3-c]' to a numeric value `0` outside the bounds (160, 800).
    See also https://pyomo.readthedocs.io/en/stable/errors.html#w1002
WARNING (W1002): Setting Var 's[None,single].investmentStage[1].representative
Period[2].commitmentPeriod[9].dispatchPeriod[1].storageChargeLevel[1000MW_2000
MWh_3-c]' to a numeric value `0` outside the bounds (400, 2000).
    See also https://pyomo.readthedocs.io/en/stable/errors.html#w1002
WARNING (W1002): Setting Var 's[None,single].investmentStage[1].representative
Period[2].commitmentPeriod[9].dispatchPeriod[1].storageChargeLevel[1000MW_4000
MWh_3-c]' to a numeric value `0` outside the bounds (800, 4000).
    See also https://pyomo.readthedocs.io/en/stable/errors.html#w1002
WARNING (W1002): Setting Var 's[None,single].investmentStage[1].representative
Period[2].commitmentPeriod[10].dispatchPeriod[1].storageChargeLevel[100MW_400M
Wh_1]' to a numeric value `0` outside the bounds (80, 400).
    See also https://pyomo.readthedocs.io/en/stable/errors.html#w1002
WARNING (W1002): Setting Var 's[None,single].investmentStage[1].representative
Period[2].commitmentPeriod[10].dispatchPeriod[1].storageChargeLevel[100MW_800M
Wh-1]' to a numeric value `0` outside the bounds (160, 800).
    See also https://pyomo.readthedocs.io/en/stable/errors.html#w1002
WARNING (W1002): Setting Var 's[None,single].investmentStage[1].representative
Period[2].commitmentPeriod[10].dispatchPeriod[1].storageChargeLevel[1000MW_200
0MWh_1-c]' to a numeric value `0` outside the bounds (400, 2000).
    See also https://pyomo.readthedocs.io/en/stable/errors.html#w1002
WARNING (W1002): Setting Var 's[None,single].investmentStage[1].representative
Period[2].commitmentPeriod[10].dispatchPeriod[1].storageChargeLevel[1000MW_400
0MWh_1-c]' to a numeric value `0` outside the bounds (800, 4000).
    See also https://pyomo.readthedocs.io/en/stable/errors.html#w1002
WARNING (W1002): Setting Var 's[None,single].investmentStage[1].representative
Period[2].commitmentPeriod[10].dispatchPeriod[1].storageChargeLevel[100MW_400M
Wh_2-c]' to a numeric value `0` outside the bounds (80, 400).
    See also https://pyomo.readthedocs.io/en/stable/errors.html#w1002
WARNING (W1002): Setting Var 's[None,single].investmentStage[1].representative
Period[2].commitmentPeriod[10].dispatchPeriod[1].storageChargeLevel[100MW_800M
Wh_2-c]' to a numeric value `0` outside the bounds (160, 800).
    See also https://pyomo.readthedocs.io/en/stable/errors.html#w1002
WARNING (W1002): Setting Var 's[None,single].investmentStage[1].representative
Period[2].commitmentPeriod[10].dispatchPeriod[1].storageChargeLevel[1000MW_200
0MWh_2-c]' to a numeric value `0` outside the bounds (400, 2000).
    See also https://pyomo.readthedocs.io/en/stable/errors.html#w1002
WARNING (W1002): Setting Var 's[None,single].investmentStage[1].representative
Period[2].commitmentPeriod[10].dispatchPeriod[1].storageChargeLevel[1000MW_400
0MWh_2-c]' to a numeric value `0` outside the bounds (800, 4000).
    See also https://pyomo.readthedocs.io/en/stable/errors.html#w1002
WARNING (W1002): Setting Var 's[None,single].investmentStage[1].representative
Period[2].commitmentPeriod[10].dispatchPeriod[1].storageChargeLevel[100MW_400M
Wh_3-c]' to a numeric value `0` outside the bounds (80, 400).
    See also https://pyomo.readthedocs.io/en/stable/errors.html#w1002
WARNING (W1002): Setting Var 's[None,single].investmentStage[1].representative
Period[2].commitmentPeriod[10].dispatchPeriod[1].storageChargeLevel[100MW_800M
Wh_3-c]' to a numeric value `0` outside the bounds (160, 800).
    See also https://pyomo.readthedocs.io/en/stable/errors.html#w1002
WARNING (W1002): Setting Var 's[None,single].investmentStage[1].representative
Period[2].commitmentPeriod[10].dispatchPeriod[1].storageChargeLevel[1000MW_200
0MWh_3-c]' to a numeric value `0` outside the bounds (400, 2000).
    See also https://pyomo.readthedocs.io/en/stable/errors.html#w1002
WARNING (W1002): Setting Var 's[None,single].investmentStage[1].representative
Period[2].commitmentPeriod[10].dispatchPeriod[1].storageChargeLevel[1000MW_400
0MWh_3-c]' to a numeric value `0` outside the bounds (800, 4000).
    See also https://pyomo.readthedocs.io/en/stable/errors.html#w1002
WARNING (W1002): Setting Var 's[None,single].investmentStage[1].representative
Period[2].commitmentPeriod[11].dispatchPeriod[1].storageChargeLevel[100MW_400M
Wh_1]' to a numeric value `0` outside the bounds (80, 400).
    See also https://pyomo.readthedocs.io/en/stable/errors.html#w1002
WARNING (W1002): Setting Var 's[None,single].investmentStage[1].representative
Period[2].commitmentPeriod[11].dispatchPeriod[1].storageChargeLevel[100MW_800M
Wh-1]' to a numeric value `0` outside the bounds (160, 800).
    See also https://pyomo.readthedocs.io/en/stable/errors.html#w1002
WARNING (W1002): Setting Var 's[None,single].investmentStage[1].representative
Period[2].commitmentPeriod[11].dispatchPeriod[1].storageChargeLevel[1000MW_200
0MWh_1-c]' to a numeric value `0` outside the bounds (400, 2000).
    See also https://pyomo.readthedocs.io/en/stable/errors.html#w1002
WARNING (W1002): Setting Var 's[None,single].investmentStage[1].representative
Period[2].commitmentPeriod[11].dispatchPeriod[1].storageChargeLevel[1000MW_400
0MWh_1-c]' to a numeric value `0` outside the bounds (800, 4000).
    See also https://pyomo.readthedocs.io/en/stable/errors.html#w1002
WARNING (W1002): Setting Var 's[None,single].investmentStage[1].representative
Period[2].commitmentPeriod[11].dispatchPeriod[1].storageChargeLevel[100MW_400M
Wh_2-c]' to a numeric value `0` outside the bounds (80, 400).
    See also https://pyomo.readthedocs.io/en/stable/errors.html#w1002
WARNING (W1002): Setting Var 's[None,single].investmentStage[1].representative
Period[2].commitmentPeriod[11].dispatchPeriod[1].storageChargeLevel[100MW_800M
Wh_2-c]' to a numeric value `0` outside the bounds (160, 800).
    See also https://pyomo.readthedocs.io/en/stable/errors.html#w1002
WARNING (W1002): Setting Var 's[None,single].investmentStage[1].representative
Period[2].commitmentPeriod[11].dispatchPeriod[1].storageChargeLevel[1000MW_200
0MWh_2-c]' to a numeric value `0` outside the bounds (400, 2000).
    See also https://pyomo.readthedocs.io/en/stable/errors.html#w1002
WARNING (W1002): Setting Var 's[None,single].investmentStage[1].representative
Period[2].commitmentPeriod[11].dispatchPeriod[1].storageChargeLevel[1000MW_400
0MWh_2-c]' to a numeric value `0` outside the bounds (800, 4000).
    See also https://pyomo.readthedocs.io/en/stable/errors.html#w1002
WARNING (W1002): Setting Var 's[None,single].investmentStage[1].representative
Period[2].commitmentPeriod[11].dispatchPeriod[1].storageChargeLevel[100MW_400M
Wh_3-c]' to a numeric value `0` outside the bounds (80, 400).
    See also https://pyomo.readthedocs.io/en/stable/errors.html#w1002
WARNING (W1002): Setting Var 's[None,single].investmentStage[1].representative
Period[2].commitmentPeriod[11].dispatchPeriod[1].storageChargeLevel[100MW_800M
Wh_3-c]' to a numeric value `0` outside the bounds (160, 800).
    See also https://pyomo.readthedocs.io/en/stable/errors.html#w1002
WARNING (W1002): Setting Var 's[None,single].investmentStage[1].representative
Period[2].commitmentPeriod[11].dispatchPeriod[1].storageChargeLevel[1000MW_200
0MWh_3-c]' to a numeric value `0` outside the bounds (400, 2000).
    See also https://pyomo.readthedocs.io/en/stable/errors.html#w1002
WARNING (W1002): Setting Var 's[None,single].investmentStage[1].representative
Period[2].commitmentPeriod[11].dispatchPeriod[1].storageChargeLevel[1000MW_400
0MWh_3-c]' to a numeric value `0` outside the bounds (800, 4000).
    See also https://pyomo.readthedocs.io/en/stable/errors.html#w1002
WARNING (W1002): Setting Var 's[None,single].investmentStage[1].representative
Period[2].commitmentPeriod[12].dispatchPeriod[1].storageChargeLevel[100MW_400M
Wh_1]' to a numeric value `0` outside the bounds (80, 400).
    See also https://pyomo.readthedocs.io/en/stable/errors.html#w1002
WARNING (W1002): Setting Var 's[None,single].investmentStage[1].representative
Period[2].commitmentPeriod[12].dispatchPeriod[1].storageChargeLevel[100MW_800M
Wh-1]' to a numeric value `0` outside the bounds (160, 800).
    See also https://pyomo.readthedocs.io/en/stable/errors.html#w1002
WARNING (W1002): Setting Var 's[None,single].investmentStage[1].representative
Period[2].commitmentPeriod[12].dispatchPeriod[1].storageChargeLevel[1000MW_200
0MWh_1-c]' to a numeric value `0` outside the bounds (400, 2000).
    See also https://pyomo.readthedocs.io/en/stable/errors.html#w1002
WARNING (W1002): Setting Var 's[None,single].investmentStage[1].representative
Period[2].commitmentPeriod[12].dispatchPeriod[1].storageChargeLevel[1000MW_400
0MWh_1-c]' to a numeric value `0` outside the bounds (800, 4000).
    See also https://pyomo.readthedocs.io/en/stable/errors.html#w1002
WARNING (W1002): Setting Var 's[None,single].investmentStage[1].representative
Period[2].commitmentPeriod[12].dispatchPeriod[1].storageChargeLevel[100MW_400M
Wh_2-c]' to a numeric value `0` outside the bounds (80, 400).
    See also https://pyomo.readthedocs.io/en/stable/errors.html#w1002
WARNING (W1002): Setting Var 's[None,single].investmentStage[1].representative
Period[2].commitmentPeriod[12].dispatchPeriod[1].storageChargeLevel[100MW_800M
Wh_2-c]' to a numeric value `0` outside the bounds (160, 800).
    See also https://pyomo.readthedocs.io/en/stable/errors.html#w1002
WARNING (W1002): Setting Var 's[None,single].investmentStage[1].representative
Period[2].commitmentPeriod[12].dispatchPeriod[1].storageChargeLevel[1000MW_200
0MWh_2-c]' to a numeric value `0` outside the bounds (400, 2000).
    See also https://pyomo.readthedocs.io/en/stable/errors.html#w1002
WARNING (W1002): Setting Var 's[None,single].investmentStage[1].representative
Period[2].commitmentPeriod[12].dispatchPeriod[1].storageChargeLevel[1000MW_400
0MWh_2-c]' to a numeric value `0` outside the bounds (800, 4000).
    See also https://pyomo.readthedocs.io/en/stable/errors.html#w1002
WARNING (W1002): Setting Var 's[None,single].investmentStage[1].representative
Period[2].commitmentPeriod[12].dispatchPeriod[1].storageChargeLevel[100MW_400M
Wh_3-c]' to a numeric value `0` outside the bounds (80, 400).
    See also https://pyomo.readthedocs.io/en/stable/errors.html#w1002
WARNING (W1002): Setting Var 's[None,single].investmentStage[1].representative
Period[2].commitmentPeriod[12].dispatchPeriod[1].storageChargeLevel[100MW_800M
Wh_3-c]' to a numeric value `0` outside the bounds (160, 800).
    See also https://pyomo.readthedocs.io/en/stable/errors.html#w1002
WARNING (W1002): Setting Var 's[None,single].investmentStage[1].representative
Period[2].commitmentPeriod[12].dispatchPeriod[1].storageChargeLevel[1000MW_200
0MWh_3-c]' to a numeric value `0` outside the bounds (400, 2000).
    See also https://pyomo.readthedocs.io/en/stable/errors.html#w1002
WARNING (W1002): Setting Var 's[None,single].investmentStage[1].representative
Period[2].commitmentPeriod[12].dispatchPeriod[1].storageChargeLevel[1000MW_400
0MWh_3-c]' to a numeric value `0` outside the bounds (800, 4000).
    See also https://pyomo.readthedocs.io/en/stable/errors.html#w1002
WARNING (W1002): Setting Var 's[None,single].investmentStage[1].representative
Period[2].commitmentPeriod[13].dispatchPeriod[1].storageChargeLevel[100MW_400M
Wh_1]' to a numeric value `0` outside the bounds (80, 400).
    See also https://pyomo.readthedocs.io/en/stable/errors.html#w1002
WARNING (W1002): Setting Var 's[None,single].investmentStage[1].representative
Period[2].commitmentPeriod[13].dispatchPeriod[1].storageChargeLevel[100MW_800M
Wh-1]' to a numeric value `0` outside the bounds (160, 800).
    See also https://pyomo.readthedocs.io/en/stable/errors.html#w1002
WARNING (W1002): Setting Var 's[None,single].investmentStage[1].representative
Period[2].commitmentPeriod[13].dispatchPeriod[1].storageChargeLevel[1000MW_200
0MWh_1-c]' to a numeric value `0` outside the bounds (400, 2000).
    See also https://pyomo.readthedocs.io/en/stable/errors.html#w1002
WARNING (W1002): Setting Var 's[None,single].investmentStage[1].representative
Period[2].commitmentPeriod[13].dispatchPeriod[1].storageChargeLevel[1000MW_400
0MWh_1-c]' to a numeric value `0` outside the bounds (800, 4000).
    See also https://pyomo.readthedocs.io/en/stable/errors.html#w1002
WARNING (W1002): Setting Var 's[None,single].investmentStage[1].representative
Period[2].commitmentPeriod[13].dispatchPeriod[1].storageChargeLevel[100MW_400M
Wh_2-c]' to a numeric value `0` outside the bounds (80, 400).
    See also https://pyomo.readthedocs.io/en/stable/errors.html#w1002
WARNING (W1002): Setting Var 's[None,single].investmentStage[1].representative
Period[2].commitmentPeriod[13].dispatchPeriod[1].storageChargeLevel[100MW_800M
Wh_2-c]' to a numeric value `0` outside the bounds (160, 800).
    See also https://pyomo.readthedocs.io/en/stable/errors.html#w1002
WARNING (W1002): Setting Var 's[None,single].investmentStage[1].representative
Period[2].commitmentPeriod[13].dispatchPeriod[1].storageChargeLevel[1000MW_200
0MWh_2-c]' to a numeric value `0` outside the bounds (400, 2000).
    See also https://pyomo.readthedocs.io/en/stable/errors.html#w1002
WARNING (W1002): Setting Var 's[None,single].investmentStage[1].representative
Period[2].commitmentPeriod[13].dispatchPeriod[1].storageChargeLevel[1000MW_400
0MWh_2-c]' to a numeric value `0` outside the bounds (800, 4000).
    See also https://pyomo.readthedocs.io/en/stable/errors.html#w1002
WARNING (W1002): Setting Var 's[None,single].investmentStage[1].representative
Period[2].commitmentPeriod[13].dispatchPeriod[1].storageChargeLevel[100MW_400M
Wh_3-c]' to a numeric value `0` outside the bounds (80, 400).
    See also https://pyomo.readthedocs.io/en/stable/errors.html#w1002
WARNING (W1002): Setting Var 's[None,single].investmentStage[1].representative
Period[2].commitmentPeriod[13].dispatchPeriod[1].storageChargeLevel[100MW_800M
Wh_3-c]' to a numeric value `0` outside the bounds (160, 800).
    See also https://pyomo.readthedocs.io/en/stable/errors.html#w1002
WARNING (W1002): Setting Var 's[None,single].investmentStage[1].representative
Period[2].commitmentPeriod[13].dispatchPeriod[1].storageChargeLevel[1000MW_200
0MWh_3-c]' to a numeric value `0` outside the bounds (400, 2000).
    See also https://pyomo.readthedocs.io/en/stable/errors.html#w1002
WARNING (W1002): Setting Var 's[None,single].investmentStage[1].representative
Period[2].commitmentPeriod[13].dispatchPeriod[1].storageChargeLevel[1000MW_400
0MWh_3-c]' to a numeric value `0` outside the bounds (800, 4000).
    See also https://pyomo.readthedocs.io/en/stable/errors.html#w1002
WARNING (W1002): Setting Var 's[None,single].investmentStage[1].representative
Period[2].commitmentPeriod[14].dispatchPeriod[1].storageChargeLevel[100MW_400M
Wh_1]' to a numeric value `0` outside the bounds (80, 400).
    See also https://pyomo.readthedocs.io/en/stable/errors.html#w1002
WARNING (W1002): Setting Var 's[None,single].investmentStage[1].representative
Period[2].commitmentPeriod[14].dispatchPeriod[1].storageChargeLevel[100MW_800M
Wh-1]' to a numeric value `0` outside the bounds (160, 800).
    See also https://pyomo.readthedocs.io/en/stable/errors.html#w1002
WARNING (W1002): Setting Var 's[None,single].investmentStage[1].representative
Period[2].commitmentPeriod[14].dispatchPeriod[1].storageChargeLevel[1000MW_200
0MWh_1-c]' to a numeric value `0` outside the bounds (400, 2000).
    See also https://pyomo.readthedocs.io/en/stable/errors.html#w1002
WARNING (W1002): Setting Var 's[None,single].investmentStage[1].representative
Period[2].commitmentPeriod[14].dispatchPeriod[1].storageChargeLevel[1000MW_400
0MWh_1-c]' to a numeric value `0` outside the bounds (800, 4000).
    See also https://pyomo.readthedocs.io/en/stable/errors.html#w1002
WARNING (W1002): Setting Var 's[None,single].investmentStage[1].representative
Period[2].commitmentPeriod[14].dispatchPeriod[1].storageChargeLevel[100MW_400M
Wh_2-c]' to a numeric value `0` outside the bounds (80, 400).
    See also https://pyomo.readthedocs.io/en/stable/errors.html#w1002
WARNING (W1002): Setting Var 's[None,single].investmentStage[1].representative
Period[2].commitmentPeriod[14].dispatchPeriod[1].storageChargeLevel[100MW_800M
Wh_2-c]' to a numeric value `0` outside the bounds (160, 800).
    See also https://pyomo.readthedocs.io/en/stable/errors.html#w1002
WARNING (W1002): Setting Var 's[None,single].investmentStage[1].representative
Period[2].commitmentPeriod[14].dispatchPeriod[1].storageChargeLevel[1000MW_200
0MWh_2-c]' to a numeric value `0` outside the bounds (400, 2000).
    See also https://pyomo.readthedocs.io/en/stable/errors.html#w1002
WARNING (W1002): Setting Var 's[None,single].investmentStage[1].representative
Period[2].commitmentPeriod[14].dispatchPeriod[1].storageChargeLevel[1000MW_400
0MWh_2-c]' to a numeric value `0` outside the bounds (800, 4000).
    See also https://pyomo.readthedocs.io/en/stable/errors.html#w1002
WARNING (W1002): Setting Var 's[None,single].investmentStage[1].representative
Period[2].commitmentPeriod[14].dispatchPeriod[1].storageChargeLevel[100MW_400M
Wh_3-c]' to a numeric value `0` outside the bounds (80, 400).
    See also https://pyomo.readthedocs.io/en/stable/errors.html#w1002
WARNING (W1002): Setting Var 's[None,single].investmentStage[1].representative
Period[2].commitmentPeriod[14].dispatchPeriod[1].storageChargeLevel[100MW_800M
Wh_3-c]' to a numeric value `0` outside the bounds (160, 800).
    See also https://pyomo.readthedocs.io/en/stable/errors.html#w1002
WARNING (W1002): Setting Var 's[None,single].investmentStage[1].representative
Period[2].commitmentPeriod[14].dispatchPeriod[1].storageChargeLevel[1000MW_200
0MWh_3-c]' to a numeric value `0` outside the bounds (400, 2000).
    See also https://pyomo.readthedocs.io/en/stable/errors.html#w1002
WARNING (W1002): Setting Var 's[None,single].investmentStage[1].representative
Period[2].commitmentPeriod[14].dispatchPeriod[1].storageChargeLevel[1000MW_400
0MWh_3-c]' to a numeric value `0` outside the bounds (800, 4000).
    See also https://pyomo.readthedocs.io/en/stable/errors.html#w1002
WARNING (W1002): Setting Var 's[None,single].investmentStage[1].representative
Period[2].commitmentPeriod[15].dispatchPeriod[1].storageChargeLevel[100MW_400M
Wh_1]' to a numeric value `0` outside the bounds (80, 400).
    See also https://pyomo.readthedocs.io/en/stable/errors.html#w1002
WARNING (W1002): Setting Var 's[None,single].investmentStage[1].representative
Period[2].commitmentPeriod[15].dispatchPeriod[1].storageChargeLevel[100MW_800M
Wh-1]' to a numeric value `0` outside the bounds (160, 800).
    See also https://pyomo.readthedocs.io/en/stable/errors.html#w1002
WARNING (W1002): Setting Var 's[None,single].investmentStage[1].representative
Period[2].commitmentPeriod[15].dispatchPeriod[1].storageChargeLevel[1000MW_200
0MWh_1-c]' to a numeric value `0` outside the bounds (400, 2000).
    See also https://pyomo.readthedocs.io/en/stable/errors.html#w1002
WARNING (W1002): Setting Var 's[None,single].investmentStage[1].representative
Period[2].commitmentPeriod[15].dispatchPeriod[1].storageChargeLevel[1000MW_400
0MWh_1-c]' to a numeric value `0` outside the bounds (800, 4000).
    See also https://pyomo.readthedocs.io/en/stable/errors.html#w1002
WARNING (W1002): Setting Var 's[None,single].investmentStage[1].representative
Period[2].commitmentPeriod[15].dispatchPeriod[1].storageChargeLevel[100MW_400M
Wh_2-c]' to a numeric value `0` outside the bounds (80, 400).
    See also https://pyomo.readthedocs.io/en/stable/errors.html#w1002
WARNING (W1002): Setting Var 's[None,single].investmentStage[1].representative
Period[2].commitmentPeriod[15].dispatchPeriod[1].storageChargeLevel[100MW_800M
Wh_2-c]' to a numeric value `0` outside the bounds (160, 800).
    See also https://pyomo.readthedocs.io/en/stable/errors.html#w1002
WARNING (W1002): Setting Var 's[None,single].investmentStage[1].representative
Period[2].commitmentPeriod[15].dispatchPeriod[1].storageChargeLevel[1000MW_200
0MWh_2-c]' to a numeric value `0` outside the bounds (400, 2000).
    See also https://pyomo.readthedocs.io/en/stable/errors.html#w1002
WARNING (W1002): Setting Var 's[None,single].investmentStage[1].representative
Period[2].commitmentPeriod[15].dispatchPeriod[1].storageChargeLevel[1000MW_400
0MWh_2-c]' to a numeric value `0` outside the bounds (800, 4000).
    See also https://pyomo.readthedocs.io/en/stable/errors.html#w1002
WARNING (W1002): Setting Var 's[None,single].investmentStage[1].representative
Period[2].commitmentPeriod[15].dispatchPeriod[1].storageChargeLevel[100MW_400M
Wh_3-c]' to a numeric value `0` outside the bounds (80, 400).
    See also https://pyomo.readthedocs.io/en/stable/errors.html#w1002
WARNING (W1002): Setting Var 's[None,single].investmentStage[1].representative
Period[2].commitmentPeriod[15].dispatchPeriod[1].storageChargeLevel[100MW_800M
Wh_3-c]' to a numeric value `0` outside the bounds (160, 800).
    See also https://pyomo.readthedocs.io/en/stable/errors.html#w1002
WARNING (W1002): Setting Var 's[None,single].investmentStage[1].representative
Period[2].commitmentPeriod[15].dispatchPeriod[1].storageChargeLevel[1000MW_200
0MWh_3-c]' to a numeric value `0` outside the bounds (400, 2000).
    See also https://pyomo.readthedocs.io/en/stable/errors.html#w1002
WARNING (W1002): Setting Var 's[None,single].investmentStage[1].representative
Period[2].commitmentPeriod[15].dispatchPeriod[1].storageChargeLevel[1000MW_400
0MWh_3-c]' to a numeric value `0` outside the bounds (800, 4000).
    See also https://pyomo.readthedocs.io/en/stable/errors.html#w1002
WARNING (W1002): Setting Var 's[None,single].investmentStage[1].representative
Period[2].commitmentPeriod[16].dispatchPeriod[1].storageChargeLevel[100MW_400M
Wh_1]' to a numeric value `0` outside the bounds (80, 400).
    See also https://pyomo.readthedocs.io/en/stable/errors.html#w1002
WARNING (W1002): Setting Var 's[None,single].investmentStage[1].representative
Period[2].commitmentPeriod[16].dispatchPeriod[1].storageChargeLevel[100MW_800M
Wh-1]' to a numeric value `0` outside the bounds (160, 800).
    See also https://pyomo.readthedocs.io/en/stable/errors.html#w1002
WARNING (W1002): Setting Var 's[None,single].investmentStage[1].representative
Period[2].commitmentPeriod[16].dispatchPeriod[1].storageChargeLevel[1000MW_200
0MWh_1-c]' to a numeric value `0` outside the bounds (400, 2000).
    See also https://pyomo.readthedocs.io/en/stable/errors.html#w1002
WARNING (W1002): Setting Var 's[None,single].investmentStage[1].representative
Period[2].commitmentPeriod[16].dispatchPeriod[1].storageChargeLevel[1000MW_400
0MWh_1-c]' to a numeric value `0` outside the bounds (800, 4000).
    See also https://pyomo.readthedocs.io/en/stable/errors.html#w1002
WARNING (W1002): Setting Var 's[None,single].investmentStage[1].representative
Period[2].commitmentPeriod[16].dispatchPeriod[1].storageChargeLevel[100MW_400M
Wh_2-c]' to a numeric value `0` outside the bounds (80, 400).
    See also https://pyomo.readthedocs.io/en/stable/errors.html#w1002
WARNING (W1002): Setting Var 's[None,single].investmentStage[1].representative
Period[2].commitmentPeriod[16].dispatchPeriod[1].storageChargeLevel[100MW_800M
Wh_2-c]' to a numeric value `0` outside the bounds (160, 800).
    See also https://pyomo.readthedocs.io/en/stable/errors.html#w1002
WARNING (W1002): Setting Var 's[None,single].investmentStage[1].representative
Period[2].commitmentPeriod[16].dispatchPeriod[1].storageChargeLevel[1000MW_200
0MWh_2-c]' to a numeric value `0` outside the bounds (400, 2000).
    See also https://pyomo.readthedocs.io/en/stable/errors.html#w1002
WARNING (W1002): Setting Var 's[None,single].investmentStage[1].representative
Period[2].commitmentPeriod[16].dispatchPeriod[1].storageChargeLevel[1000MW_400
0MWh_2-c]' to a numeric value `0` outside the bounds (800, 4000).
    See also https://pyomo.readthedocs.io/en/stable/errors.html#w1002
WARNING (W1002): Setting Var 's[None,single].investmentStage[1].representative
Period[2].commitmentPeriod[16].dispatchPeriod[1].storageChargeLevel[100MW_400M
Wh_3-c]' to a numeric value `0` outside the bounds (80, 400).
    See also https://pyomo.readthedocs.io/en/stable/errors.html#w1002
WARNING (W1002): Setting Var 's[None,single].investmentStage[1].representative
Period[2].commitmentPeriod[16].dispatchPeriod[1].storageChargeLevel[100MW_800M
Wh_3-c]' to a numeric value `0` outside the bounds (160, 800).
    See also https://pyomo.readthedocs.io/en/stable/errors.html#w1002
WARNING (W1002): Setting Var 's[None,single].investmentStage[1].representative
Period[2].commitmentPeriod[16].dispatchPeriod[1].storageChargeLevel[1000MW_200
0MWh_3-c]' to a numeric value `0` outside the bounds (400, 2000).
    See also https://pyomo.readthedocs.io/en/stable/errors.html#w1002
WARNING (W1002): Setting Var 's[None,single].investmentStage[1].representative
Period[2].commitmentPeriod[16].dispatchPeriod[1].storageChargeLevel[1000MW_400
0MWh_3-c]' to a numeric value `0` outside the bounds (800, 4000).
    See also https://pyomo.readthedocs.io/en/stable/errors.html#w1002
WARNING (W1002): Setting Var 's[None,single].investmentStage[1].representative
Period[2].commitmentPeriod[17].dispatchPeriod[1].storageChargeLevel[100MW_400M
Wh_1]' to a numeric value `0` outside the bounds (80, 400).
    See also https://pyomo.readthedocs.io/en/stable/errors.html#w1002
WARNING (W1002): Setting Var 's[None,single].investmentStage[1].representative
Period[2].commitmentPeriod[17].dispatchPeriod[1].storageChargeLevel[100MW_800M
Wh-1]' to a numeric value `0` outside the bounds (160, 800).
    See also https://pyomo.readthedocs.io/en/stable/errors.html#w1002
WARNING (W1002): Setting Var 's[None,single].investmentStage[1].representative
Period[2].commitmentPeriod[17].dispatchPeriod[1].storageChargeLevel[1000MW_200
0MWh_1-c]' to a numeric value `0` outside the bounds (400, 2000).
    See also https://pyomo.readthedocs.io/en/stable/errors.html#w1002
WARNING (W1002): Setting Var 's[None,single].investmentStage[1].representative
Period[2].commitmentPeriod[17].dispatchPeriod[1].storageChargeLevel[1000MW_400
0MWh_1-c]' to a numeric value `0` outside the bounds (800, 4000).
    See also https://pyomo.readthedocs.io/en/stable/errors.html#w1002
WARNING (W1002): Setting Var 's[None,single].investmentStage[1].representative
Period[2].commitmentPeriod[17].dispatchPeriod[1].storageChargeLevel[100MW_400M
Wh_2-c]' to a numeric value `0` outside the bounds (80, 400).
    See also https://pyomo.readthedocs.io/en/stable/errors.html#w1002
WARNING (W1002): Setting Var 's[None,single].investmentStage[1].representative
Period[2].commitmentPeriod[17].dispatchPeriod[1].storageChargeLevel[100MW_800M
Wh_2-c]' to a numeric value `0` outside the bounds (160, 800).
    See also https://pyomo.readthedocs.io/en/stable/errors.html#w1002
WARNING (W1002): Setting Var 's[None,single].investmentStage[1].representative
Period[2].commitmentPeriod[17].dispatchPeriod[1].storageChargeLevel[1000MW_200
0MWh_2-c]' to a numeric value `0` outside the bounds (400, 2000).
    See also https://pyomo.readthedocs.io/en/stable/errors.html#w1002
WARNING (W1002): Setting Var 's[None,single].investmentStage[1].representative
Period[2].commitmentPeriod[17].dispatchPeriod[1].storageChargeLevel[1000MW_400
0MWh_2-c]' to a numeric value `0` outside the bounds (800, 4000).
    See also https://pyomo.readthedocs.io/en/stable/errors.html#w1002
WARNING (W1002): Setting Var 's[None,single].investmentStage[1].representative
Period[2].commitmentPeriod[17].dispatchPeriod[1].storageChargeLevel[100MW_400M
Wh_3-c]' to a numeric value `0` outside the bounds (80, 400).
    See also https://pyomo.readthedocs.io/en/stable/errors.html#w1002
WARNING (W1002): Setting Var 's[None,single].investmentStage[1].representative
Period[2].commitmentPeriod[17].dispatchPeriod[1].storageChargeLevel[100MW_800M
Wh_3-c]' to a numeric value `0` outside the bounds (160, 800).
    See also https://pyomo.readthedocs.io/en/stable/errors.html#w1002
WARNING (W1002): Setting Var 's[None,single].investmentStage[1].representative
Period[2].commitmentPeriod[17].dispatchPeriod[1].storageChargeLevel[1000MW_200
0MWh_3-c]' to a numeric value `0` outside the bounds (400, 2000).
    See also https://pyomo.readthedocs.io/en/stable/errors.html#w1002
WARNING (W1002): Setting Var 's[None,single].investmentStage[1].representative
Period[2].commitmentPeriod[17].dispatchPeriod[1].storageChargeLevel[1000MW_400
0MWh_3-c]' to a numeric value `0` outside the bounds (800, 4000).
    See also https://pyomo.readthedocs.io/en/stable/errors.html#w1002
WARNING (W1002): Setting Var 's[None,single].investmentStage[1].representative
Period[2].commitmentPeriod[18].dispatchPeriod[1].storageChargeLevel[100MW_400M
Wh_1]' to a numeric value `0` outside the bounds (80, 400).
    See also https://pyomo.readthedocs.io/en/stable/errors.html#w1002
WARNING (W1002): Setting Var 's[None,single].investmentStage[1].representative
Period[2].commitmentPeriod[18].dispatchPeriod[1].storageChargeLevel[100MW_800M
Wh-1]' to a numeric value `0` outside the bounds (160, 800).
    See also https://pyomo.readthedocs.io/en/stable/errors.html#w1002
WARNING (W1002): Setting Var 's[None,single].investmentStage[1].representative
Period[2].commitmentPeriod[18].dispatchPeriod[1].storageChargeLevel[1000MW_200
0MWh_1-c]' to a numeric value `0` outside the bounds (400, 2000).
    See also https://pyomo.readthedocs.io/en/stable/errors.html#w1002
WARNING (W1002): Setting Var 's[None,single].investmentStage[1].representative
Period[2].commitmentPeriod[18].dispatchPeriod[1].storageChargeLevel[1000MW_400
0MWh_1-c]' to a numeric value `0` outside the bounds (800, 4000).
    See also https://pyomo.readthedocs.io/en/stable/errors.html#w1002
WARNING (W1002): Setting Var 's[None,single].investmentStage[1].representative
Period[2].commitmentPeriod[18].dispatchPeriod[1].storageChargeLevel[100MW_400M
Wh_2-c]' to a numeric value `0` outside the bounds (80, 400).
    See also https://pyomo.readthedocs.io/en/stable/errors.html#w1002
WARNING (W1002): Setting Var 's[None,single].investmentStage[1].representative
Period[2].commitmentPeriod[18].dispatchPeriod[1].storageChargeLevel[100MW_800M
Wh_2-c]' to a numeric value `0` outside the bounds (160, 800).
    See also https://pyomo.readthedocs.io/en/stable/errors.html#w1002
WARNING (W1002): Setting Var 's[None,single].investmentStage[1].representative
Period[2].commitmentPeriod[18].dispatchPeriod[1].storageChargeLevel[1000MW_200
0MWh_2-c]' to a numeric value `0` outside the bounds (400, 2000).
    See also https://pyomo.readthedocs.io/en/stable/errors.html#w1002
WARNING (W1002): Setting Var 's[None,single].investmentStage[1].representative
Period[2].commitmentPeriod[18].dispatchPeriod[1].storageChargeLevel[1000MW_400
0MWh_2-c]' to a numeric value `0` outside the bounds (800, 4000).
    See also https://pyomo.readthedocs.io/en/stable/errors.html#w1002
WARNING (W1002): Setting Var 's[None,single].investmentStage[1].representative
Period[2].commitmentPeriod[18].dispatchPeriod[1].storageChargeLevel[100MW_400M
Wh_3-c]' to a numeric value `0` outside the bounds (80, 400).
    See also https://pyomo.readthedocs.io/en/stable/errors.html#w1002
WARNING (W1002): Setting Var 's[None,single].investmentStage[1].representative
Period[2].commitmentPeriod[18].dispatchPeriod[1].storageChargeLevel[100MW_800M
Wh_3-c]' to a numeric value `0` outside the bounds (160, 800).
    See also https://pyomo.readthedocs.io/en/stable/errors.html#w1002
WARNING (W1002): Setting Var 's[None,single].investmentStage[1].representative
Period[2].commitmentPeriod[18].dispatchPeriod[1].storageChargeLevel[1000MW_200
0MWh_3-c]' to a numeric value `0` outside the bounds (400, 2000).
    See also https://pyomo.readthedocs.io/en/stable/errors.html#w1002
WARNING (W1002): Setting Var 's[None,single].investmentStage[1].representative
Period[2].commitmentPeriod[18].dispatchPeriod[1].storageChargeLevel[1000MW_400
0MWh_3-c]' to a numeric value `0` outside the bounds (800, 4000).
    See also https://pyomo.readthedocs.io/en/stable/errors.html#w1002
WARNING (W1002): Setting Var 's[None,single].investmentStage[1].representative
Period[2].commitmentPeriod[19].dispatchPeriod[1].storageChargeLevel[100MW_400M
Wh_1]' to a numeric value `0` outside the bounds (80, 400).
    See also https://pyomo.readthedocs.io/en/stable/errors.html#w1002
WARNING (W1002): Setting Var 's[None,single].investmentStage[1].representative
Period[2].commitmentPeriod[19].dispatchPeriod[1].storageChargeLevel[100MW_800M
Wh-1]' to a numeric value `0` outside the bounds (160, 800).
    See also https://pyomo.readthedocs.io/en/stable/errors.html#w1002
WARNING (W1002): Setting Var 's[None,single].investmentStage[1].representative
Period[2].commitmentPeriod[19].dispatchPeriod[1].storageChargeLevel[1000MW_200
0MWh_1-c]' to a numeric value `0` outside the bounds (400, 2000).
    See also https://pyomo.readthedocs.io/en/stable/errors.html#w1002
WARNING (W1002): Setting Var 's[None,single].investmentStage[1].representative
Period[2].commitmentPeriod[19].dispatchPeriod[1].storageChargeLevel[1000MW_400
0MWh_1-c]' to a numeric value `0` outside the bounds (800, 4000).
    See also https://pyomo.readthedocs.io/en/stable/errors.html#w1002
WARNING (W1002): Setting Var 's[None,single].investmentStage[1].representative
Period[2].commitmentPeriod[19].dispatchPeriod[1].storageChargeLevel[100MW_400M
Wh_2-c]' to a numeric value `0` outside the bounds (80, 400).
    See also https://pyomo.readthedocs.io/en/stable/errors.html#w1002
WARNING (W1002): Setting Var 's[None,single].investmentStage[1].representative
Period[2].commitmentPeriod[19].dispatchPeriod[1].storageChargeLevel[100MW_800M
Wh_2-c]' to a numeric value `0` outside the bounds (160, 800).
    See also https://pyomo.readthedocs.io/en/stable/errors.html#w1002
WARNING (W1002): Setting Var 's[None,single].investmentStage[1].representative
Period[2].commitmentPeriod[19].dispatchPeriod[1].storageChargeLevel[1000MW_200
0MWh_2-c]' to a numeric value `0` outside the bounds (400, 2000).
    See also https://pyomo.readthedocs.io/en/stable/errors.html#w1002
WARNING (W1002): Setting Var 's[None,single].investmentStage[1].representative
Period[2].commitmentPeriod[19].dispatchPeriod[1].storageChargeLevel[1000MW_400
0MWh_2-c]' to a numeric value `0` outside the bounds (800, 4000).
    See also https://pyomo.readthedocs.io/en/stable/errors.html#w1002
WARNING (W1002): Setting Var 's[None,single].investmentStage[1].representative
Period[2].commitmentPeriod[19].dispatchPeriod[1].storageChargeLevel[100MW_400M
Wh_3-c]' to a numeric value `0` outside the bounds (80, 400).
    See also https://pyomo.readthedocs.io/en/stable/errors.html#w1002
WARNING (W1002): Setting Var 's[None,single].investmentStage[1].representative
Period[2].commitmentPeriod[19].dispatchPeriod[1].storageChargeLevel[100MW_800M
Wh_3-c]' to a numeric value `0` outside the bounds (160, 800).
    See also https://pyomo.readthedocs.io/en/stable/errors.html#w1002
WARNING (W1002): Setting Var 's[None,single].investmentStage[1].representative
Period[2].commitmentPeriod[19].dispatchPeriod[1].storageChargeLevel[1000MW_200
0MWh_3-c]' to a numeric value `0` outside the bounds (400, 2000).
    See also https://pyomo.readthedocs.io/en/stable/errors.html#w1002
WARNING (W1002): Setting Var 's[None,single].investmentStage[1].representative
Period[2].commitmentPeriod[19].dispatchPeriod[1].storageChargeLevel[1000MW_400
0MWh_3-c]' to a numeric value `0` outside the bounds (800, 4000).
    See also https://pyomo.readthedocs.io/en/stable/errors.html#w1002
WARNING (W1002): Setting Var 's[None,single].investmentStage[1].representative
Period[2].commitmentPeriod[20].dispatchPeriod[1].storageChargeLevel[100MW_400M
Wh_1]' to a numeric value `0` outside the bounds (80, 400).
    See also https://pyomo.readthedocs.io/en/stable/errors.html#w1002
WARNING (W1002): Setting Var 's[None,single].investmentStage[1].representative
Period[2].commitmentPeriod[20].dispatchPeriod[1].storageChargeLevel[100MW_800M
Wh-1]' to a numeric value `0` outside the bounds (160, 800).
    See also https://pyomo.readthedocs.io/en/stable/errors.html#w1002
WARNING (W1002): Setting Var 's[None,single].investmentStage[1].representative
Period[2].commitmentPeriod[20].dispatchPeriod[1].storageChargeLevel[1000MW_200
0MWh_1-c]' to a numeric value `0` outside the bounds (400, 2000).
    See also https://pyomo.readthedocs.io/en/stable/errors.html#w1002
WARNING (W1002): Setting Var 's[None,single].investmentStage[1].representative
Period[2].commitmentPeriod[20].dispatchPeriod[1].storageChargeLevel[1000MW_400
0MWh_1-c]' to a numeric value `0` outside the bounds (800, 4000).
    See also https://pyomo.readthedocs.io/en/stable/errors.html#w1002
WARNING (W1002): Setting Var 's[None,single].investmentStage[1].representative
Period[2].commitmentPeriod[20].dispatchPeriod[1].storageChargeLevel[100MW_400M
Wh_2-c]' to a numeric value `0` outside the bounds (80, 400).
    See also https://pyomo.readthedocs.io/en/stable/errors.html#w1002
WARNING (W1002): Setting Var 's[None,single].investmentStage[1].representative
Period[2].commitmentPeriod[20].dispatchPeriod[1].storageChargeLevel[100MW_800M
Wh_2-c]' to a numeric value `0` outside the bounds (160, 800).
    See also https://pyomo.readthedocs.io/en/stable/errors.html#w1002
WARNING (W1002): Setting Var 's[None,single].investmentStage[1].representative
Period[2].commitmentPeriod[20].dispatchPeriod[1].storageChargeLevel[1000MW_200
0MWh_2-c]' to a numeric value `0` outside the bounds (400, 2000).
    See also https://pyomo.readthedocs.io/en/stable/errors.html#w1002
WARNING (W1002): Setting Var 's[None,single].investmentStage[1].representative
Period[2].commitmentPeriod[20].dispatchPeriod[1].storageChargeLevel[1000MW_400
0MWh_2-c]' to a numeric value `0` outside the bounds (800, 4000).
    See also https://pyomo.readthedocs.io/en/stable/errors.html#w1002
WARNING (W1002): Setting Var 's[None,single].investmentStage[1].representative
Period[2].commitmentPeriod[20].dispatchPeriod[1].storageChargeLevel[100MW_400M
Wh_3-c]' to a numeric value `0` outside the bounds (80, 400).
    See also https://pyomo.readthedocs.io/en/stable/errors.html#w1002
WARNING (W1002): Setting Var 's[None,single].investmentStage[1].representative
Period[2].commitmentPeriod[20].dispatchPeriod[1].storageChargeLevel[100MW_800M
Wh_3-c]' to a numeric value `0` outside the bounds (160, 800).
    See also https://pyomo.readthedocs.io/en/stable/errors.html#w1002
WARNING (W1002): Setting Var 's[None,single].investmentStage[1].representative
Period[2].commitmentPeriod[20].dispatchPeriod[1].storageChargeLevel[1000MW_200
0MWh_3-c]' to a numeric value `0` outside the bounds (400, 2000).
    See also https://pyomo.readthedocs.io/en/stable/errors.html#w1002
WARNING (W1002): Setting Var 's[None,single].investmentStage[1].representative
Period[2].commitmentPeriod[20].dispatchPeriod[1].storageChargeLevel[1000MW_400
0MWh_3-c]' to a numeric value `0` outside the bounds (800, 4000).
    See also https://pyomo.readthedocs.io/en/stable/errors.html#w1002
WARNING (W1002): Setting Var 's[None,single].investmentStage[1].representative
Period[2].commitmentPeriod[21].dispatchPeriod[1].storageChargeLevel[100MW_400M
Wh_1]' to a numeric value `0` outside the bounds (80, 400).
    See also https://pyomo.readthedocs.io/en/stable/errors.html#w1002
WARNING (W1002): Setting Var 's[None,single].investmentStage[1].representative
Period[2].commitmentPeriod[21].dispatchPeriod[1].storageChargeLevel[100MW_800M
Wh-1]' to a numeric value `0` outside the bounds (160, 800).
    See also https://pyomo.readthedocs.io/en/stable/errors.html#w1002
WARNING (W1002): Setting Var 's[None,single].investmentStage[1].representative
Period[2].commitmentPeriod[21].dispatchPeriod[1].storageChargeLevel[1000MW_200
0MWh_1-c]' to a numeric value `0` outside the bounds (400, 2000).
    See also https://pyomo.readthedocs.io/en/stable/errors.html#w1002
WARNING (W1002): Setting Var 's[None,single].investmentStage[1].representative
Period[2].commitmentPeriod[21].dispatchPeriod[1].storageChargeLevel[1000MW_400
0MWh_1-c]' to a numeric value `0` outside the bounds (800, 4000).
    See also https://pyomo.readthedocs.io/en/stable/errors.html#w1002
WARNING (W1002): Setting Var 's[None,single].investmentStage[1].representative
Period[2].commitmentPeriod[21].dispatchPeriod[1].storageChargeLevel[100MW_400M
Wh_2-c]' to a numeric value `0` outside the bounds (80, 400).
    See also https://pyomo.readthedocs.io/en/stable/errors.html#w1002
WARNING (W1002): Setting Var 's[None,single].investmentStage[1].representative
Period[2].commitmentPeriod[21].dispatchPeriod[1].storageChargeLevel[100MW_800M
Wh_2-c]' to a numeric value `0` outside the bounds (160, 800).
    See also https://pyomo.readthedocs.io/en/stable/errors.html#w1002
WARNING (W1002): Setting Var 's[None,single].investmentStage[1].representative
Period[2].commitmentPeriod[21].dispatchPeriod[1].storageChargeLevel[1000MW_200
0MWh_2-c]' to a numeric value `0` outside the bounds (400, 2000).
    See also https://pyomo.readthedocs.io/en/stable/errors.html#w1002
WARNING (W1002): Setting Var 's[None,single].investmentStage[1].representative
Period[2].commitmentPeriod[21].dispatchPeriod[1].storageChargeLevel[1000MW_400
0MWh_2-c]' to a numeric value `0` outside the bounds (800, 4000).
    See also https://pyomo.readthedocs.io/en/stable/errors.html#w1002
WARNING (W1002): Setting Var 's[None,single].investmentStage[1].representative
Period[2].commitmentPeriod[21].dispatchPeriod[1].storageChargeLevel[100MW_400M
Wh_3-c]' to a numeric value `0` outside the bounds (80, 400).
    See also https://pyomo.readthedocs.io/en/stable/errors.html#w1002
WARNING (W1002): Setting Var 's[None,single].investmentStage[1].representative
Period[2].commitmentPeriod[21].dispatchPeriod[1].storageChargeLevel[100MW_800M
Wh_3-c]' to a numeric value `0` outside the bounds (160, 800).
    See also https://pyomo.readthedocs.io/en/stable/errors.html#w1002
WARNING (W1002): Setting Var 's[None,single].investmentStage[1].representative
Period[2].commitmentPeriod[21].dispatchPeriod[1].storageChargeLevel[1000MW_200
0MWh_3-c]' to a numeric value `0` outside the bounds (400, 2000).
    See also https://pyomo.readthedocs.io/en/stable/errors.html#w1002
WARNING (W1002): Setting Var 's[None,single].investmentStage[1].representative
Period[2].commitmentPeriod[21].dispatchPeriod[1].storageChargeLevel[1000MW_400
0MWh_3-c]' to a numeric value `0` outside the bounds (800, 4000).
    See also https://pyomo.readthedocs.io/en/stable/errors.html#w1002
WARNING (W1002): Setting Var 's[None,single].investmentStage[1].representative
Period[2].commitmentPeriod[22].dispatchPeriod[1].storageChargeLevel[100MW_400M
Wh_1]' to a numeric value `0` outside the bounds (80, 400).
    See also https://pyomo.readthedocs.io/en/stable/errors.html#w1002
WARNING (W1002): Setting Var 's[None,single].investmentStage[1].representative
Period[2].commitmentPeriod[22].dispatchPeriod[1].storageChargeLevel[100MW_800M
Wh-1]' to a numeric value `0` outside the bounds (160, 800).
    See also https://pyomo.readthedocs.io/en/stable/errors.html#w1002
WARNING (W1002): Setting Var 's[None,single].investmentStage[1].representative
Period[2].commitmentPeriod[22].dispatchPeriod[1].storageChargeLevel[1000MW_200
0MWh_1-c]' to a numeric value `0` outside the bounds (400, 2000).
    See also https://pyomo.readthedocs.io/en/stable/errors.html#w1002
WARNING (W1002): Setting Var 's[None,single].investmentStage[1].representative
Period[2].commitmentPeriod[22].dispatchPeriod[1].storageChargeLevel[1000MW_400
0MWh_1-c]' to a numeric value `0` outside the bounds (800, 4000).
    See also https://pyomo.readthedocs.io/en/stable/errors.html#w1002
WARNING (W1002): Setting Var 's[None,single].investmentStage[1].representative
Period[2].commitmentPeriod[22].dispatchPeriod[1].storageChargeLevel[100MW_400M
Wh_2-c]' to a numeric value `0` outside the bounds (80, 400).
    See also https://pyomo.readthedocs.io/en/stable/errors.html#w1002
WARNING (W1002): Setting Var 's[None,single].investmentStage[1].representative
Period[2].commitmentPeriod[22].dispatchPeriod[1].storageChargeLevel[100MW_800M
Wh_2-c]' to a numeric value `0` outside the bounds (160, 800).
    See also https://pyomo.readthedocs.io/en/stable/errors.html#w1002
WARNING (W1002): Setting Var 's[None,single].investmentStage[1].representative
Period[2].commitmentPeriod[22].dispatchPeriod[1].storageChargeLevel[1000MW_200
0MWh_2-c]' to a numeric value `0` outside the bounds (400, 2000).
    See also https://pyomo.readthedocs.io/en/stable/errors.html#w1002
WARNING (W1002): Setting Var 's[None,single].investmentStage[1].representative
Period[2].commitmentPeriod[22].dispatchPeriod[1].storageChargeLevel[1000MW_400
0MWh_2-c]' to a numeric value `0` outside the bounds (800, 4000).
    See also https://pyomo.readthedocs.io/en/stable/errors.html#w1002
WARNING (W1002): Setting Var 's[None,single].investmentStage[1].representative
Period[2].commitmentPeriod[22].dispatchPeriod[1].storageChargeLevel[100MW_400M
Wh_3-c]' to a numeric value `0` outside the bounds (80, 400).
    See also https://pyomo.readthedocs.io/en/stable/errors.html#w1002
WARNING (W1002): Setting Var 's[None,single].investmentStage[1].representative
Period[2].commitmentPeriod[22].dispatchPeriod[1].storageChargeLevel[100MW_800M
Wh_3-c]' to a numeric value `0` outside the bounds (160, 800).
    See also https://pyomo.readthedocs.io/en/stable/errors.html#w1002
WARNING (W1002): Setting Var 's[None,single].investmentStage[1].representative
Period[2].commitmentPeriod[22].dispatchPeriod[1].storageChargeLevel[1000MW_200
0MWh_3-c]' to a numeric value `0` outside the bounds (400, 2000).
    See also https://pyomo.readthedocs.io/en/stable/errors.html#w1002
WARNING (W1002): Setting Var 's[None,single].investmentStage[1].representative
Period[2].commitmentPeriod[22].dispatchPeriod[1].storageChargeLevel[1000MW_400
0MWh_3-c]' to a numeric value `0` outside the bounds (800, 4000).
    See also https://pyomo.readthedocs.io/en/stable/errors.html#w1002
WARNING (W1002): Setting Var 's[None,single].investmentStage[1].representative
Period[2].commitmentPeriod[23].dispatchPeriod[1].storageChargeLevel[100MW_400M
Wh_1]' to a numeric value `0` outside the bounds (80, 400).
    See also https://pyomo.readthedocs.io/en/stable/errors.html#w1002
WARNING (W1002): Setting Var 's[None,single].investmentStage[1].representative
Period[2].commitmentPeriod[23].dispatchPeriod[1].storageChargeLevel[100MW_800M
Wh-1]' to a numeric value `0` outside the bounds (160, 800).
    See also https://pyomo.readthedocs.io/en/stable/errors.html#w1002
WARNING (W1002): Setting Var 's[None,single].investmentStage[1].representative
Period[2].commitmentPeriod[23].dispatchPeriod[1].storageChargeLevel[1000MW_200
0MWh_1-c]' to a numeric value `0` outside the bounds (400, 2000).
    See also https://pyomo.readthedocs.io/en/stable/errors.html#w1002
WARNING (W1002): Setting Var 's[None,single].investmentStage[1].representative
Period[2].commitmentPeriod[23].dispatchPeriod[1].storageChargeLevel[1000MW_400
0MWh_1-c]' to a numeric value `0` outside the bounds (800, 4000).
    See also https://pyomo.readthedocs.io/en/stable/errors.html#w1002
WARNING (W1002): Setting Var 's[None,single].investmentStage[1].representative
Period[2].commitmentPeriod[23].dispatchPeriod[1].storageChargeLevel[100MW_400M
Wh_2-c]' to a numeric value `0` outside the bounds (80, 400).
    See also https://pyomo.readthedocs.io/en/stable/errors.html#w1002
WARNING (W1002): Setting Var 's[None,single].investmentStage[1].representative
Period[2].commitmentPeriod[23].dispatchPeriod[1].storageChargeLevel[100MW_800M
Wh_2-c]' to a numeric value `0` outside the bounds (160, 800).
    See also https://pyomo.readthedocs.io/en/stable/errors.html#w1002
WARNING (W1002): Setting Var 's[None,single].investmentStage[1].representative
Period[2].commitmentPeriod[23].dispatchPeriod[1].storageChargeLevel[1000MW_200
0MWh_2-c]' to a numeric value `0` outside the bounds (400, 2000).
    See also https://pyomo.readthedocs.io/en/stable/errors.html#w1002
WARNING (W1002): Setting Var 's[None,single].investmentStage[1].representative
Period[2].commitmentPeriod[23].dispatchPeriod[1].storageChargeLevel[1000MW_400
0MWh_2-c]' to a numeric value `0` outside the bounds (800, 4000).
    See also https://pyomo.readthedocs.io/en/stable/errors.html#w1002
WARNING (W1002): Setting Var 's[None,single].investmentStage[1].representative
Period[2].commitmentPeriod[23].dispatchPeriod[1].storageChargeLevel[100MW_400M
Wh_3-c]' to a numeric value `0` outside the bounds (80, 400).
    See also https://pyomo.readthedocs.io/en/stable/errors.html#w1002
WARNING (W1002): Setting Var 's[None,single].investmentStage[1].representative
Period[2].commitmentPeriod[23].dispatchPeriod[1].storageChargeLevel[100MW_800M
Wh_3-c]' to a numeric value `0` outside the bounds (160, 800).
    See also https://pyomo.readthedocs.io/en/stable/errors.html#w1002
WARNING (W1002): Setting Var 's[None,single].investmentStage[1].representative
Period[2].commitmentPeriod[23].dispatchPeriod[1].storageChargeLevel[1000MW_200
0MWh_3-c]' to a numeric value `0` outside the bounds (400, 2000).
    See also https://pyomo.readthedocs.io/en/stable/errors.html#w1002
WARNING (W1002): Setting Var 's[None,single].investmentStage[1].representative
Period[2].commitmentPeriod[23].dispatchPeriod[1].storageChargeLevel[1000MW_400
0MWh_3-c]' to a numeric value `0` outside the bounds (800, 4000).
    See also https://pyomo.readthedocs.io/en/stable/errors.html#w1002
WARNING (W1002): Setting Var 's[None,single].investmentStage[1].representative
Period[2].commitmentPeriod[24].dispatchPeriod[1].storageChargeLevel[100MW_400M
Wh_1]' to a numeric value `0` outside the bounds (80, 400).
    See also https://pyomo.readthedocs.io/en/stable/errors.html#w1002
WARNING (W1002): Setting Var 's[None,single].investmentStage[1].representative
Period[2].commitmentPeriod[24].dispatchPeriod[1].storageChargeLevel[100MW_800M
Wh-1]' to a numeric value `0` outside the bounds (160, 800).
    See also https://pyomo.readthedocs.io/en/stable/errors.html#w1002
WARNING (W1002): Setting Var 's[None,single].investmentStage[1].representative
Period[2].commitmentPeriod[24].dispatchPeriod[1].storageChargeLevel[1000MW_200
0MWh_1-c]' to a numeric value `0` outside the bounds (400, 2000).
    See also https://pyomo.readthedocs.io/en/stable/errors.html#w1002
WARNING (W1002): Setting Var 's[None,single].investmentStage[1].representative
Period[2].commitmentPeriod[24].dispatchPeriod[1].storageChargeLevel[1000MW_400
0MWh_1-c]' to a numeric value `0` outside the bounds (800, 4000).
    See also https://pyomo.readthedocs.io/en/stable/errors.html#w1002
WARNING (W1002): Setting Var 's[None,single].investmentStage[1].representative
Period[2].commitmentPeriod[24].dispatchPeriod[1].storageChargeLevel[100MW_400M
Wh_2-c]' to a numeric value `0` outside the bounds (80, 400).
    See also https://pyomo.readthedocs.io/en/stable/errors.html#w1002
WARNING (W1002): Setting Var 's[None,single].investmentStage[1].representative
Period[2].commitmentPeriod[24].dispatchPeriod[1].storageChargeLevel[100MW_800M
Wh_2-c]' to a numeric value `0` outside the bounds (160, 800).
    See also https://pyomo.readthedocs.io/en/stable/errors.html#w1002
WARNING (W1002): Setting Var 's[None,single].investmentStage[1].representative
Period[2].commitmentPeriod[24].dispatchPeriod[1].storageChargeLevel[1000MW_200
0MWh_2-c]' to a numeric value `0` outside the bounds (400, 2000).
    See also https://pyomo.readthedocs.io/en/stable/errors.html#w1002
WARNING (W1002): Setting Var 's[None,single].investmentStage[1].representative
Period[2].commitmentPeriod[24].dispatchPeriod[1].storageChargeLevel[1000MW_400
0MWh_2-c]' to a numeric value `0` outside the bounds (800, 4000).
    See also https://pyomo.readthedocs.io/en/stable/errors.html#w1002
WARNING (W1002): Setting Var 's[None,single].investmentStage[1].representative
Period[2].commitmentPeriod[24].dispatchPeriod[1].storageChargeLevel[100MW_400M
Wh_3-c]' to a numeric value `0` outside the bounds (80, 400).
    See also https://pyomo.readthedocs.io/en/stable/errors.html#w1002
WARNING (W1002): Setting Var 's[None,single].investmentStage[1].representative
Period[2].commitmentPeriod[24].dispatchPeriod[1].storageChargeLevel[100MW_800M
Wh_3-c]' to a numeric value `0` outside the bounds (160, 800).
    See also https://pyomo.readthedocs.io/en/stable/errors.html#w1002
WARNING (W1002): Setting Var 's[None,single].investmentStage[1].representative
Period[2].commitmentPeriod[24].dispatchPeriod[1].storageChargeLevel[1000MW_200
0MWh_3-c]' to a numeric value `0` outside the bounds (400, 2000).
    See also https://pyomo.readthedocs.io/en/stable/errors.html#w1002
WARNING (W1002): Setting Var 's[None,single].investmentStage[1].representative
Period[2].commitmentPeriod[24].dispatchPeriod[1].storageChargeLevel[1000MW_400
0MWh_3-c]' to a numeric value `0` outside the bounds (800, 4000).
    See also https://pyomo.readthedocs.io/en/stable/errors.html#w1002
WARNING (W1002): Setting Var 's[None,single].investmentStage[2].representative
Period[1].commitmentPeriod[1].dispatchPeriod[1].storageChargeLevel[100MW_400MW
h_1]' to a numeric value `0` outside the bounds (80, 400).
    See also https://pyomo.readthedocs.io/en/stable/errors.html#w1002
WARNING (W1002): Setting Var 's[None,single].investmentStage[2].representative
Period[1].commitmentPeriod[1].dispatchPeriod[1].storageChargeLevel[100MW_800MW
h-1]' to a numeric value `0` outside the bounds (160, 800).
    See also https://pyomo.readthedocs.io/en/stable/errors.html#w1002
WARNING (W1002): Setting Var 's[None,single].investmentStage[2].representative
Period[1].commitmentPeriod[1].dispatchPeriod[1].storageChargeLevel[1000MW_2000
MWh_1-c]' to a numeric value `0` outside the bounds (400, 2000).
    See also https://pyomo.readthedocs.io/en/stable/errors.html#w1002
WARNING (W1002): Setting Var 's[None,single].investmentStage[2].representative
Period[1].commitmentPeriod[1].dispatchPeriod[1].storageChargeLevel[1000MW_4000
MWh_1-c]' to a numeric value `0` outside the bounds (800, 4000).
    See also https://pyomo.readthedocs.io/en/stable/errors.html#w1002
WARNING (W1002): Setting Var 's[None,single].investmentStage[2].representative
Period[1].commitmentPeriod[1].dispatchPeriod[1].storageChargeLevel[100MW_400MW
h_2-c]' to a numeric value `0` outside the bounds (80, 400).
    See also https://pyomo.readthedocs.io/en/stable/errors.html#w1002
WARNING (W1002): Setting Var 's[None,single].investmentStage[2].representative
Period[1].commitmentPeriod[1].dispatchPeriod[1].storageChargeLevel[100MW_800MW
h_2-c]' to a numeric value `0` outside the bounds (160, 800).
    See also https://pyomo.readthedocs.io/en/stable/errors.html#w1002
WARNING (W1002): Setting Var 's[None,single].investmentStage[2].representative
Period[1].commitmentPeriod[1].dispatchPeriod[1].storageChargeLevel[1000MW_2000
MWh_2-c]' to a numeric value `0` outside the bounds (400, 2000).
    See also https://pyomo.readthedocs.io/en/stable/errors.html#w1002
WARNING (W1002): Setting Var 's[None,single].investmentStage[2].representative
Period[1].commitmentPeriod[1].dispatchPeriod[1].storageChargeLevel[1000MW_4000
MWh_2-c]' to a numeric value `0` outside the bounds (800, 4000).
    See also https://pyomo.readthedocs.io/en/stable/errors.html#w1002
WARNING (W1002): Setting Var 's[None,single].investmentStage[2].representative
Period[1].commitmentPeriod[1].dispatchPeriod[1].storageChargeLevel[100MW_400MW
h_3-c]' to a numeric value `0` outside the bounds (80, 400).
    See also https://pyomo.readthedocs.io/en/stable/errors.html#w1002
WARNING (W1002): Setting Var 's[None,single].investmentStage[2].representative
Period[1].commitmentPeriod[1].dispatchPeriod[1].storageChargeLevel[100MW_800MW
h_3-c]' to a numeric value `0` outside the bounds (160, 800).
    See also https://pyomo.readthedocs.io/en/stable/errors.html#w1002
WARNING (W1002): Setting Var 's[None,single].investmentStage[2].representative
Period[1].commitmentPeriod[1].dispatchPeriod[1].storageChargeLevel[1000MW_2000
MWh_3-c]' to a numeric value `0` outside the bounds (400, 2000).
    See also https://pyomo.readthedocs.io/en/stable/errors.html#w1002
WARNING (W1002): Setting Var 's[None,single].investmentStage[2].representative
Period[1].commitmentPeriod[1].dispatchPeriod[1].storageChargeLevel[1000MW_4000
MWh_3-c]' to a numeric value `0` outside the bounds (800, 4000).
    See also https://pyomo.readthedocs.io/en/stable/errors.html#w1002
WARNING (W1002): Setting Var 's[None,single].investmentStage[2].representative
Period[1].commitmentPeriod[2].dispatchPeriod[1].storageChargeLevel[100MW_400MW
h_1]' to a numeric value `0` outside the bounds (80, 400).
    See also https://pyomo.readthedocs.io/en/stable/errors.html#w1002
WARNING (W1002): Setting Var 's[None,single].investmentStage[2].representative
Period[1].commitmentPeriod[2].dispatchPeriod[1].storageChargeLevel[100MW_800MW
h-1]' to a numeric value `0` outside the bounds (160, 800).
    See also https://pyomo.readthedocs.io/en/stable/errors.html#w1002
WARNING (W1002): Setting Var 's[None,single].investmentStage[2].representative
Period[1].commitmentPeriod[2].dispatchPeriod[1].storageChargeLevel[1000MW_2000
MWh_1-c]' to a numeric value `0` outside the bounds (400, 2000).
    See also https://pyomo.readthedocs.io/en/stable/errors.html#w1002
WARNING (W1002): Setting Var 's[None,single].investmentStage[2].representative
Period[1].commitmentPeriod[2].dispatchPeriod[1].storageChargeLevel[1000MW_4000
MWh_1-c]' to a numeric value `0` outside the bounds (800, 4000).
    See also https://pyomo.readthedocs.io/en/stable/errors.html#w1002
WARNING (W1002): Setting Var 's[None,single].investmentStage[2].representative
Period[1].commitmentPeriod[2].dispatchPeriod[1].storageChargeLevel[100MW_400MW
h_2-c]' to a numeric value `0` outside the bounds (80, 400).
    See also https://pyomo.readthedocs.io/en/stable/errors.html#w1002
WARNING (W1002): Setting Var 's[None,single].investmentStage[2].representative
Period[1].commitmentPeriod[2].dispatchPeriod[1].storageChargeLevel[100MW_800MW
h_2-c]' to a numeric value `0` outside the bounds (160, 800).
    See also https://pyomo.readthedocs.io/en/stable/errors.html#w1002
WARNING (W1002): Setting Var 's[None,single].investmentStage[2].representative
Period[1].commitmentPeriod[2].dispatchPeriod[1].storageChargeLevel[1000MW_2000
MWh_2-c]' to a numeric value `0` outside the bounds (400, 2000).
    See also https://pyomo.readthedocs.io/en/stable/errors.html#w1002
WARNING (W1002): Setting Var 's[None,single].investmentStage[2].representative
Period[1].commitmentPeriod[2].dispatchPeriod[1].storageChargeLevel[1000MW_4000
MWh_2-c]' to a numeric value `0` outside the bounds (800, 4000).
    See also https://pyomo.readthedocs.io/en/stable/errors.html#w1002
WARNING (W1002): Setting Var 's[None,single].investmentStage[2].representative
Period[1].commitmentPeriod[2].dispatchPeriod[1].storageChargeLevel[100MW_400MW
h_3-c]' to a numeric value `0` outside the bounds (80, 400).
    See also https://pyomo.readthedocs.io/en/stable/errors.html#w1002
WARNING (W1002): Setting Var 's[None,single].investmentStage[2].representative
Period[1].commitmentPeriod[2].dispatchPeriod[1].storageChargeLevel[100MW_800MW
h_3-c]' to a numeric value `0` outside the bounds (160, 800).
    See also https://pyomo.readthedocs.io/en/stable/errors.html#w1002
WARNING (W1002): Setting Var 's[None,single].investmentStage[2].representative
Period[1].commitmentPeriod[2].dispatchPeriod[1].storageChargeLevel[1000MW_2000
MWh_3-c]' to a numeric value `0` outside the bounds (400, 2000).
    See also https://pyomo.readthedocs.io/en/stable/errors.html#w1002
WARNING (W1002): Setting Var 's[None,single].investmentStage[2].representative
Period[1].commitmentPeriod[2].dispatchPeriod[1].storageChargeLevel[1000MW_4000
MWh_3-c]' to a numeric value `0` outside the bounds (800, 4000).
    See also https://pyomo.readthedocs.io/en/stable/errors.html#w1002
WARNING (W1002): Setting Var 's[None,single].investmentStage[2].representative
Period[1].commitmentPeriod[3].dispatchPeriod[1].storageChargeLevel[100MW_400MW
h_1]' to a numeric value `0` outside the bounds (80, 400).
    See also https://pyomo.readthedocs.io/en/stable/errors.html#w1002
WARNING (W1002): Setting Var 's[None,single].investmentStage[2].representative
Period[1].commitmentPeriod[3].dispatchPeriod[1].storageChargeLevel[100MW_800MW
h-1]' to a numeric value `0` outside the bounds (160, 800).
    See also https://pyomo.readthedocs.io/en/stable/errors.html#w1002
WARNING (W1002): Setting Var 's[None,single].investmentStage[2].representative
Period[1].commitmentPeriod[3].dispatchPeriod[1].storageChargeLevel[1000MW_2000
MWh_1-c]' to a numeric value `0` outside the bounds (400, 2000).
    See also https://pyomo.readthedocs.io/en/stable/errors.html#w1002
WARNING (W1002): Setting Var 's[None,single].investmentStage[2].representative
Period[1].commitmentPeriod[3].dispatchPeriod[1].storageChargeLevel[1000MW_4000
MWh_1-c]' to a numeric value `0` outside the bounds (800, 4000).
    See also https://pyomo.readthedocs.io/en/stable/errors.html#w1002
WARNING (W1002): Setting Var 's[None,single].investmentStage[2].representative
Period[1].commitmentPeriod[3].dispatchPeriod[1].storageChargeLevel[100MW_400MW
h_2-c]' to a numeric value `0` outside the bounds (80, 400).
    See also https://pyomo.readthedocs.io/en/stable/errors.html#w1002
WARNING (W1002): Setting Var 's[None,single].investmentStage[2].representative
Period[1].commitmentPeriod[3].dispatchPeriod[1].storageChargeLevel[100MW_800MW
h_2-c]' to a numeric value `0` outside the bounds (160, 800).
    See also https://pyomo.readthedocs.io/en/stable/errors.html#w1002
WARNING (W1002): Setting Var 's[None,single].investmentStage[2].representative
Period[1].commitmentPeriod[3].dispatchPeriod[1].storageChargeLevel[1000MW_2000
MWh_2-c]' to a numeric value `0` outside the bounds (400, 2000).
    See also https://pyomo.readthedocs.io/en/stable/errors.html#w1002
WARNING (W1002): Setting Var 's[None,single].investmentStage[2].representative
Period[1].commitmentPeriod[3].dispatchPeriod[1].storageChargeLevel[1000MW_4000
MWh_2-c]' to a numeric value `0` outside the bounds (800, 4000).
    See also https://pyomo.readthedocs.io/en/stable/errors.html#w1002
WARNING (W1002): Setting Var 's[None,single].investmentStage[2].representative
Period[1].commitmentPeriod[3].dispatchPeriod[1].storageChargeLevel[100MW_400MW
h_3-c]' to a numeric value `0` outside the bounds (80, 400).
    See also https://pyomo.readthedocs.io/en/stable/errors.html#w1002
WARNING (W1002): Setting Var 's[None,single].investmentStage[2].representative
Period[1].commitmentPeriod[3].dispatchPeriod[1].storageChargeLevel[100MW_800MW
h_3-c]' to a numeric value `0` outside the bounds (160, 800).
    See also https://pyomo.readthedocs.io/en/stable/errors.html#w1002
WARNING (W1002): Setting Var 's[None,single].investmentStage[2].representative
Period[1].commitmentPeriod[3].dispatchPeriod[1].storageChargeLevel[1000MW_2000
MWh_3-c]' to a numeric value `0` outside the bounds (400, 2000).
    See also https://pyomo.readthedocs.io/en/stable/errors.html#w1002
WARNING (W1002): Setting Var 's[None,single].investmentStage[2].representative
Period[1].commitmentPeriod[3].dispatchPeriod[1].storageChargeLevel[1000MW_4000
MWh_3-c]' to a numeric value `0` outside the bounds (800, 4000).
    See also https://pyomo.readthedocs.io/en/stable/errors.html#w1002
WARNING (W1002): Setting Var 's[None,single].investmentStage[2].representative
Period[1].commitmentPeriod[4].dispatchPeriod[1].storageChargeLevel[100MW_400MW
h_1]' to a numeric value `0` outside the bounds (80, 400).
    See also https://pyomo.readthedocs.io/en/stable/errors.html#w1002
WARNING (W1002): Setting Var 's[None,single].investmentStage[2].representative
Period[1].commitmentPeriod[4].dispatchPeriod[1].storageChargeLevel[100MW_800MW
h-1]' to a numeric value `0` outside the bounds (160, 800).
    See also https://pyomo.readthedocs.io/en/stable/errors.html#w1002
WARNING (W1002): Setting Var 's[None,single].investmentStage[2].representative
Period[1].commitmentPeriod[4].dispatchPeriod[1].storageChargeLevel[1000MW_2000
MWh_1-c]' to a numeric value `0` outside the bounds (400, 2000).
    See also https://pyomo.readthedocs.io/en/stable/errors.html#w1002
WARNING (W1002): Setting Var 's[None,single].investmentStage[2].representative
Period[1].commitmentPeriod[4].dispatchPeriod[1].storageChargeLevel[1000MW_4000
MWh_1-c]' to a numeric value `0` outside the bounds (800, 4000).
    See also https://pyomo.readthedocs.io/en/stable/errors.html#w1002
WARNING (W1002): Setting Var 's[None,single].investmentStage[2].representative
Period[1].commitmentPeriod[4].dispatchPeriod[1].storageChargeLevel[100MW_400MW
h_2-c]' to a numeric value `0` outside the bounds (80, 400).
    See also https://pyomo.readthedocs.io/en/stable/errors.html#w1002
WARNING (W1002): Setting Var 's[None,single].investmentStage[2].representative
Period[1].commitmentPeriod[4].dispatchPeriod[1].storageChargeLevel[100MW_800MW
h_2-c]' to a numeric value `0` outside the bounds (160, 800).
    See also https://pyomo.readthedocs.io/en/stable/errors.html#w1002
WARNING (W1002): Setting Var 's[None,single].investmentStage[2].representative
Period[1].commitmentPeriod[4].dispatchPeriod[1].storageChargeLevel[1000MW_2000
MWh_2-c]' to a numeric value `0` outside the bounds (400, 2000).
    See also https://pyomo.readthedocs.io/en/stable/errors.html#w1002
WARNING (W1002): Setting Var 's[None,single].investmentStage[2].representative
Period[1].commitmentPeriod[4].dispatchPeriod[1].storageChargeLevel[1000MW_4000
MWh_2-c]' to a numeric value `0` outside the bounds (800, 4000).
    See also https://pyomo.readthedocs.io/en/stable/errors.html#w1002
WARNING (W1002): Setting Var 's[None,single].investmentStage[2].representative
Period[1].commitmentPeriod[4].dispatchPeriod[1].storageChargeLevel[100MW_400MW
h_3-c]' to a numeric value `0` outside the bounds (80, 400).
    See also https://pyomo.readthedocs.io/en/stable/errors.html#w1002
WARNING (W1002): Setting Var 's[None,single].investmentStage[2].representative
Period[1].commitmentPeriod[4].dispatchPeriod[1].storageChargeLevel[100MW_800MW
h_3-c]' to a numeric value `0` outside the bounds (160, 800).
    See also https://pyomo.readthedocs.io/en/stable/errors.html#w1002
WARNING (W1002): Setting Var 's[None,single].investmentStage[2].representative
Period[1].commitmentPeriod[4].dispatchPeriod[1].storageChargeLevel[1000MW_2000
MWh_3-c]' to a numeric value `0` outside the bounds (400, 2000).
    See also https://pyomo.readthedocs.io/en/stable/errors.html#w1002
WARNING (W1002): Setting Var 's[None,single].investmentStage[2].representative
Period[1].commitmentPeriod[4].dispatchPeriod[1].storageChargeLevel[1000MW_4000
MWh_3-c]' to a numeric value `0` outside the bounds (800, 4000).
    See also https://pyomo.readthedocs.io/en/stable/errors.html#w1002
WARNING (W1002): Setting Var 's[None,single].investmentStage[2].representative
Period[1].commitmentPeriod[5].dispatchPeriod[1].storageChargeLevel[100MW_400MW
h_1]' to a numeric value `0` outside the bounds (80, 400).
    See also https://pyomo.readthedocs.io/en/stable/errors.html#w1002
WARNING (W1002): Setting Var 's[None,single].investmentStage[2].representative
Period[1].commitmentPeriod[5].dispatchPeriod[1].storageChargeLevel[100MW_800MW
h-1]' to a numeric value `0` outside the bounds (160, 800).
    See also https://pyomo.readthedocs.io/en/stable/errors.html#w1002
WARNING (W1002): Setting Var 's[None,single].investmentStage[2].representative
Period[1].commitmentPeriod[5].dispatchPeriod[1].storageChargeLevel[1000MW_2000
MWh_1-c]' to a numeric value `0` outside the bounds (400, 2000).
    See also https://pyomo.readthedocs.io/en/stable/errors.html#w1002
WARNING (W1002): Setting Var 's[None,single].investmentStage[2].representative
Period[1].commitmentPeriod[5].dispatchPeriod[1].storageChargeLevel[1000MW_4000
MWh_1-c]' to a numeric value `0` outside the bounds (800, 4000).
    See also https://pyomo.readthedocs.io/en/stable/errors.html#w1002
WARNING (W1002): Setting Var 's[None,single].investmentStage[2].representative
Period[1].commitmentPeriod[5].dispatchPeriod[1].storageChargeLevel[100MW_400MW
h_2-c]' to a numeric value `0` outside the bounds (80, 400).
    See also https://pyomo.readthedocs.io/en/stable/errors.html#w1002
WARNING (W1002): Setting Var 's[None,single].investmentStage[2].representative
Period[1].commitmentPeriod[5].dispatchPeriod[1].storageChargeLevel[100MW_800MW
h_2-c]' to a numeric value `0` outside the bounds (160, 800).
    See also https://pyomo.readthedocs.io/en/stable/errors.html#w1002
WARNING (W1002): Setting Var 's[None,single].investmentStage[2].representative
Period[1].commitmentPeriod[5].dispatchPeriod[1].storageChargeLevel[1000MW_2000
MWh_2-c]' to a numeric value `0` outside the bounds (400, 2000).
    See also https://pyomo.readthedocs.io/en/stable/errors.html#w1002
WARNING (W1002): Setting Var 's[None,single].investmentStage[2].representative
Period[1].commitmentPeriod[5].dispatchPeriod[1].storageChargeLevel[1000MW_4000
MWh_2-c]' to a numeric value `0` outside the bounds (800, 4000).
    See also https://pyomo.readthedocs.io/en/stable/errors.html#w1002
WARNING (W1002): Setting Var 's[None,single].investmentStage[2].representative
Period[1].commitmentPeriod[5].dispatchPeriod[1].storageChargeLevel[100MW_400MW
h_3-c]' to a numeric value `0` outside the bounds (80, 400).
    See also https://pyomo.readthedocs.io/en/stable/errors.html#w1002
WARNING (W1002): Setting Var 's[None,single].investmentStage[2].representative
Period[1].commitmentPeriod[5].dispatchPeriod[1].storageChargeLevel[100MW_800MW
h_3-c]' to a numeric value `0` outside the bounds (160, 800).
    See also https://pyomo.readthedocs.io/en/stable/errors.html#w1002
WARNING (W1002): Setting Var 's[None,single].investmentStage[2].representative
Period[1].commitmentPeriod[5].dispatchPeriod[1].storageChargeLevel[1000MW_2000
MWh_3-c]' to a numeric value `0` outside the bounds (400, 2000).
    See also https://pyomo.readthedocs.io/en/stable/errors.html#w1002
WARNING (W1002): Setting Var 's[None,single].investmentStage[2].representative
Period[1].commitmentPeriod[5].dispatchPeriod[1].storageChargeLevel[1000MW_4000
MWh_3-c]' to a numeric value `0` outside the bounds (800, 4000).
    See also https://pyomo.readthedocs.io/en/stable/errors.html#w1002
WARNING (W1002): Setting Var 's[None,single].investmentStage[2].representative
Period[1].commitmentPeriod[6].dispatchPeriod[1].storageChargeLevel[100MW_400MW
h_1]' to a numeric value `0` outside the bounds (80, 400).
    See also https://pyomo.readthedocs.io/en/stable/errors.html#w1002
WARNING (W1002): Setting Var 's[None,single].investmentStage[2].representative
Period[1].commitmentPeriod[6].dispatchPeriod[1].storageChargeLevel[100MW_800MW
h-1]' to a numeric value `0` outside the bounds (160, 800).
    See also https://pyomo.readthedocs.io/en/stable/errors.html#w1002
WARNING (W1002): Setting Var 's[None,single].investmentStage[2].representative
Period[1].commitmentPeriod[6].dispatchPeriod[1].storageChargeLevel[1000MW_2000
MWh_1-c]' to a numeric value `0` outside the bounds (400, 2000).
    See also https://pyomo.readthedocs.io/en/stable/errors.html#w1002
WARNING (W1002): Setting Var 's[None,single].investmentStage[2].representative
Period[1].commitmentPeriod[6].dispatchPeriod[1].storageChargeLevel[1000MW_4000
MWh_1-c]' to a numeric value `0` outside the bounds (800, 4000).
    See also https://pyomo.readthedocs.io/en/stable/errors.html#w1002
WARNING (W1002): Setting Var 's[None,single].investmentStage[2].representative
Period[1].commitmentPeriod[6].dispatchPeriod[1].storageChargeLevel[100MW_400MW
h_2-c]' to a numeric value `0` outside the bounds (80, 400).
    See also https://pyomo.readthedocs.io/en/stable/errors.html#w1002
WARNING (W1002): Setting Var 's[None,single].investmentStage[2].representative
Period[1].commitmentPeriod[6].dispatchPeriod[1].storageChargeLevel[100MW_800MW
h_2-c]' to a numeric value `0` outside the bounds (160, 800).
    See also https://pyomo.readthedocs.io/en/stable/errors.html#w1002
WARNING (W1002): Setting Var 's[None,single].investmentStage[2].representative
Period[1].commitmentPeriod[6].dispatchPeriod[1].storageChargeLevel[1000MW_2000
MWh_2-c]' to a numeric value `0` outside the bounds (400, 2000).
    See also https://pyomo.readthedocs.io/en/stable/errors.html#w1002
WARNING (W1002): Setting Var 's[None,single].investmentStage[2].representative
Period[1].commitmentPeriod[6].dispatchPeriod[1].storageChargeLevel[1000MW_4000
MWh_2-c]' to a numeric value `0` outside the bounds (800, 4000).
    See also https://pyomo.readthedocs.io/en/stable/errors.html#w1002
WARNING (W1002): Setting Var 's[None,single].investmentStage[2].representative
Period[1].commitmentPeriod[6].dispatchPeriod[1].storageChargeLevel[100MW_400MW
h_3-c]' to a numeric value `0` outside the bounds (80, 400).
    See also https://pyomo.readthedocs.io/en/stable/errors.html#w1002
WARNING (W1002): Setting Var 's[None,single].investmentStage[2].representative
Period[1].commitmentPeriod[6].dispatchPeriod[1].storageChargeLevel[100MW_800MW
h_3-c]' to a numeric value `0` outside the bounds (160, 800).
    See also https://pyomo.readthedocs.io/en/stable/errors.html#w1002
WARNING (W1002): Setting Var 's[None,single].investmentStage[2].representative
Period[1].commitmentPeriod[6].dispatchPeriod[1].storageChargeLevel[1000MW_2000
MWh_3-c]' to a numeric value `0` outside the bounds (400, 2000).
    See also https://pyomo.readthedocs.io/en/stable/errors.html#w1002
WARNING (W1002): Setting Var 's[None,single].investmentStage[2].representative
Period[1].commitmentPeriod[6].dispatchPeriod[1].storageChargeLevel[1000MW_4000
MWh_3-c]' to a numeric value `0` outside the bounds (800, 4000).
    See also https://pyomo.readthedocs.io/en/stable/errors.html#w1002
WARNING (W1002): Setting Var 's[None,single].investmentStage[2].representative
Period[1].commitmentPeriod[7].dispatchPeriod[1].storageChargeLevel[100MW_400MW
h_1]' to a numeric value `0` outside the bounds (80, 400).
    See also https://pyomo.readthedocs.io/en/stable/errors.html#w1002
WARNING (W1002): Setting Var 's[None,single].investmentStage[2].representative
Period[1].commitmentPeriod[7].dispatchPeriod[1].storageChargeLevel[100MW_800MW
h-1]' to a numeric value `0` outside the bounds (160, 800).
    See also https://pyomo.readthedocs.io/en/stable/errors.html#w1002
WARNING (W1002): Setting Var 's[None,single].investmentStage[2].representative
Period[1].commitmentPeriod[7].dispatchPeriod[1].storageChargeLevel[1000MW_2000
MWh_1-c]' to a numeric value `0` outside the bounds (400, 2000).
    See also https://pyomo.readthedocs.io/en/stable/errors.html#w1002
WARNING (W1002): Setting Var 's[None,single].investmentStage[2].representative
Period[1].commitmentPeriod[7].dispatchPeriod[1].storageChargeLevel[1000MW_4000
MWh_1-c]' to a numeric value `0` outside the bounds (800, 4000).
    See also https://pyomo.readthedocs.io/en/stable/errors.html#w1002
WARNING (W1002): Setting Var 's[None,single].investmentStage[2].representative
Period[1].commitmentPeriod[7].dispatchPeriod[1].storageChargeLevel[100MW_400MW
h_2-c]' to a numeric value `0` outside the bounds (80, 400).
    See also https://pyomo.readthedocs.io/en/stable/errors.html#w1002
WARNING (W1002): Setting Var 's[None,single].investmentStage[2].representative
Period[1].commitmentPeriod[7].dispatchPeriod[1].storageChargeLevel[100MW_800MW
h_2-c]' to a numeric value `0` outside the bounds (160, 800).
    See also https://pyomo.readthedocs.io/en/stable/errors.html#w1002
WARNING (W1002): Setting Var 's[None,single].investmentStage[2].representative
Period[1].commitmentPeriod[7].dispatchPeriod[1].storageChargeLevel[1000MW_2000
MWh_2-c]' to a numeric value `0` outside the bounds (400, 2000).
    See also https://pyomo.readthedocs.io/en/stable/errors.html#w1002
WARNING (W1002): Setting Var 's[None,single].investmentStage[2].representative
Period[1].commitmentPeriod[7].dispatchPeriod[1].storageChargeLevel[1000MW_4000
MWh_2-c]' to a numeric value `0` outside the bounds (800, 4000).
    See also https://pyomo.readthedocs.io/en/stable/errors.html#w1002
WARNING (W1002): Setting Var 's[None,single].investmentStage[2].representative
Period[1].commitmentPeriod[7].dispatchPeriod[1].storageChargeLevel[100MW_400MW
h_3-c]' to a numeric value `0` outside the bounds (80, 400).
    See also https://pyomo.readthedocs.io/en/stable/errors.html#w1002
WARNING (W1002): Setting Var 's[None,single].investmentStage[2].representative
Period[1].commitmentPeriod[7].dispatchPeriod[1].storageChargeLevel[100MW_800MW
h_3-c]' to a numeric value `0` outside the bounds (160, 800).
    See also https://pyomo.readthedocs.io/en/stable/errors.html#w1002
WARNING (W1002): Setting Var 's[None,single].investmentStage[2].representative
Period[1].commitmentPeriod[7].dispatchPeriod[1].storageChargeLevel[1000MW_2000
MWh_3-c]' to a numeric value `0` outside the bounds (400, 2000).
    See also https://pyomo.readthedocs.io/en/stable/errors.html#w1002
WARNING (W1002): Setting Var 's[None,single].investmentStage[2].representative
Period[1].commitmentPeriod[7].dispatchPeriod[1].storageChargeLevel[1000MW_4000
MWh_3-c]' to a numeric value `0` outside the bounds (800, 4000).
    See also https://pyomo.readthedocs.io/en/stable/errors.html#w1002
WARNING (W1002): Setting Var 's[None,single].investmentStage[2].representative
Period[1].commitmentPeriod[8].dispatchPeriod[1].storageChargeLevel[100MW_400MW
h_1]' to a numeric value `0` outside the bounds (80, 400).
    See also https://pyomo.readthedocs.io/en/stable/errors.html#w1002
WARNING (W1002): Setting Var 's[None,single].investmentStage[2].representative
Period[1].commitmentPeriod[8].dispatchPeriod[1].storageChargeLevel[100MW_800MW
h-1]' to a numeric value `0` outside the bounds (160, 800).
    See also https://pyomo.readthedocs.io/en/stable/errors.html#w1002
WARNING (W1002): Setting Var 's[None,single].investmentStage[2].representative
Period[1].commitmentPeriod[8].dispatchPeriod[1].storageChargeLevel[1000MW_2000
MWh_1-c]' to a numeric value `0` outside the bounds (400, 2000).
    See also https://pyomo.readthedocs.io/en/stable/errors.html#w1002
WARNING (W1002): Setting Var 's[None,single].investmentStage[2].representative
Period[1].commitmentPeriod[8].dispatchPeriod[1].storageChargeLevel[1000MW_4000
MWh_1-c]' to a numeric value `0` outside the bounds (800, 4000).
    See also https://pyomo.readthedocs.io/en/stable/errors.html#w1002
WARNING (W1002): Setting Var 's[None,single].investmentStage[2].representative
Period[1].commitmentPeriod[8].dispatchPeriod[1].storageChargeLevel[100MW_400MW
h_2-c]' to a numeric value `0` outside the bounds (80, 400).
    See also https://pyomo.readthedocs.io/en/stable/errors.html#w1002
WARNING (W1002): Setting Var 's[None,single].investmentStage[2].representative
Period[1].commitmentPeriod[8].dispatchPeriod[1].storageChargeLevel[100MW_800MW
h_2-c]' to a numeric value `0` outside the bounds (160, 800).
    See also https://pyomo.readthedocs.io/en/stable/errors.html#w1002
WARNING (W1002): Setting Var 's[None,single].investmentStage[2].representative
Period[1].commitmentPeriod[8].dispatchPeriod[1].storageChargeLevel[1000MW_2000
MWh_2-c]' to a numeric value `0` outside the bounds (400, 2000).
    See also https://pyomo.readthedocs.io/en/stable/errors.html#w1002
WARNING (W1002): Setting Var 's[None,single].investmentStage[2].representative
Period[1].commitmentPeriod[8].dispatchPeriod[1].storageChargeLevel[1000MW_4000
MWh_2-c]' to a numeric value `0` outside the bounds (800, 4000).
    See also https://pyomo.readthedocs.io/en/stable/errors.html#w1002
WARNING (W1002): Setting Var 's[None,single].investmentStage[2].representative
Period[1].commitmentPeriod[8].dispatchPeriod[1].storageChargeLevel[100MW_400MW
h_3-c]' to a numeric value `0` outside the bounds (80, 400).
    See also https://pyomo.readthedocs.io/en/stable/errors.html#w1002
WARNING (W1002): Setting Var 's[None,single].investmentStage[2].representative
Period[1].commitmentPeriod[8].dispatchPeriod[1].storageChargeLevel[100MW_800MW
h_3-c]' to a numeric value `0` outside the bounds (160, 800).
    See also https://pyomo.readthedocs.io/en/stable/errors.html#w1002
WARNING (W1002): Setting Var 's[None,single].investmentStage[2].representative
Period[1].commitmentPeriod[8].dispatchPeriod[1].storageChargeLevel[1000MW_2000
MWh_3-c]' to a numeric value `0` outside the bounds (400, 2000).
    See also https://pyomo.readthedocs.io/en/stable/errors.html#w1002
WARNING (W1002): Setting Var 's[None,single].investmentStage[2].representative
Period[1].commitmentPeriod[8].dispatchPeriod[1].storageChargeLevel[1000MW_4000
MWh_3-c]' to a numeric value `0` outside the bounds (800, 4000).
    See also https://pyomo.readthedocs.io/en/stable/errors.html#w1002
WARNING (W1002): Setting Var 's[None,single].investmentStage[2].representative
Period[1].commitmentPeriod[9].dispatchPeriod[1].storageChargeLevel[100MW_400MW
h_1]' to a numeric value `0` outside the bounds (80, 400).
    See also https://pyomo.readthedocs.io/en/stable/errors.html#w1002
WARNING (W1002): Setting Var 's[None,single].investmentStage[2].representative
Period[1].commitmentPeriod[9].dispatchPeriod[1].storageChargeLevel[100MW_800MW
h-1]' to a numeric value `0` outside the bounds (160, 800).
    See also https://pyomo.readthedocs.io/en/stable/errors.html#w1002
WARNING (W1002): Setting Var 's[None,single].investmentStage[2].representative
Period[1].commitmentPeriod[9].dispatchPeriod[1].storageChargeLevel[1000MW_2000
MWh_1-c]' to a numeric value `0` outside the bounds (400, 2000).
    See also https://pyomo.readthedocs.io/en/stable/errors.html#w1002
WARNING (W1002): Setting Var 's[None,single].investmentStage[2].representative
Period[1].commitmentPeriod[9].dispatchPeriod[1].storageChargeLevel[1000MW_4000
MWh_1-c]' to a numeric value `0` outside the bounds (800, 4000).
    See also https://pyomo.readthedocs.io/en/stable/errors.html#w1002
WARNING (W1002): Setting Var 's[None,single].investmentStage[2].representative
Period[1].commitmentPeriod[9].dispatchPeriod[1].storageChargeLevel[100MW_400MW
h_2-c]' to a numeric value `0` outside the bounds (80, 400).
    See also https://pyomo.readthedocs.io/en/stable/errors.html#w1002
WARNING (W1002): Setting Var 's[None,single].investmentStage[2].representative
Period[1].commitmentPeriod[9].dispatchPeriod[1].storageChargeLevel[100MW_800MW
h_2-c]' to a numeric value `0` outside the bounds (160, 800).
    See also https://pyomo.readthedocs.io/en/stable/errors.html#w1002
WARNING (W1002): Setting Var 's[None,single].investmentStage[2].representative
Period[1].commitmentPeriod[9].dispatchPeriod[1].storageChargeLevel[1000MW_2000
MWh_2-c]' to a numeric value `0` outside the bounds (400, 2000).
    See also https://pyomo.readthedocs.io/en/stable/errors.html#w1002
WARNING (W1002): Setting Var 's[None,single].investmentStage[2].representative
Period[1].commitmentPeriod[9].dispatchPeriod[1].storageChargeLevel[1000MW_4000
MWh_2-c]' to a numeric value `0` outside the bounds (800, 4000).
    See also https://pyomo.readthedocs.io/en/stable/errors.html#w1002
WARNING (W1002): Setting Var 's[None,single].investmentStage[2].representative
Period[1].commitmentPeriod[9].dispatchPeriod[1].storageChargeLevel[100MW_400MW
h_3-c]' to a numeric value `0` outside the bounds (80, 400).
    See also https://pyomo.readthedocs.io/en/stable/errors.html#w1002
WARNING (W1002): Setting Var 's[None,single].investmentStage[2].representative
Period[1].commitmentPeriod[9].dispatchPeriod[1].storageChargeLevel[100MW_800MW
h_3-c]' to a numeric value `0` outside the bounds (160, 800).
    See also https://pyomo.readthedocs.io/en/stable/errors.html#w1002
WARNING (W1002): Setting Var 's[None,single].investmentStage[2].representative
Period[1].commitmentPeriod[9].dispatchPeriod[1].storageChargeLevel[1000MW_2000
MWh_3-c]' to a numeric value `0` outside the bounds (400, 2000).
    See also https://pyomo.readthedocs.io/en/stable/errors.html#w1002
WARNING (W1002): Setting Var 's[None,single].investmentStage[2].representative
Period[1].commitmentPeriod[9].dispatchPeriod[1].storageChargeLevel[1000MW_4000
MWh_3-c]' to a numeric value `0` outside the bounds (800, 4000).
    See also https://pyomo.readthedocs.io/en/stable/errors.html#w1002
WARNING (W1002): Setting Var 's[None,single].investmentStage[2].representative
Period[1].commitmentPeriod[10].dispatchPeriod[1].storageChargeLevel[100MW_400M
Wh_1]' to a numeric value `0` outside the bounds (80, 400).
    See also https://pyomo.readthedocs.io/en/stable/errors.html#w1002
WARNING (W1002): Setting Var 's[None,single].investmentStage[2].representative
Period[1].commitmentPeriod[10].dispatchPeriod[1].storageChargeLevel[100MW_800M
Wh-1]' to a numeric value `0` outside the bounds (160, 800).
    See also https://pyomo.readthedocs.io/en/stable/errors.html#w1002
WARNING (W1002): Setting Var 's[None,single].investmentStage[2].representative
Period[1].commitmentPeriod[10].dispatchPeriod[1].storageChargeLevel[1000MW_200
0MWh_1-c]' to a numeric value `0` outside the bounds (400, 2000).
    See also https://pyomo.readthedocs.io/en/stable/errors.html#w1002
WARNING (W1002): Setting Var 's[None,single].investmentStage[2].representative
Period[1].commitmentPeriod[10].dispatchPeriod[1].storageChargeLevel[1000MW_400
0MWh_1-c]' to a numeric value `0` outside the bounds (800, 4000).
    See also https://pyomo.readthedocs.io/en/stable/errors.html#w1002
WARNING (W1002): Setting Var 's[None,single].investmentStage[2].representative
Period[1].commitmentPeriod[10].dispatchPeriod[1].storageChargeLevel[100MW_400M
Wh_2-c]' to a numeric value `0` outside the bounds (80, 400).
    See also https://pyomo.readthedocs.io/en/stable/errors.html#w1002
WARNING (W1002): Setting Var 's[None,single].investmentStage[2].representative
Period[1].commitmentPeriod[10].dispatchPeriod[1].storageChargeLevel[100MW_800M
Wh_2-c]' to a numeric value `0` outside the bounds (160, 800).
    See also https://pyomo.readthedocs.io/en/stable/errors.html#w1002
WARNING (W1002): Setting Var 's[None,single].investmentStage[2].representative
Period[1].commitmentPeriod[10].dispatchPeriod[1].storageChargeLevel[1000MW_200
0MWh_2-c]' to a numeric value `0` outside the bounds (400, 2000).
    See also https://pyomo.readthedocs.io/en/stable/errors.html#w1002
WARNING (W1002): Setting Var 's[None,single].investmentStage[2].representative
Period[1].commitmentPeriod[10].dispatchPeriod[1].storageChargeLevel[1000MW_400
0MWh_2-c]' to a numeric value `0` outside the bounds (800, 4000).
    See also https://pyomo.readthedocs.io/en/stable/errors.html#w1002
WARNING (W1002): Setting Var 's[None,single].investmentStage[2].representative
Period[1].commitmentPeriod[10].dispatchPeriod[1].storageChargeLevel[100MW_400M
Wh_3-c]' to a numeric value `0` outside the bounds (80, 400).
    See also https://pyomo.readthedocs.io/en/stable/errors.html#w1002
WARNING (W1002): Setting Var 's[None,single].investmentStage[2].representative
Period[1].commitmentPeriod[10].dispatchPeriod[1].storageChargeLevel[100MW_800M
Wh_3-c]' to a numeric value `0` outside the bounds (160, 800).
    See also https://pyomo.readthedocs.io/en/stable/errors.html#w1002
WARNING (W1002): Setting Var 's[None,single].investmentStage[2].representative
Period[1].commitmentPeriod[10].dispatchPeriod[1].storageChargeLevel[1000MW_200
0MWh_3-c]' to a numeric value `0` outside the bounds (400, 2000).
    See also https://pyomo.readthedocs.io/en/stable/errors.html#w1002
WARNING (W1002): Setting Var 's[None,single].investmentStage[2].representative
Period[1].commitmentPeriod[10].dispatchPeriod[1].storageChargeLevel[1000MW_400
0MWh_3-c]' to a numeric value `0` outside the bounds (800, 4000).
    See also https://pyomo.readthedocs.io/en/stable/errors.html#w1002
WARNING (W1002): Setting Var 's[None,single].investmentStage[2].representative
Period[1].commitmentPeriod[11].dispatchPeriod[1].storageChargeLevel[100MW_400M
Wh_1]' to a numeric value `0` outside the bounds (80, 400).
    See also https://pyomo.readthedocs.io/en/stable/errors.html#w1002
WARNING (W1002): Setting Var 's[None,single].investmentStage[2].representative
Period[1].commitmentPeriod[11].dispatchPeriod[1].storageChargeLevel[100MW_800M
Wh-1]' to a numeric value `0` outside the bounds (160, 800).
    See also https://pyomo.readthedocs.io/en/stable/errors.html#w1002
WARNING (W1002): Setting Var 's[None,single].investmentStage[2].representative
Period[1].commitmentPeriod[11].dispatchPeriod[1].storageChargeLevel[1000MW_200
0MWh_1-c]' to a numeric value `0` outside the bounds (400, 2000).
    See also https://pyomo.readthedocs.io/en/stable/errors.html#w1002
WARNING (W1002): Setting Var 's[None,single].investmentStage[2].representative
Period[1].commitmentPeriod[11].dispatchPeriod[1].storageChargeLevel[1000MW_400
0MWh_1-c]' to a numeric value `0` outside the bounds (800, 4000).
    See also https://pyomo.readthedocs.io/en/stable/errors.html#w1002
WARNING (W1002): Setting Var 's[None,single].investmentStage[2].representative
Period[1].commitmentPeriod[11].dispatchPeriod[1].storageChargeLevel[100MW_400M
Wh_2-c]' to a numeric value `0` outside the bounds (80, 400).
    See also https://pyomo.readthedocs.io/en/stable/errors.html#w1002
WARNING (W1002): Setting Var 's[None,single].investmentStage[2].representative
Period[1].commitmentPeriod[11].dispatchPeriod[1].storageChargeLevel[100MW_800M
Wh_2-c]' to a numeric value `0` outside the bounds (160, 800).
    See also https://pyomo.readthedocs.io/en/stable/errors.html#w1002
WARNING (W1002): Setting Var 's[None,single].investmentStage[2].representative
Period[1].commitmentPeriod[11].dispatchPeriod[1].storageChargeLevel[1000MW_200
0MWh_2-c]' to a numeric value `0` outside the bounds (400, 2000).
    See also https://pyomo.readthedocs.io/en/stable/errors.html#w1002
WARNING (W1002): Setting Var 's[None,single].investmentStage[2].representative
Period[1].commitmentPeriod[11].dispatchPeriod[1].storageChargeLevel[1000MW_400
0MWh_2-c]' to a numeric value `0` outside the bounds (800, 4000).
    See also https://pyomo.readthedocs.io/en/stable/errors.html#w1002
WARNING (W1002): Setting Var 's[None,single].investmentStage[2].representative
Period[1].commitmentPeriod[11].dispatchPeriod[1].storageChargeLevel[100MW_400M
Wh_3-c]' to a numeric value `0` outside the bounds (80, 400).
    See also https://pyomo.readthedocs.io/en/stable/errors.html#w1002
WARNING (W1002): Setting Var 's[None,single].investmentStage[2].representative
Period[1].commitmentPeriod[11].dispatchPeriod[1].storageChargeLevel[100MW_800M
Wh_3-c]' to a numeric value `0` outside the bounds (160, 800).
    See also https://pyomo.readthedocs.io/en/stable/errors.html#w1002
WARNING (W1002): Setting Var 's[None,single].investmentStage[2].representative
Period[1].commitmentPeriod[11].dispatchPeriod[1].storageChargeLevel[1000MW_200
0MWh_3-c]' to a numeric value `0` outside the bounds (400, 2000).
    See also https://pyomo.readthedocs.io/en/stable/errors.html#w1002
WARNING (W1002): Setting Var 's[None,single].investmentStage[2].representative
Period[1].commitmentPeriod[11].dispatchPeriod[1].storageChargeLevel[1000MW_400
0MWh_3-c]' to a numeric value `0` outside the bounds (800, 4000).
    See also https://pyomo.readthedocs.io/en/stable/errors.html#w1002
WARNING (W1002): Setting Var 's[None,single].investmentStage[2].representative
Period[1].commitmentPeriod[12].dispatchPeriod[1].storageChargeLevel[100MW_400M
Wh_1]' to a numeric value `0` outside the bounds (80, 400).
    See also https://pyomo.readthedocs.io/en/stable/errors.html#w1002
WARNING (W1002): Setting Var 's[None,single].investmentStage[2].representative
Period[1].commitmentPeriod[12].dispatchPeriod[1].storageChargeLevel[100MW_800M
Wh-1]' to a numeric value `0` outside the bounds (160, 800).
    See also https://pyomo.readthedocs.io/en/stable/errors.html#w1002
WARNING (W1002): Setting Var 's[None,single].investmentStage[2].representative
Period[1].commitmentPeriod[12].dispatchPeriod[1].storageChargeLevel[1000MW_200
0MWh_1-c]' to a numeric value `0` outside the bounds (400, 2000).
    See also https://pyomo.readthedocs.io/en/stable/errors.html#w1002
WARNING (W1002): Setting Var 's[None,single].investmentStage[2].representative
Period[1].commitmentPeriod[12].dispatchPeriod[1].storageChargeLevel[1000MW_400
0MWh_1-c]' to a numeric value `0` outside the bounds (800, 4000).
    See also https://pyomo.readthedocs.io/en/stable/errors.html#w1002
WARNING (W1002): Setting Var 's[None,single].investmentStage[2].representative
Period[1].commitmentPeriod[12].dispatchPeriod[1].storageChargeLevel[100MW_400M
Wh_2-c]' to a numeric value `0` outside the bounds (80, 400).
    See also https://pyomo.readthedocs.io/en/stable/errors.html#w1002
WARNING (W1002): Setting Var 's[None,single].investmentStage[2].representative
Period[1].commitmentPeriod[12].dispatchPeriod[1].storageChargeLevel[100MW_800M
Wh_2-c]' to a numeric value `0` outside the bounds (160, 800).
    See also https://pyomo.readthedocs.io/en/stable/errors.html#w1002
WARNING (W1002): Setting Var 's[None,single].investmentStage[2].representative
Period[1].commitmentPeriod[12].dispatchPeriod[1].storageChargeLevel[1000MW_200
0MWh_2-c]' to a numeric value `0` outside the bounds (400, 2000).
    See also https://pyomo.readthedocs.io/en/stable/errors.html#w1002
WARNING (W1002): Setting Var 's[None,single].investmentStage[2].representative
Period[1].commitmentPeriod[12].dispatchPeriod[1].storageChargeLevel[1000MW_400
0MWh_2-c]' to a numeric value `0` outside the bounds (800, 4000).
    See also https://pyomo.readthedocs.io/en/stable/errors.html#w1002
WARNING (W1002): Setting Var 's[None,single].investmentStage[2].representative
Period[1].commitmentPeriod[12].dispatchPeriod[1].storageChargeLevel[100MW_400M
Wh_3-c]' to a numeric value `0` outside the bounds (80, 400).
    See also https://pyomo.readthedocs.io/en/stable/errors.html#w1002
WARNING (W1002): Setting Var 's[None,single].investmentStage[2].representative
Period[1].commitmentPeriod[12].dispatchPeriod[1].storageChargeLevel[100MW_800M
Wh_3-c]' to a numeric value `0` outside the bounds (160, 800).
    See also https://pyomo.readthedocs.io/en/stable/errors.html#w1002
WARNING (W1002): Setting Var 's[None,single].investmentStage[2].representative
Period[1].commitmentPeriod[12].dispatchPeriod[1].storageChargeLevel[1000MW_200
0MWh_3-c]' to a numeric value `0` outside the bounds (400, 2000).
    See also https://pyomo.readthedocs.io/en/stable/errors.html#w1002
WARNING (W1002): Setting Var 's[None,single].investmentStage[2].representative
Period[1].commitmentPeriod[12].dispatchPeriod[1].storageChargeLevel[1000MW_400
0MWh_3-c]' to a numeric value `0` outside the bounds (800, 4000).
    See also https://pyomo.readthedocs.io/en/stable/errors.html#w1002
WARNING (W1002): Setting Var 's[None,single].investmentStage[2].representative
Period[1].commitmentPeriod[13].dispatchPeriod[1].storageChargeLevel[100MW_400M
Wh_1]' to a numeric value `0` outside the bounds (80, 400).
    See also https://pyomo.readthedocs.io/en/stable/errors.html#w1002
WARNING (W1002): Setting Var 's[None,single].investmentStage[2].representative
Period[1].commitmentPeriod[13].dispatchPeriod[1].storageChargeLevel[100MW_800M
Wh-1]' to a numeric value `0` outside the bounds (160, 800).
    See also https://pyomo.readthedocs.io/en/stable/errors.html#w1002
WARNING (W1002): Setting Var 's[None,single].investmentStage[2].representative
Period[1].commitmentPeriod[13].dispatchPeriod[1].storageChargeLevel[1000MW_200
0MWh_1-c]' to a numeric value `0` outside the bounds (400, 2000).
    See also https://pyomo.readthedocs.io/en/stable/errors.html#w1002
WARNING (W1002): Setting Var 's[None,single].investmentStage[2].representative
Period[1].commitmentPeriod[13].dispatchPeriod[1].storageChargeLevel[1000MW_400
0MWh_1-c]' to a numeric value `0` outside the bounds (800, 4000).
    See also https://pyomo.readthedocs.io/en/stable/errors.html#w1002
WARNING (W1002): Setting Var 's[None,single].investmentStage[2].representative
Period[1].commitmentPeriod[13].dispatchPeriod[1].storageChargeLevel[100MW_400M
Wh_2-c]' to a numeric value `0` outside the bounds (80, 400).
    See also https://pyomo.readthedocs.io/en/stable/errors.html#w1002
WARNING (W1002): Setting Var 's[None,single].investmentStage[2].representative
Period[1].commitmentPeriod[13].dispatchPeriod[1].storageChargeLevel[100MW_800M
Wh_2-c]' to a numeric value `0` outside the bounds (160, 800).
    See also https://pyomo.readthedocs.io/en/stable/errors.html#w1002
WARNING (W1002): Setting Var 's[None,single].investmentStage[2].representative
Period[1].commitmentPeriod[13].dispatchPeriod[1].storageChargeLevel[1000MW_200
0MWh_2-c]' to a numeric value `0` outside the bounds (400, 2000).
    See also https://pyomo.readthedocs.io/en/stable/errors.html#w1002
WARNING (W1002): Setting Var 's[None,single].investmentStage[2].representative
Period[1].commitmentPeriod[13].dispatchPeriod[1].storageChargeLevel[1000MW_400
0MWh_2-c]' to a numeric value `0` outside the bounds (800, 4000).
    See also https://pyomo.readthedocs.io/en/stable/errors.html#w1002
WARNING (W1002): Setting Var 's[None,single].investmentStage[2].representative
Period[1].commitmentPeriod[13].dispatchPeriod[1].storageChargeLevel[100MW_400M
Wh_3-c]' to a numeric value `0` outside the bounds (80, 400).
    See also https://pyomo.readthedocs.io/en/stable/errors.html#w1002
WARNING (W1002): Setting Var 's[None,single].investmentStage[2].representative
Period[1].commitmentPeriod[13].dispatchPeriod[1].storageChargeLevel[100MW_800M
Wh_3-c]' to a numeric value `0` outside the bounds (160, 800).
    See also https://pyomo.readthedocs.io/en/stable/errors.html#w1002
WARNING (W1002): Setting Var 's[None,single].investmentStage[2].representative
Period[1].commitmentPeriod[13].dispatchPeriod[1].storageChargeLevel[1000MW_200
0MWh_3-c]' to a numeric value `0` outside the bounds (400, 2000).
    See also https://pyomo.readthedocs.io/en/stable/errors.html#w1002
WARNING (W1002): Setting Var 's[None,single].investmentStage[2].representative
Period[1].commitmentPeriod[13].dispatchPeriod[1].storageChargeLevel[1000MW_400
0MWh_3-c]' to a numeric value `0` outside the bounds (800, 4000).
    See also https://pyomo.readthedocs.io/en/stable/errors.html#w1002
WARNING (W1002): Setting Var 's[None,single].investmentStage[2].representative
Period[1].commitmentPeriod[14].dispatchPeriod[1].storageChargeLevel[100MW_400M
Wh_1]' to a numeric value `0` outside the bounds (80, 400).
    See also https://pyomo.readthedocs.io/en/stable/errors.html#w1002
WARNING (W1002): Setting Var 's[None,single].investmentStage[2].representative
Period[1].commitmentPeriod[14].dispatchPeriod[1].storageChargeLevel[100MW_800M
Wh-1]' to a numeric value `0` outside the bounds (160, 800).
    See also https://pyomo.readthedocs.io/en/stable/errors.html#w1002
WARNING (W1002): Setting Var 's[None,single].investmentStage[2].representative
Period[1].commitmentPeriod[14].dispatchPeriod[1].storageChargeLevel[1000MW_200
0MWh_1-c]' to a numeric value `0` outside the bounds (400, 2000).
    See also https://pyomo.readthedocs.io/en/stable/errors.html#w1002
WARNING (W1002): Setting Var 's[None,single].investmentStage[2].representative
Period[1].commitmentPeriod[14].dispatchPeriod[1].storageChargeLevel[1000MW_400
0MWh_1-c]' to a numeric value `0` outside the bounds (800, 4000).
    See also https://pyomo.readthedocs.io/en/stable/errors.html#w1002
WARNING (W1002): Setting Var 's[None,single].investmentStage[2].representative
Period[1].commitmentPeriod[14].dispatchPeriod[1].storageChargeLevel[100MW_400M
Wh_2-c]' to a numeric value `0` outside the bounds (80, 400).
    See also https://pyomo.readthedocs.io/en/stable/errors.html#w1002
WARNING (W1002): Setting Var 's[None,single].investmentStage[2].representative
Period[1].commitmentPeriod[14].dispatchPeriod[1].storageChargeLevel[100MW_800M
Wh_2-c]' to a numeric value `0` outside the bounds (160, 800).
    See also https://pyomo.readthedocs.io/en/stable/errors.html#w1002
WARNING (W1002): Setting Var 's[None,single].investmentStage[2].representative
Period[1].commitmentPeriod[14].dispatchPeriod[1].storageChargeLevel[1000MW_200
0MWh_2-c]' to a numeric value `0` outside the bounds (400, 2000).
    See also https://pyomo.readthedocs.io/en/stable/errors.html#w1002
WARNING (W1002): Setting Var 's[None,single].investmentStage[2].representative
Period[1].commitmentPeriod[14].dispatchPeriod[1].storageChargeLevel[1000MW_400
0MWh_2-c]' to a numeric value `0` outside the bounds (800, 4000).
    See also https://pyomo.readthedocs.io/en/stable/errors.html#w1002
WARNING (W1002): Setting Var 's[None,single].investmentStage[2].representative
Period[1].commitmentPeriod[14].dispatchPeriod[1].storageChargeLevel[100MW_400M
Wh_3-c]' to a numeric value `0` outside the bounds (80, 400).
    See also https://pyomo.readthedocs.io/en/stable/errors.html#w1002
WARNING (W1002): Setting Var 's[None,single].investmentStage[2].representative
Period[1].commitmentPeriod[14].dispatchPeriod[1].storageChargeLevel[100MW_800M
Wh_3-c]' to a numeric value `0` outside the bounds (160, 800).
    See also https://pyomo.readthedocs.io/en/stable/errors.html#w1002
WARNING (W1002): Setting Var 's[None,single].investmentStage[2].representative
Period[1].commitmentPeriod[14].dispatchPeriod[1].storageChargeLevel[1000MW_200
0MWh_3-c]' to a numeric value `0` outside the bounds (400, 2000).
    See also https://pyomo.readthedocs.io/en/stable/errors.html#w1002
WARNING (W1002): Setting Var 's[None,single].investmentStage[2].representative
Period[1].commitmentPeriod[14].dispatchPeriod[1].storageChargeLevel[1000MW_400
0MWh_3-c]' to a numeric value `0` outside the bounds (800, 4000).
    See also https://pyomo.readthedocs.io/en/stable/errors.html#w1002
WARNING (W1002): Setting Var 's[None,single].investmentStage[2].representative
Period[1].commitmentPeriod[15].dispatchPeriod[1].storageChargeLevel[100MW_400M
Wh_1]' to a numeric value `0` outside the bounds (80, 400).
    See also https://pyomo.readthedocs.io/en/stable/errors.html#w1002
WARNING (W1002): Setting Var 's[None,single].investmentStage[2].representative
Period[1].commitmentPeriod[15].dispatchPeriod[1].storageChargeLevel[100MW_800M
Wh-1]' to a numeric value `0` outside the bounds (160, 800).
    See also https://pyomo.readthedocs.io/en/stable/errors.html#w1002
WARNING (W1002): Setting Var 's[None,single].investmentStage[2].representative
Period[1].commitmentPeriod[15].dispatchPeriod[1].storageChargeLevel[1000MW_200
0MWh_1-c]' to a numeric value `0` outside the bounds (400, 2000).
    See also https://pyomo.readthedocs.io/en/stable/errors.html#w1002
WARNING (W1002): Setting Var 's[None,single].investmentStage[2].representative
Period[1].commitmentPeriod[15].dispatchPeriod[1].storageChargeLevel[1000MW_400
0MWh_1-c]' to a numeric value `0` outside the bounds (800, 4000).
    See also https://pyomo.readthedocs.io/en/stable/errors.html#w1002
WARNING (W1002): Setting Var 's[None,single].investmentStage[2].representative
Period[1].commitmentPeriod[15].dispatchPeriod[1].storageChargeLevel[100MW_400M
Wh_2-c]' to a numeric value `0` outside the bounds (80, 400).
    See also https://pyomo.readthedocs.io/en/stable/errors.html#w1002
WARNING (W1002): Setting Var 's[None,single].investmentStage[2].representative
Period[1].commitmentPeriod[15].dispatchPeriod[1].storageChargeLevel[100MW_800M
Wh_2-c]' to a numeric value `0` outside the bounds (160, 800).
    See also https://pyomo.readthedocs.io/en/stable/errors.html#w1002
WARNING (W1002): Setting Var 's[None,single].investmentStage[2].representative
Period[1].commitmentPeriod[15].dispatchPeriod[1].storageChargeLevel[1000MW_200
0MWh_2-c]' to a numeric value `0` outside the bounds (400, 2000).
    See also https://pyomo.readthedocs.io/en/stable/errors.html#w1002
WARNING (W1002): Setting Var 's[None,single].investmentStage[2].representative
Period[1].commitmentPeriod[15].dispatchPeriod[1].storageChargeLevel[1000MW_400
0MWh_2-c]' to a numeric value `0` outside the bounds (800, 4000).
    See also https://pyomo.readthedocs.io/en/stable/errors.html#w1002
WARNING (W1002): Setting Var 's[None,single].investmentStage[2].representative
Period[1].commitmentPeriod[15].dispatchPeriod[1].storageChargeLevel[100MW_400M
Wh_3-c]' to a numeric value `0` outside the bounds (80, 400).
    See also https://pyomo.readthedocs.io/en/stable/errors.html#w1002
WARNING (W1002): Setting Var 's[None,single].investmentStage[2].representative
Period[1].commitmentPeriod[15].dispatchPeriod[1].storageChargeLevel[100MW_800M
Wh_3-c]' to a numeric value `0` outside the bounds (160, 800).
    See also https://pyomo.readthedocs.io/en/stable/errors.html#w1002
WARNING (W1002): Setting Var 's[None,single].investmentStage[2].representative
Period[1].commitmentPeriod[15].dispatchPeriod[1].storageChargeLevel[1000MW_200
0MWh_3-c]' to a numeric value `0` outside the bounds (400, 2000).
    See also https://pyomo.readthedocs.io/en/stable/errors.html#w1002
WARNING (W1002): Setting Var 's[None,single].investmentStage[2].representative
Period[1].commitmentPeriod[15].dispatchPeriod[1].storageChargeLevel[1000MW_400
0MWh_3-c]' to a numeric value `0` outside the bounds (800, 4000).
    See also https://pyomo.readthedocs.io/en/stable/errors.html#w1002
WARNING (W1002): Setting Var 's[None,single].investmentStage[2].representative
Period[1].commitmentPeriod[16].dispatchPeriod[1].storageChargeLevel[100MW_400M
Wh_1]' to a numeric value `0` outside the bounds (80, 400).
    See also https://pyomo.readthedocs.io/en/stable/errors.html#w1002
WARNING (W1002): Setting Var 's[None,single].investmentStage[2].representative
Period[1].commitmentPeriod[16].dispatchPeriod[1].storageChargeLevel[100MW_800M
Wh-1]' to a numeric value `0` outside the bounds (160, 800).
    See also https://pyomo.readthedocs.io/en/stable/errors.html#w1002
WARNING (W1002): Setting Var 's[None,single].investmentStage[2].representative
Period[1].commitmentPeriod[16].dispatchPeriod[1].storageChargeLevel[1000MW_200
0MWh_1-c]' to a numeric value `0` outside the bounds (400, 2000).
    See also https://pyomo.readthedocs.io/en/stable/errors.html#w1002
WARNING (W1002): Setting Var 's[None,single].investmentStage[2].representative
Period[1].commitmentPeriod[16].dispatchPeriod[1].storageChargeLevel[1000MW_400
0MWh_1-c]' to a numeric value `0` outside the bounds (800, 4000).
    See also https://pyomo.readthedocs.io/en/stable/errors.html#w1002
WARNING (W1002): Setting Var 's[None,single].investmentStage[2].representative
Period[1].commitmentPeriod[16].dispatchPeriod[1].storageChargeLevel[100MW_400M
Wh_2-c]' to a numeric value `0` outside the bounds (80, 400).
    See also https://pyomo.readthedocs.io/en/stable/errors.html#w1002
WARNING (W1002): Setting Var 's[None,single].investmentStage[2].representative
Period[1].commitmentPeriod[16].dispatchPeriod[1].storageChargeLevel[100MW_800M
Wh_2-c]' to a numeric value `0` outside the bounds (160, 800).
    See also https://pyomo.readthedocs.io/en/stable/errors.html#w1002
WARNING (W1002): Setting Var 's[None,single].investmentStage[2].representative
Period[1].commitmentPeriod[16].dispatchPeriod[1].storageChargeLevel[1000MW_200
0MWh_2-c]' to a numeric value `0` outside the bounds (400, 2000).
    See also https://pyomo.readthedocs.io/en/stable/errors.html#w1002
WARNING (W1002): Setting Var 's[None,single].investmentStage[2].representative
Period[1].commitmentPeriod[16].dispatchPeriod[1].storageChargeLevel[1000MW_400
0MWh_2-c]' to a numeric value `0` outside the bounds (800, 4000).
    See also https://pyomo.readthedocs.io/en/stable/errors.html#w1002
WARNING (W1002): Setting Var 's[None,single].investmentStage[2].representative
Period[1].commitmentPeriod[16].dispatchPeriod[1].storageChargeLevel[100MW_400M
Wh_3-c]' to a numeric value `0` outside the bounds (80, 400).
    See also https://pyomo.readthedocs.io/en/stable/errors.html#w1002
WARNING (W1002): Setting Var 's[None,single].investmentStage[2].representative
Period[1].commitmentPeriod[16].dispatchPeriod[1].storageChargeLevel[100MW_800M
Wh_3-c]' to a numeric value `0` outside the bounds (160, 800).
    See also https://pyomo.readthedocs.io/en/stable/errors.html#w1002
WARNING (W1002): Setting Var 's[None,single].investmentStage[2].representative
Period[1].commitmentPeriod[16].dispatchPeriod[1].storageChargeLevel[1000MW_200
0MWh_3-c]' to a numeric value `0` outside the bounds (400, 2000).
    See also https://pyomo.readthedocs.io/en/stable/errors.html#w1002
WARNING (W1002): Setting Var 's[None,single].investmentStage[2].representative
Period[1].commitmentPeriod[16].dispatchPeriod[1].storageChargeLevel[1000MW_400
0MWh_3-c]' to a numeric value `0` outside the bounds (800, 4000).
    See also https://pyomo.readthedocs.io/en/stable/errors.html#w1002
WARNING (W1002): Setting Var 's[None,single].investmentStage[2].representative
Period[1].commitmentPeriod[17].dispatchPeriod[1].storageChargeLevel[100MW_400M
Wh_1]' to a numeric value `0` outside the bounds (80, 400).
    See also https://pyomo.readthedocs.io/en/stable/errors.html#w1002
WARNING (W1002): Setting Var 's[None,single].investmentStage[2].representative
Period[1].commitmentPeriod[17].dispatchPeriod[1].storageChargeLevel[100MW_800M
Wh-1]' to a numeric value `0` outside the bounds (160, 800).
    See also https://pyomo.readthedocs.io/en/stable/errors.html#w1002
WARNING (W1002): Setting Var 's[None,single].investmentStage[2].representative
Period[1].commitmentPeriod[17].dispatchPeriod[1].storageChargeLevel[1000MW_200
0MWh_1-c]' to a numeric value `0` outside the bounds (400, 2000).
    See also https://pyomo.readthedocs.io/en/stable/errors.html#w1002
WARNING (W1002): Setting Var 's[None,single].investmentStage[2].representative
Period[1].commitmentPeriod[17].dispatchPeriod[1].storageChargeLevel[1000MW_400
0MWh_1-c]' to a numeric value `0` outside the bounds (800, 4000).
    See also https://pyomo.readthedocs.io/en/stable/errors.html#w1002
WARNING (W1002): Setting Var 's[None,single].investmentStage[2].representative
Period[1].commitmentPeriod[17].dispatchPeriod[1].storageChargeLevel[100MW_400M
Wh_2-c]' to a numeric value `0` outside the bounds (80, 400).
    See also https://pyomo.readthedocs.io/en/stable/errors.html#w1002
WARNING (W1002): Setting Var 's[None,single].investmentStage[2].representative
Period[1].commitmentPeriod[17].dispatchPeriod[1].storageChargeLevel[100MW_800M
Wh_2-c]' to a numeric value `0` outside the bounds (160, 800).
    See also https://pyomo.readthedocs.io/en/stable/errors.html#w1002
WARNING (W1002): Setting Var 's[None,single].investmentStage[2].representative
Period[1].commitmentPeriod[17].dispatchPeriod[1].storageChargeLevel[1000MW_200
0MWh_2-c]' to a numeric value `0` outside the bounds (400, 2000).
    See also https://pyomo.readthedocs.io/en/stable/errors.html#w1002
WARNING (W1002): Setting Var 's[None,single].investmentStage[2].representative
Period[1].commitmentPeriod[17].dispatchPeriod[1].storageChargeLevel[1000MW_400
0MWh_2-c]' to a numeric value `0` outside the bounds (800, 4000).
    See also https://pyomo.readthedocs.io/en/stable/errors.html#w1002
WARNING (W1002): Setting Var 's[None,single].investmentStage[2].representative
Period[1].commitmentPeriod[17].dispatchPeriod[1].storageChargeLevel[100MW_400M
Wh_3-c]' to a numeric value `0` outside the bounds (80, 400).
    See also https://pyomo.readthedocs.io/en/stable/errors.html#w1002
WARNING (W1002): Setting Var 's[None,single].investmentStage[2].representative
Period[1].commitmentPeriod[17].dispatchPeriod[1].storageChargeLevel[100MW_800M
Wh_3-c]' to a numeric value `0` outside the bounds (160, 800).
    See also https://pyomo.readthedocs.io/en/stable/errors.html#w1002
WARNING (W1002): Setting Var 's[None,single].investmentStage[2].representative
Period[1].commitmentPeriod[17].dispatchPeriod[1].storageChargeLevel[1000MW_200
0MWh_3-c]' to a numeric value `0` outside the bounds (400, 2000).
    See also https://pyomo.readthedocs.io/en/stable/errors.html#w1002
WARNING (W1002): Setting Var 's[None,single].investmentStage[2].representative
Period[1].commitmentPeriod[17].dispatchPeriod[1].storageChargeLevel[1000MW_400
0MWh_3-c]' to a numeric value `0` outside the bounds (800, 4000).
    See also https://pyomo.readthedocs.io/en/stable/errors.html#w1002
WARNING (W1002): Setting Var 's[None,single].investmentStage[2].representative
Period[1].commitmentPeriod[18].dispatchPeriod[1].storageChargeLevel[100MW_400M
Wh_1]' to a numeric value `0` outside the bounds (80, 400).
    See also https://pyomo.readthedocs.io/en/stable/errors.html#w1002
WARNING (W1002): Setting Var 's[None,single].investmentStage[2].representative
Period[1].commitmentPeriod[18].dispatchPeriod[1].storageChargeLevel[100MW_800M
Wh-1]' to a numeric value `0` outside the bounds (160, 800).
    See also https://pyomo.readthedocs.io/en/stable/errors.html#w1002
WARNING (W1002): Setting Var 's[None,single].investmentStage[2].representative
Period[1].commitmentPeriod[18].dispatchPeriod[1].storageChargeLevel[1000MW_200
0MWh_1-c]' to a numeric value `0` outside the bounds (400, 2000).
    See also https://pyomo.readthedocs.io/en/stable/errors.html#w1002
WARNING (W1002): Setting Var 's[None,single].investmentStage[2].representative
Period[1].commitmentPeriod[18].dispatchPeriod[1].storageChargeLevel[1000MW_400
0MWh_1-c]' to a numeric value `0` outside the bounds (800, 4000).
    See also https://pyomo.readthedocs.io/en/stable/errors.html#w1002
WARNING (W1002): Setting Var 's[None,single].investmentStage[2].representative
Period[1].commitmentPeriod[18].dispatchPeriod[1].storageChargeLevel[100MW_400M
Wh_2-c]' to a numeric value `0` outside the bounds (80, 400).
    See also https://pyomo.readthedocs.io/en/stable/errors.html#w1002
WARNING (W1002): Setting Var 's[None,single].investmentStage[2].representative
Period[1].commitmentPeriod[18].dispatchPeriod[1].storageChargeLevel[100MW_800M
Wh_2-c]' to a numeric value `0` outside the bounds (160, 800).
    See also https://pyomo.readthedocs.io/en/stable/errors.html#w1002
WARNING (W1002): Setting Var 's[None,single].investmentStage[2].representative
Period[1].commitmentPeriod[18].dispatchPeriod[1].storageChargeLevel[1000MW_200
0MWh_2-c]' to a numeric value `0` outside the bounds (400, 2000).
    See also https://pyomo.readthedocs.io/en/stable/errors.html#w1002
WARNING (W1002): Setting Var 's[None,single].investmentStage[2].representative
Period[1].commitmentPeriod[18].dispatchPeriod[1].storageChargeLevel[1000MW_400
0MWh_2-c]' to a numeric value `0` outside the bounds (800, 4000).
    See also https://pyomo.readthedocs.io/en/stable/errors.html#w1002
WARNING (W1002): Setting Var 's[None,single].investmentStage[2].representative
Period[1].commitmentPeriod[18].dispatchPeriod[1].storageChargeLevel[100MW_400M
Wh_3-c]' to a numeric value `0` outside the bounds (80, 400).
    See also https://pyomo.readthedocs.io/en/stable/errors.html#w1002
WARNING (W1002): Setting Var 's[None,single].investmentStage[2].representative
Period[1].commitmentPeriod[18].dispatchPeriod[1].storageChargeLevel[100MW_800M
Wh_3-c]' to a numeric value `0` outside the bounds (160, 800).
    See also https://pyomo.readthedocs.io/en/stable/errors.html#w1002
WARNING (W1002): Setting Var 's[None,single].investmentStage[2].representative
Period[1].commitmentPeriod[18].dispatchPeriod[1].storageChargeLevel[1000MW_200
0MWh_3-c]' to a numeric value `0` outside the bounds (400, 2000).
    See also https://pyomo.readthedocs.io/en/stable/errors.html#w1002
WARNING (W1002): Setting Var 's[None,single].investmentStage[2].representative
Period[1].commitmentPeriod[18].dispatchPeriod[1].storageChargeLevel[1000MW_400
0MWh_3-c]' to a numeric value `0` outside the bounds (800, 4000).
    See also https://pyomo.readthedocs.io/en/stable/errors.html#w1002
WARNING (W1002): Setting Var 's[None,single].investmentStage[2].representative
Period[1].commitmentPeriod[19].dispatchPeriod[1].storageChargeLevel[100MW_400M
Wh_1]' to a numeric value `0` outside the bounds (80, 400).
    See also https://pyomo.readthedocs.io/en/stable/errors.html#w1002
WARNING (W1002): Setting Var 's[None,single].investmentStage[2].representative
Period[1].commitmentPeriod[19].dispatchPeriod[1].storageChargeLevel[100MW_800M
Wh-1]' to a numeric value `0` outside the bounds (160, 800).
    See also https://pyomo.readthedocs.io/en/stable/errors.html#w1002
WARNING (W1002): Setting Var 's[None,single].investmentStage[2].representative
Period[1].commitmentPeriod[19].dispatchPeriod[1].storageChargeLevel[1000MW_200
0MWh_1-c]' to a numeric value `0` outside the bounds (400, 2000).
    See also https://pyomo.readthedocs.io/en/stable/errors.html#w1002
WARNING (W1002): Setting Var 's[None,single].investmentStage[2].representative
Period[1].commitmentPeriod[19].dispatchPeriod[1].storageChargeLevel[1000MW_400
0MWh_1-c]' to a numeric value `0` outside the bounds (800, 4000).
    See also https://pyomo.readthedocs.io/en/stable/errors.html#w1002
WARNING (W1002): Setting Var 's[None,single].investmentStage[2].representative
Period[1].commitmentPeriod[19].dispatchPeriod[1].storageChargeLevel[100MW_400M
Wh_2-c]' to a numeric value `0` outside the bounds (80, 400).
    See also https://pyomo.readthedocs.io/en/stable/errors.html#w1002
WARNING (W1002): Setting Var 's[None,single].investmentStage[2].representative
Period[1].commitmentPeriod[19].dispatchPeriod[1].storageChargeLevel[100MW_800M
Wh_2-c]' to a numeric value `0` outside the bounds (160, 800).
    See also https://pyomo.readthedocs.io/en/stable/errors.html#w1002
WARNING (W1002): Setting Var 's[None,single].investmentStage[2].representative
Period[1].commitmentPeriod[19].dispatchPeriod[1].storageChargeLevel[1000MW_200
0MWh_2-c]' to a numeric value `0` outside the bounds (400, 2000).
    See also https://pyomo.readthedocs.io/en/stable/errors.html#w1002
WARNING (W1002): Setting Var 's[None,single].investmentStage[2].representative
Period[1].commitmentPeriod[19].dispatchPeriod[1].storageChargeLevel[1000MW_400
0MWh_2-c]' to a numeric value `0` outside the bounds (800, 4000).
    See also https://pyomo.readthedocs.io/en/stable/errors.html#w1002
WARNING (W1002): Setting Var 's[None,single].investmentStage[2].representative
Period[1].commitmentPeriod[19].dispatchPeriod[1].storageChargeLevel[100MW_400M
Wh_3-c]' to a numeric value `0` outside the bounds (80, 400).
    See also https://pyomo.readthedocs.io/en/stable/errors.html#w1002
WARNING (W1002): Setting Var 's[None,single].investmentStage[2].representative
Period[1].commitmentPeriod[19].dispatchPeriod[1].storageChargeLevel[100MW_800M
Wh_3-c]' to a numeric value `0` outside the bounds (160, 800).
    See also https://pyomo.readthedocs.io/en/stable/errors.html#w1002
WARNING (W1002): Setting Var 's[None,single].investmentStage[2].representative
Period[1].commitmentPeriod[19].dispatchPeriod[1].storageChargeLevel[1000MW_200
0MWh_3-c]' to a numeric value `0` outside the bounds (400, 2000).
    See also https://pyomo.readthedocs.io/en/stable/errors.html#w1002
WARNING (W1002): Setting Var 's[None,single].investmentStage[2].representative
Period[1].commitmentPeriod[19].dispatchPeriod[1].storageChargeLevel[1000MW_400
0MWh_3-c]' to a numeric value `0` outside the bounds (800, 4000).
    See also https://pyomo.readthedocs.io/en/stable/errors.html#w1002
WARNING (W1002): Setting Var 's[None,single].investmentStage[2].representative
Period[1].commitmentPeriod[20].dispatchPeriod[1].storageChargeLevel[100MW_400M
Wh_1]' to a numeric value `0` outside the bounds (80, 400).
    See also https://pyomo.readthedocs.io/en/stable/errors.html#w1002
WARNING (W1002): Setting Var 's[None,single].investmentStage[2].representative
Period[1].commitmentPeriod[20].dispatchPeriod[1].storageChargeLevel[100MW_800M
Wh-1]' to a numeric value `0` outside the bounds (160, 800).
    See also https://pyomo.readthedocs.io/en/stable/errors.html#w1002
WARNING (W1002): Setting Var 's[None,single].investmentStage[2].representative
Period[1].commitmentPeriod[20].dispatchPeriod[1].storageChargeLevel[1000MW_200
0MWh_1-c]' to a numeric value `0` outside the bounds (400, 2000).
    See also https://pyomo.readthedocs.io/en/stable/errors.html#w1002
WARNING (W1002): Setting Var 's[None,single].investmentStage[2].representative
Period[1].commitmentPeriod[20].dispatchPeriod[1].storageChargeLevel[1000MW_400
0MWh_1-c]' to a numeric value `0` outside the bounds (800, 4000).
    See also https://pyomo.readthedocs.io/en/stable/errors.html#w1002
WARNING (W1002): Setting Var 's[None,single].investmentStage[2].representative
Period[1].commitmentPeriod[20].dispatchPeriod[1].storageChargeLevel[100MW_400M
Wh_2-c]' to a numeric value `0` outside the bounds (80, 400).
    See also https://pyomo.readthedocs.io/en/stable/errors.html#w1002
WARNING (W1002): Setting Var 's[None,single].investmentStage[2].representative
Period[1].commitmentPeriod[20].dispatchPeriod[1].storageChargeLevel[100MW_800M
Wh_2-c]' to a numeric value `0` outside the bounds (160, 800).
    See also https://pyomo.readthedocs.io/en/stable/errors.html#w1002
WARNING (W1002): Setting Var 's[None,single].investmentStage[2].representative
Period[1].commitmentPeriod[20].dispatchPeriod[1].storageChargeLevel[1000MW_200
0MWh_2-c]' to a numeric value `0` outside the bounds (400, 2000).
    See also https://pyomo.readthedocs.io/en/stable/errors.html#w1002
WARNING (W1002): Setting Var 's[None,single].investmentStage[2].representative
Period[1].commitmentPeriod[20].dispatchPeriod[1].storageChargeLevel[1000MW_400
0MWh_2-c]' to a numeric value `0` outside the bounds (800, 4000).
    See also https://pyomo.readthedocs.io/en/stable/errors.html#w1002
WARNING (W1002): Setting Var 's[None,single].investmentStage[2].representative
Period[1].commitmentPeriod[20].dispatchPeriod[1].storageChargeLevel[100MW_400M
Wh_3-c]' to a numeric value `0` outside the bounds (80, 400).
    See also https://pyomo.readthedocs.io/en/stable/errors.html#w1002
WARNING (W1002): Setting Var 's[None,single].investmentStage[2].representative
Period[1].commitmentPeriod[20].dispatchPeriod[1].storageChargeLevel[100MW_800M
Wh_3-c]' to a numeric value `0` outside the bounds (160, 800).
    See also https://pyomo.readthedocs.io/en/stable/errors.html#w1002
WARNING (W1002): Setting Var 's[None,single].investmentStage[2].representative
Period[1].commitmentPeriod[20].dispatchPeriod[1].storageChargeLevel[1000MW_200
0MWh_3-c]' to a numeric value `0` outside the bounds (400, 2000).
    See also https://pyomo.readthedocs.io/en/stable/errors.html#w1002
WARNING (W1002): Setting Var 's[None,single].investmentStage[2].representative
Period[1].commitmentPeriod[20].dispatchPeriod[1].storageChargeLevel[1000MW_400
0MWh_3-c]' to a numeric value `0` outside the bounds (800, 4000).
    See also https://pyomo.readthedocs.io/en/stable/errors.html#w1002
WARNING (W1002): Setting Var 's[None,single].investmentStage[2].representative
Period[1].commitmentPeriod[21].dispatchPeriod[1].storageChargeLevel[100MW_400M
Wh_1]' to a numeric value `0` outside the bounds (80, 400).
    See also https://pyomo.readthedocs.io/en/stable/errors.html#w1002
WARNING (W1002): Setting Var 's[None,single].investmentStage[2].representative
Period[1].commitmentPeriod[21].dispatchPeriod[1].storageChargeLevel[100MW_800M
Wh-1]' to a numeric value `0` outside the bounds (160, 800).
    See also https://pyomo.readthedocs.io/en/stable/errors.html#w1002
WARNING (W1002): Setting Var 's[None,single].investmentStage[2].representative
Period[1].commitmentPeriod[21].dispatchPeriod[1].storageChargeLevel[1000MW_200
0MWh_1-c]' to a numeric value `0` outside the bounds (400, 2000).
    See also https://pyomo.readthedocs.io/en/stable/errors.html#w1002
WARNING (W1002): Setting Var 's[None,single].investmentStage[2].representative
Period[1].commitmentPeriod[21].dispatchPeriod[1].storageChargeLevel[1000MW_400
0MWh_1-c]' to a numeric value `0` outside the bounds (800, 4000).
    See also https://pyomo.readthedocs.io/en/stable/errors.html#w1002
WARNING (W1002): Setting Var 's[None,single].investmentStage[2].representative
Period[1].commitmentPeriod[21].dispatchPeriod[1].storageChargeLevel[100MW_400M
Wh_2-c]' to a numeric value `0` outside the bounds (80, 400).
    See also https://pyomo.readthedocs.io/en/stable/errors.html#w1002
WARNING (W1002): Setting Var 's[None,single].investmentStage[2].representative
Period[1].commitmentPeriod[21].dispatchPeriod[1].storageChargeLevel[100MW_800M
Wh_2-c]' to a numeric value `0` outside the bounds (160, 800).
    See also https://pyomo.readthedocs.io/en/stable/errors.html#w1002
WARNING (W1002): Setting Var 's[None,single].investmentStage[2].representative
Period[1].commitmentPeriod[21].dispatchPeriod[1].storageChargeLevel[1000MW_200
0MWh_2-c]' to a numeric value `0` outside the bounds (400, 2000).
    See also https://pyomo.readthedocs.io/en/stable/errors.html#w1002
WARNING (W1002): Setting Var 's[None,single].investmentStage[2].representative
Period[1].commitmentPeriod[21].dispatchPeriod[1].storageChargeLevel[1000MW_400
0MWh_2-c]' to a numeric value `0` outside the bounds (800, 4000).
    See also https://pyomo.readthedocs.io/en/stable/errors.html#w1002
WARNING (W1002): Setting Var 's[None,single].investmentStage[2].representative
Period[1].commitmentPeriod[21].dispatchPeriod[1].storageChargeLevel[100MW_400M
Wh_3-c]' to a numeric value `0` outside the bounds (80, 400).
    See also https://pyomo.readthedocs.io/en/stable/errors.html#w1002
WARNING (W1002): Setting Var 's[None,single].investmentStage[2].representative
Period[1].commitmentPeriod[21].dispatchPeriod[1].storageChargeLevel[100MW_800M
Wh_3-c]' to a numeric value `0` outside the bounds (160, 800).
    See also https://pyomo.readthedocs.io/en/stable/errors.html#w1002
WARNING (W1002): Setting Var 's[None,single].investmentStage[2].representative
Period[1].commitmentPeriod[21].dispatchPeriod[1].storageChargeLevel[1000MW_200
0MWh_3-c]' to a numeric value `0` outside the bounds (400, 2000).
    See also https://pyomo.readthedocs.io/en/stable/errors.html#w1002
WARNING (W1002): Setting Var 's[None,single].investmentStage[2].representative
Period[1].commitmentPeriod[21].dispatchPeriod[1].storageChargeLevel[1000MW_400
0MWh_3-c]' to a numeric value `0` outside the bounds (800, 4000).
    See also https://pyomo.readthedocs.io/en/stable/errors.html#w1002
WARNING (W1002): Setting Var 's[None,single].investmentStage[2].representative
Period[1].commitmentPeriod[22].dispatchPeriod[1].storageChargeLevel[100MW_400M
Wh_1]' to a numeric value `0` outside the bounds (80, 400).
    See also https://pyomo.readthedocs.io/en/stable/errors.html#w1002
WARNING (W1002): Setting Var 's[None,single].investmentStage[2].representative
Period[1].commitmentPeriod[22].dispatchPeriod[1].storageChargeLevel[100MW_800M
Wh-1]' to a numeric value `0` outside the bounds (160, 800).
    See also https://pyomo.readthedocs.io/en/stable/errors.html#w1002
WARNING (W1002): Setting Var 's[None,single].investmentStage[2].representative
Period[1].commitmentPeriod[22].dispatchPeriod[1].storageChargeLevel[1000MW_200
0MWh_1-c]' to a numeric value `0` outside the bounds (400, 2000).
    See also https://pyomo.readthedocs.io/en/stable/errors.html#w1002
WARNING (W1002): Setting Var 's[None,single].investmentStage[2].representative
Period[1].commitmentPeriod[22].dispatchPeriod[1].storageChargeLevel[1000MW_400
0MWh_1-c]' to a numeric value `0` outside the bounds (800, 4000).
    See also https://pyomo.readthedocs.io/en/stable/errors.html#w1002
WARNING (W1002): Setting Var 's[None,single].investmentStage[2].representative
Period[1].commitmentPeriod[22].dispatchPeriod[1].storageChargeLevel[100MW_400M
Wh_2-c]' to a numeric value `0` outside the bounds (80, 400).
    See also https://pyomo.readthedocs.io/en/stable/errors.html#w1002
WARNING (W1002): Setting Var 's[None,single].investmentStage[2].representative
Period[1].commitmentPeriod[22].dispatchPeriod[1].storageChargeLevel[100MW_800M
Wh_2-c]' to a numeric value `0` outside the bounds (160, 800).
    See also https://pyomo.readthedocs.io/en/stable/errors.html#w1002
WARNING (W1002): Setting Var 's[None,single].investmentStage[2].representative
Period[1].commitmentPeriod[22].dispatchPeriod[1].storageChargeLevel[1000MW_200
0MWh_2-c]' to a numeric value `0` outside the bounds (400, 2000).
    See also https://pyomo.readthedocs.io/en/stable/errors.html#w1002
WARNING (W1002): Setting Var 's[None,single].investmentStage[2].representative
Period[1].commitmentPeriod[22].dispatchPeriod[1].storageChargeLevel[1000MW_400
0MWh_2-c]' to a numeric value `0` outside the bounds (800, 4000).
    See also https://pyomo.readthedocs.io/en/stable/errors.html#w1002
WARNING (W1002): Setting Var 's[None,single].investmentStage[2].representative
Period[1].commitmentPeriod[22].dispatchPeriod[1].storageChargeLevel[100MW_400M
Wh_3-c]' to a numeric value `0` outside the bounds (80, 400).
    See also https://pyomo.readthedocs.io/en/stable/errors.html#w1002
WARNING (W1002): Setting Var 's[None,single].investmentStage[2].representative
Period[1].commitmentPeriod[22].dispatchPeriod[1].storageChargeLevel[100MW_800M
Wh_3-c]' to a numeric value `0` outside the bounds (160, 800).
    See also https://pyomo.readthedocs.io/en/stable/errors.html#w1002
WARNING (W1002): Setting Var 's[None,single].investmentStage[2].representative
Period[1].commitmentPeriod[22].dispatchPeriod[1].storageChargeLevel[1000MW_200
0MWh_3-c]' to a numeric value `0` outside the bounds (400, 2000).
    See also https://pyomo.readthedocs.io/en/stable/errors.html#w1002
WARNING (W1002): Setting Var 's[None,single].investmentStage[2].representative
Period[1].commitmentPeriod[22].dispatchPeriod[1].storageChargeLevel[1000MW_400
0MWh_3-c]' to a numeric value `0` outside the bounds (800, 4000).
    See also https://pyomo.readthedocs.io/en/stable/errors.html#w1002
WARNING (W1002): Setting Var 's[None,single].investmentStage[2].representative
Period[1].commitmentPeriod[23].dispatchPeriod[1].storageChargeLevel[100MW_400M
Wh_1]' to a numeric value `0` outside the bounds (80, 400).
    See also https://pyomo.readthedocs.io/en/stable/errors.html#w1002
WARNING (W1002): Setting Var 's[None,single].investmentStage[2].representative
Period[1].commitmentPeriod[23].dispatchPeriod[1].storageChargeLevel[100MW_800M
Wh-1]' to a numeric value `0` outside the bounds (160, 800).
    See also https://pyomo.readthedocs.io/en/stable/errors.html#w1002
WARNING (W1002): Setting Var 's[None,single].investmentStage[2].representative
Period[1].commitmentPeriod[23].dispatchPeriod[1].storageChargeLevel[1000MW_200
0MWh_1-c]' to a numeric value `0` outside the bounds (400, 2000).
    See also https://pyomo.readthedocs.io/en/stable/errors.html#w1002
WARNING (W1002): Setting Var 's[None,single].investmentStage[2].representative
Period[1].commitmentPeriod[23].dispatchPeriod[1].storageChargeLevel[1000MW_400
0MWh_1-c]' to a numeric value `0` outside the bounds (800, 4000).
    See also https://pyomo.readthedocs.io/en/stable/errors.html#w1002
WARNING (W1002): Setting Var 's[None,single].investmentStage[2].representative
Period[1].commitmentPeriod[23].dispatchPeriod[1].storageChargeLevel[100MW_400M
Wh_2-c]' to a numeric value `0` outside the bounds (80, 400).
    See also https://pyomo.readthedocs.io/en/stable/errors.html#w1002
WARNING (W1002): Setting Var 's[None,single].investmentStage[2].representative
Period[1].commitmentPeriod[23].dispatchPeriod[1].storageChargeLevel[100MW_800M
Wh_2-c]' to a numeric value `0` outside the bounds (160, 800).
    See also https://pyomo.readthedocs.io/en/stable/errors.html#w1002
WARNING (W1002): Setting Var 's[None,single].investmentStage[2].representative
Period[1].commitmentPeriod[23].dispatchPeriod[1].storageChargeLevel[1000MW_200
0MWh_2-c]' to a numeric value `0` outside the bounds (400, 2000).
    See also https://pyomo.readthedocs.io/en/stable/errors.html#w1002
WARNING (W1002): Setting Var 's[None,single].investmentStage[2].representative
Period[1].commitmentPeriod[23].dispatchPeriod[1].storageChargeLevel[1000MW_400
0MWh_2-c]' to a numeric value `0` outside the bounds (800, 4000).
    See also https://pyomo.readthedocs.io/en/stable/errors.html#w1002
WARNING (W1002): Setting Var 's[None,single].investmentStage[2].representative
Period[1].commitmentPeriod[23].dispatchPeriod[1].storageChargeLevel[100MW_400M
Wh_3-c]' to a numeric value `0` outside the bounds (80, 400).
    See also https://pyomo.readthedocs.io/en/stable/errors.html#w1002
WARNING (W1002): Setting Var 's[None,single].investmentStage[2].representative
Period[1].commitmentPeriod[23].dispatchPeriod[1].storageChargeLevel[100MW_800M
Wh_3-c]' to a numeric value `0` outside the bounds (160, 800).
    See also https://pyomo.readthedocs.io/en/stable/errors.html#w1002
WARNING (W1002): Setting Var 's[None,single].investmentStage[2].representative
Period[1].commitmentPeriod[23].dispatchPeriod[1].storageChargeLevel[1000MW_200
0MWh_3-c]' to a numeric value `0` outside the bounds (400, 2000).
    See also https://pyomo.readthedocs.io/en/stable/errors.html#w1002
WARNING (W1002): Setting Var 's[None,single].investmentStage[2].representative
Period[1].commitmentPeriod[23].dispatchPeriod[1].storageChargeLevel[1000MW_400
0MWh_3-c]' to a numeric value `0` outside the bounds (800, 4000).
    See also https://pyomo.readthedocs.io/en/stable/errors.html#w1002
WARNING (W1002): Setting Var 's[None,single].investmentStage[2].representative
Period[1].commitmentPeriod[24].dispatchPeriod[1].storageChargeLevel[100MW_400M
Wh_1]' to a numeric value `0` outside the bounds (80, 400).
    See also https://pyomo.readthedocs.io/en/stable/errors.html#w1002
WARNING (W1002): Setting Var 's[None,single].investmentStage[2].representative
Period[1].commitmentPeriod[24].dispatchPeriod[1].storageChargeLevel[100MW_800M
Wh-1]' to a numeric value `0` outside the bounds (160, 800).
    See also https://pyomo.readthedocs.io/en/stable/errors.html#w1002
WARNING (W1002): Setting Var 's[None,single].investmentStage[2].representative
Period[1].commitmentPeriod[24].dispatchPeriod[1].storageChargeLevel[1000MW_200
0MWh_1-c]' to a numeric value `0` outside the bounds (400, 2000).
    See also https://pyomo.readthedocs.io/en/stable/errors.html#w1002
WARNING (W1002): Setting Var 's[None,single].investmentStage[2].representative
Period[1].commitmentPeriod[24].dispatchPeriod[1].storageChargeLevel[1000MW_400
0MWh_1-c]' to a numeric value `0` outside the bounds (800, 4000).
    See also https://pyomo.readthedocs.io/en/stable/errors.html#w1002
WARNING (W1002): Setting Var 's[None,single].investmentStage[2].representative
Period[1].commitmentPeriod[24].dispatchPeriod[1].storageChargeLevel[100MW_400M
Wh_2-c]' to a numeric value `0` outside the bounds (80, 400).
    See also https://pyomo.readthedocs.io/en/stable/errors.html#w1002
WARNING (W1002): Setting Var 's[None,single].investmentStage[2].representative
Period[1].commitmentPeriod[24].dispatchPeriod[1].storageChargeLevel[100MW_800M
Wh_2-c]' to a numeric value `0` outside the bounds (160, 800).
    See also https://pyomo.readthedocs.io/en/stable/errors.html#w1002
WARNING (W1002): Setting Var 's[None,single].investmentStage[2].representative
Period[1].commitmentPeriod[24].dispatchPeriod[1].storageChargeLevel[1000MW_200
0MWh_2-c]' to a numeric value `0` outside the bounds (400, 2000).
    See also https://pyomo.readthedocs.io/en/stable/errors.html#w1002
WARNING (W1002): Setting Var 's[None,single].investmentStage[2].representative
Period[1].commitmentPeriod[24].dispatchPeriod[1].storageChargeLevel[1000MW_400
0MWh_2-c]' to a numeric value `0` outside the bounds (800, 4000).
    See also https://pyomo.readthedocs.io/en/stable/errors.html#w1002
WARNING (W1002): Setting Var 's[None,single].investmentStage[2].representative
Period[1].commitmentPeriod[24].dispatchPeriod[1].storageChargeLevel[100MW_400M
Wh_3-c]' to a numeric value `0` outside the bounds (80, 400).
    See also https://pyomo.readthedocs.io/en/stable/errors.html#w1002
WARNING (W1002): Setting Var 's[None,single].investmentStage[2].representative
Period[1].commitmentPeriod[24].dispatchPeriod[1].storageChargeLevel[100MW_800M
Wh_3-c]' to a numeric value `0` outside the bounds (160, 800).
    See also https://pyomo.readthedocs.io/en/stable/errors.html#w1002
WARNING (W1002): Setting Var 's[None,single].investmentStage[2].representative
Period[1].commitmentPeriod[24].dispatchPeriod[1].storageChargeLevel[1000MW_200
0MWh_3-c]' to a numeric value `0` outside the bounds (400, 2000).
    See also https://pyomo.readthedocs.io/en/stable/errors.html#w1002
WARNING (W1002): Setting Var 's[None,single].investmentStage[2].representative
Period[1].commitmentPeriod[24].dispatchPeriod[1].storageChargeLevel[1000MW_400
0MWh_3-c]' to a numeric value `0` outside the bounds (800, 4000).
    See also https://pyomo.readthedocs.io/en/stable/errors.html#w1002
WARNING (W1002): Setting Var 's[None,single].investmentStage[2].representative
Period[2].commitmentPeriod[1].dispatchPeriod[1].storageChargeLevel[100MW_400MW
h_1]' to a numeric value `0` outside the bounds (80, 400).
    See also https://pyomo.readthedocs.io/en/stable/errors.html#w1002
WARNING (W1002): Setting Var 's[None,single].investmentStage[2].representative
Period[2].commitmentPeriod[1].dispatchPeriod[1].storageChargeLevel[100MW_800MW
h-1]' to a numeric value `0` outside the bounds (160, 800).
    See also https://pyomo.readthedocs.io/en/stable/errors.html#w1002
WARNING (W1002): Setting Var 's[None,single].investmentStage[2].representative
Period[2].commitmentPeriod[1].dispatchPeriod[1].storageChargeLevel[1000MW_2000
MWh_1-c]' to a numeric value `0` outside the bounds (400, 2000).
    See also https://pyomo.readthedocs.io/en/stable/errors.html#w1002
WARNING (W1002): Setting Var 's[None,single].investmentStage[2].representative
Period[2].commitmentPeriod[1].dispatchPeriod[1].storageChargeLevel[1000MW_4000
MWh_1-c]' to a numeric value `0` outside the bounds (800, 4000).
    See also https://pyomo.readthedocs.io/en/stable/errors.html#w1002
WARNING (W1002): Setting Var 's[None,single].investmentStage[2].representative
Period[2].commitmentPeriod[1].dispatchPeriod[1].storageChargeLevel[100MW_400MW
h_2-c]' to a numeric value `0` outside the bounds (80, 400).
    See also https://pyomo.readthedocs.io/en/stable/errors.html#w1002
WARNING (W1002): Setting Var 's[None,single].investmentStage[2].representative
Period[2].commitmentPeriod[1].dispatchPeriod[1].storageChargeLevel[100MW_800MW
h_2-c]' to a numeric value `0` outside the bounds (160, 800).
    See also https://pyomo.readthedocs.io/en/stable/errors.html#w1002
WARNING (W1002): Setting Var 's[None,single].investmentStage[2].representative
Period[2].commitmentPeriod[1].dispatchPeriod[1].storageChargeLevel[1000MW_2000
MWh_2-c]' to a numeric value `0` outside the bounds (400, 2000).
    See also https://pyomo.readthedocs.io/en/stable/errors.html#w1002
WARNING (W1002): Setting Var 's[None,single].investmentStage[2].representative
Period[2].commitmentPeriod[1].dispatchPeriod[1].storageChargeLevel[1000MW_4000
MWh_2-c]' to a numeric value `0` outside the bounds (800, 4000).
    See also https://pyomo.readthedocs.io/en/stable/errors.html#w1002
WARNING (W1002): Setting Var 's[None,single].investmentStage[2].representative
Period[2].commitmentPeriod[1].dispatchPeriod[1].storageChargeLevel[100MW_400MW
h_3-c]' to a numeric value `0` outside the bounds (80, 400).
    See also https://pyomo.readthedocs.io/en/stable/errors.html#w1002
WARNING (W1002): Setting Var 's[None,single].investmentStage[2].representative
Period[2].commitmentPeriod[1].dispatchPeriod[1].storageChargeLevel[100MW_800MW
h_3-c]' to a numeric value `0` outside the bounds (160, 800).
    See also https://pyomo.readthedocs.io/en/stable/errors.html#w1002
WARNING (W1002): Setting Var 's[None,single].investmentStage[2].representative
Period[2].commitmentPeriod[1].dispatchPeriod[1].storageChargeLevel[1000MW_2000
MWh_3-c]' to a numeric value `0` outside the bounds (400, 2000).
    See also https://pyomo.readthedocs.io/en/stable/errors.html#w1002
WARNING (W1002): Setting Var 's[None,single].investmentStage[2].representative
Period[2].commitmentPeriod[1].dispatchPeriod[1].storageChargeLevel[1000MW_4000
MWh_3-c]' to a numeric value `0` outside the bounds (800, 4000).
    See also https://pyomo.readthedocs.io/en/stable/errors.html#w1002
WARNING (W1002): Setting Var 's[None,single].investmentStage[2].representative
Period[2].commitmentPeriod[2].dispatchPeriod[1].storageChargeLevel[100MW_400MW
h_1]' to a numeric value `0` outside the bounds (80, 400).
    See also https://pyomo.readthedocs.io/en/stable/errors.html#w1002
WARNING (W1002): Setting Var 's[None,single].investmentStage[2].representative
Period[2].commitmentPeriod[2].dispatchPeriod[1].storageChargeLevel[100MW_800MW
h-1]' to a numeric value `0` outside the bounds (160, 800).
    See also https://pyomo.readthedocs.io/en/stable/errors.html#w1002
WARNING (W1002): Setting Var 's[None,single].investmentStage[2].representative
Period[2].commitmentPeriod[2].dispatchPeriod[1].storageChargeLevel[1000MW_2000
MWh_1-c]' to a numeric value `0` outside the bounds (400, 2000).
    See also https://pyomo.readthedocs.io/en/stable/errors.html#w1002
WARNING (W1002): Setting Var 's[None,single].investmentStage[2].representative
Period[2].commitmentPeriod[2].dispatchPeriod[1].storageChargeLevel[1000MW_4000
MWh_1-c]' to a numeric value `0` outside the bounds (800, 4000).
    See also https://pyomo.readthedocs.io/en/stable/errors.html#w1002
WARNING (W1002): Setting Var 's[None,single].investmentStage[2].representative
Period[2].commitmentPeriod[2].dispatchPeriod[1].storageChargeLevel[100MW_400MW
h_2-c]' to a numeric value `0` outside the bounds (80, 400).
    See also https://pyomo.readthedocs.io/en/stable/errors.html#w1002
WARNING (W1002): Setting Var 's[None,single].investmentStage[2].representative
Period[2].commitmentPeriod[2].dispatchPeriod[1].storageChargeLevel[100MW_800MW
h_2-c]' to a numeric value `0` outside the bounds (160, 800).
    See also https://pyomo.readthedocs.io/en/stable/errors.html#w1002
WARNING (W1002): Setting Var 's[None,single].investmentStage[2].representative
Period[2].commitmentPeriod[2].dispatchPeriod[1].storageChargeLevel[1000MW_2000
MWh_2-c]' to a numeric value `0` outside the bounds (400, 2000).
    See also https://pyomo.readthedocs.io/en/stable/errors.html#w1002
WARNING (W1002): Setting Var 's[None,single].investmentStage[2].representative
Period[2].commitmentPeriod[2].dispatchPeriod[1].storageChargeLevel[1000MW_4000
MWh_2-c]' to a numeric value `0` outside the bounds (800, 4000).
    See also https://pyomo.readthedocs.io/en/stable/errors.html#w1002
WARNING (W1002): Setting Var 's[None,single].investmentStage[2].representative
Period[2].commitmentPeriod[2].dispatchPeriod[1].storageChargeLevel[100MW_400MW
h_3-c]' to a numeric value `0` outside the bounds (80, 400).
    See also https://pyomo.readthedocs.io/en/stable/errors.html#w1002
WARNING (W1002): Setting Var 's[None,single].investmentStage[2].representative
Period[2].commitmentPeriod[2].dispatchPeriod[1].storageChargeLevel[100MW_800MW
h_3-c]' to a numeric value `0` outside the bounds (160, 800).
    See also https://pyomo.readthedocs.io/en/stable/errors.html#w1002
WARNING (W1002): Setting Var 's[None,single].investmentStage[2].representative
Period[2].commitmentPeriod[2].dispatchPeriod[1].storageChargeLevel[1000MW_2000
MWh_3-c]' to a numeric value `0` outside the bounds (400, 2000).
    See also https://pyomo.readthedocs.io/en/stable/errors.html#w1002
WARNING (W1002): Setting Var 's[None,single].investmentStage[2].representative
Period[2].commitmentPeriod[2].dispatchPeriod[1].storageChargeLevel[1000MW_4000
MWh_3-c]' to a numeric value `0` outside the bounds (800, 4000).
    See also https://pyomo.readthedocs.io/en/stable/errors.html#w1002
WARNING (W1002): Setting Var 's[None,single].investmentStage[2].representative
Period[2].commitmentPeriod[3].dispatchPeriod[1].storageChargeLevel[100MW_400MW
h_1]' to a numeric value `0` outside the bounds (80, 400).
    See also https://pyomo.readthedocs.io/en/stable/errors.html#w1002
WARNING (W1002): Setting Var 's[None,single].investmentStage[2].representative
Period[2].commitmentPeriod[3].dispatchPeriod[1].storageChargeLevel[100MW_800MW
h-1]' to a numeric value `0` outside the bounds (160, 800).
    See also https://pyomo.readthedocs.io/en/stable/errors.html#w1002
WARNING (W1002): Setting Var 's[None,single].investmentStage[2].representative
Period[2].commitmentPeriod[3].dispatchPeriod[1].storageChargeLevel[1000MW_2000
MWh_1-c]' to a numeric value `0` outside the bounds (400, 2000).
    See also https://pyomo.readthedocs.io/en/stable/errors.html#w1002
WARNING (W1002): Setting Var 's[None,single].investmentStage[2].representative
Period[2].commitmentPeriod[3].dispatchPeriod[1].storageChargeLevel[1000MW_4000
MWh_1-c]' to a numeric value `0` outside the bounds (800, 4000).
    See also https://pyomo.readthedocs.io/en/stable/errors.html#w1002
WARNING (W1002): Setting Var 's[None,single].investmentStage[2].representative
Period[2].commitmentPeriod[3].dispatchPeriod[1].storageChargeLevel[100MW_400MW
h_2-c]' to a numeric value `0` outside the bounds (80, 400).
    See also https://pyomo.readthedocs.io/en/stable/errors.html#w1002
WARNING (W1002): Setting Var 's[None,single].investmentStage[2].representative
Period[2].commitmentPeriod[3].dispatchPeriod[1].storageChargeLevel[100MW_800MW
h_2-c]' to a numeric value `0` outside the bounds (160, 800).
    See also https://pyomo.readthedocs.io/en/stable/errors.html#w1002
WARNING (W1002): Setting Var 's[None,single].investmentStage[2].representative
Period[2].commitmentPeriod[3].dispatchPeriod[1].storageChargeLevel[1000MW_2000
MWh_2-c]' to a numeric value `0` outside the bounds (400, 2000).
    See also https://pyomo.readthedocs.io/en/stable/errors.html#w1002
WARNING (W1002): Setting Var 's[None,single].investmentStage[2].representative
Period[2].commitmentPeriod[3].dispatchPeriod[1].storageChargeLevel[1000MW_4000
MWh_2-c]' to a numeric value `0` outside the bounds (800, 4000).
    See also https://pyomo.readthedocs.io/en/stable/errors.html#w1002
WARNING (W1002): Setting Var 's[None,single].investmentStage[2].representative
Period[2].commitmentPeriod[3].dispatchPeriod[1].storageChargeLevel[100MW_400MW
h_3-c]' to a numeric value `0` outside the bounds (80, 400).
    See also https://pyomo.readthedocs.io/en/stable/errors.html#w1002
WARNING (W1002): Setting Var 's[None,single].investmentStage[2].representative
Period[2].commitmentPeriod[3].dispatchPeriod[1].storageChargeLevel[100MW_800MW
h_3-c]' to a numeric value `0` outside the bounds (160, 800).
    See also https://pyomo.readthedocs.io/en/stable/errors.html#w1002
WARNING (W1002): Setting Var 's[None,single].investmentStage[2].representative
Period[2].commitmentPeriod[3].dispatchPeriod[1].storageChargeLevel[1000MW_2000
MWh_3-c]' to a numeric value `0` outside the bounds (400, 2000).
    See also https://pyomo.readthedocs.io/en/stable/errors.html#w1002
WARNING (W1002): Setting Var 's[None,single].investmentStage[2].representative
Period[2].commitmentPeriod[3].dispatchPeriod[1].storageChargeLevel[1000MW_4000
MWh_3-c]' to a numeric value `0` outside the bounds (800, 4000).
    See also https://pyomo.readthedocs.io/en/stable/errors.html#w1002
WARNING (W1002): Setting Var 's[None,single].investmentStage[2].representative
Period[2].commitmentPeriod[4].dispatchPeriod[1].storageChargeLevel[100MW_400MW
h_1]' to a numeric value `0` outside the bounds (80, 400).
    See also https://pyomo.readthedocs.io/en/stable/errors.html#w1002
WARNING (W1002): Setting Var 's[None,single].investmentStage[2].representative
Period[2].commitmentPeriod[4].dispatchPeriod[1].storageChargeLevel[100MW_800MW
h-1]' to a numeric value `0` outside the bounds (160, 800).
    See also https://pyomo.readthedocs.io/en/stable/errors.html#w1002
WARNING (W1002): Setting Var 's[None,single].investmentStage[2].representative
Period[2].commitmentPeriod[4].dispatchPeriod[1].storageChargeLevel[1000MW_2000
MWh_1-c]' to a numeric value `0` outside the bounds (400, 2000).
    See also https://pyomo.readthedocs.io/en/stable/errors.html#w1002
WARNING (W1002): Setting Var 's[None,single].investmentStage[2].representative
Period[2].commitmentPeriod[4].dispatchPeriod[1].storageChargeLevel[1000MW_4000
MWh_1-c]' to a numeric value `0` outside the bounds (800, 4000).
    See also https://pyomo.readthedocs.io/en/stable/errors.html#w1002
WARNING (W1002): Setting Var 's[None,single].investmentStage[2].representative
Period[2].commitmentPeriod[4].dispatchPeriod[1].storageChargeLevel[100MW_400MW
h_2-c]' to a numeric value `0` outside the bounds (80, 400).
    See also https://pyomo.readthedocs.io/en/stable/errors.html#w1002
WARNING (W1002): Setting Var 's[None,single].investmentStage[2].representative
Period[2].commitmentPeriod[4].dispatchPeriod[1].storageChargeLevel[100MW_800MW
h_2-c]' to a numeric value `0` outside the bounds (160, 800).
    See also https://pyomo.readthedocs.io/en/stable/errors.html#w1002
WARNING (W1002): Setting Var 's[None,single].investmentStage[2].representative
Period[2].commitmentPeriod[4].dispatchPeriod[1].storageChargeLevel[1000MW_2000
MWh_2-c]' to a numeric value `0` outside the bounds (400, 2000).
    See also https://pyomo.readthedocs.io/en/stable/errors.html#w1002
WARNING (W1002): Setting Var 's[None,single].investmentStage[2].representative
Period[2].commitmentPeriod[4].dispatchPeriod[1].storageChargeLevel[1000MW_4000
MWh_2-c]' to a numeric value `0` outside the bounds (800, 4000).
    See also https://pyomo.readthedocs.io/en/stable/errors.html#w1002
WARNING (W1002): Setting Var 's[None,single].investmentStage[2].representative
Period[2].commitmentPeriod[4].dispatchPeriod[1].storageChargeLevel[100MW_400MW
h_3-c]' to a numeric value `0` outside the bounds (80, 400).
    See also https://pyomo.readthedocs.io/en/stable/errors.html#w1002
WARNING (W1002): Setting Var 's[None,single].investmentStage[2].representative
Period[2].commitmentPeriod[4].dispatchPeriod[1].storageChargeLevel[100MW_800MW
h_3-c]' to a numeric value `0` outside the bounds (160, 800).
    See also https://pyomo.readthedocs.io/en/stable/errors.html#w1002
WARNING (W1002): Setting Var 's[None,single].investmentStage[2].representative
Period[2].commitmentPeriod[4].dispatchPeriod[1].storageChargeLevel[1000MW_2000
MWh_3-c]' to a numeric value `0` outside the bounds (400, 2000).
    See also https://pyomo.readthedocs.io/en/stable/errors.html#w1002
WARNING (W1002): Setting Var 's[None,single].investmentStage[2].representative
Period[2].commitmentPeriod[4].dispatchPeriod[1].storageChargeLevel[1000MW_4000
MWh_3-c]' to a numeric value `0` outside the bounds (800, 4000).
    See also https://pyomo.readthedocs.io/en/stable/errors.html#w1002
WARNING (W1002): Setting Var 's[None,single].investmentStage[2].representative
Period[2].commitmentPeriod[5].dispatchPeriod[1].storageChargeLevel[100MW_400MW
h_1]' to a numeric value `0` outside the bounds (80, 400).
    See also https://pyomo.readthedocs.io/en/stable/errors.html#w1002
WARNING (W1002): Setting Var 's[None,single].investmentStage[2].representative
Period[2].commitmentPeriod[5].dispatchPeriod[1].storageChargeLevel[100MW_800MW
h-1]' to a numeric value `0` outside the bounds (160, 800).
    See also https://pyomo.readthedocs.io/en/stable/errors.html#w1002
WARNING (W1002): Setting Var 's[None,single].investmentStage[2].representative
Period[2].commitmentPeriod[5].dispatchPeriod[1].storageChargeLevel[1000MW_2000
MWh_1-c]' to a numeric value `0` outside the bounds (400, 2000).
    See also https://pyomo.readthedocs.io/en/stable/errors.html#w1002
WARNING (W1002): Setting Var 's[None,single].investmentStage[2].representative
Period[2].commitmentPeriod[5].dispatchPeriod[1].storageChargeLevel[1000MW_4000
MWh_1-c]' to a numeric value `0` outside the bounds (800, 4000).
    See also https://pyomo.readthedocs.io/en/stable/errors.html#w1002
WARNING (W1002): Setting Var 's[None,single].investmentStage[2].representative
Period[2].commitmentPeriod[5].dispatchPeriod[1].storageChargeLevel[100MW_400MW
h_2-c]' to a numeric value `0` outside the bounds (80, 400).
    See also https://pyomo.readthedocs.io/en/stable/errors.html#w1002
WARNING (W1002): Setting Var 's[None,single].investmentStage[2].representative
Period[2].commitmentPeriod[5].dispatchPeriod[1].storageChargeLevel[100MW_800MW
h_2-c]' to a numeric value `0` outside the bounds (160, 800).
    See also https://pyomo.readthedocs.io/en/stable/errors.html#w1002
WARNING (W1002): Setting Var 's[None,single].investmentStage[2].representative
Period[2].commitmentPeriod[5].dispatchPeriod[1].storageChargeLevel[1000MW_2000
MWh_2-c]' to a numeric value `0` outside the bounds (400, 2000).
    See also https://pyomo.readthedocs.io/en/stable/errors.html#w1002
WARNING (W1002): Setting Var 's[None,single].investmentStage[2].representative
Period[2].commitmentPeriod[5].dispatchPeriod[1].storageChargeLevel[1000MW_4000
MWh_2-c]' to a numeric value `0` outside the bounds (800, 4000).
    See also https://pyomo.readthedocs.io/en/stable/errors.html#w1002
WARNING (W1002): Setting Var 's[None,single].investmentStage[2].representative
Period[2].commitmentPeriod[5].dispatchPeriod[1].storageChargeLevel[100MW_400MW
h_3-c]' to a numeric value `0` outside the bounds (80, 400).
    See also https://pyomo.readthedocs.io/en/stable/errors.html#w1002
WARNING (W1002): Setting Var 's[None,single].investmentStage[2].representative
Period[2].commitmentPeriod[5].dispatchPeriod[1].storageChargeLevel[100MW_800MW
h_3-c]' to a numeric value `0` outside the bounds (160, 800).
    See also https://pyomo.readthedocs.io/en/stable/errors.html#w1002
WARNING (W1002): Setting Var 's[None,single].investmentStage[2].representative
Period[2].commitmentPeriod[5].dispatchPeriod[1].storageChargeLevel[1000MW_2000
MWh_3-c]' to a numeric value `0` outside the bounds (400, 2000).
    See also https://pyomo.readthedocs.io/en/stable/errors.html#w1002
WARNING (W1002): Setting Var 's[None,single].investmentStage[2].representative
Period[2].commitmentPeriod[5].dispatchPeriod[1].storageChargeLevel[1000MW_4000
MWh_3-c]' to a numeric value `0` outside the bounds (800, 4000).
    See also https://pyomo.readthedocs.io/en/stable/errors.html#w1002
WARNING (W1002): Setting Var 's[None,single].investmentStage[2].representative
Period[2].commitmentPeriod[6].dispatchPeriod[1].storageChargeLevel[100MW_400MW
h_1]' to a numeric value `0` outside the bounds (80, 400).
    See also https://pyomo.readthedocs.io/en/stable/errors.html#w1002
WARNING (W1002): Setting Var 's[None,single].investmentStage[2].representative
Period[2].commitmentPeriod[6].dispatchPeriod[1].storageChargeLevel[100MW_800MW
h-1]' to a numeric value `0` outside the bounds (160, 800).
    See also https://pyomo.readthedocs.io/en/stable/errors.html#w1002
WARNING (W1002): Setting Var 's[None,single].investmentStage[2].representative
Period[2].commitmentPeriod[6].dispatchPeriod[1].storageChargeLevel[1000MW_2000
MWh_1-c]' to a numeric value `0` outside the bounds (400, 2000).
    See also https://pyomo.readthedocs.io/en/stable/errors.html#w1002
WARNING (W1002): Setting Var 's[None,single].investmentStage[2].representative
Period[2].commitmentPeriod[6].dispatchPeriod[1].storageChargeLevel[1000MW_4000
MWh_1-c]' to a numeric value `0` outside the bounds (800, 4000).
    See also https://pyomo.readthedocs.io/en/stable/errors.html#w1002
WARNING (W1002): Setting Var 's[None,single].investmentStage[2].representative
Period[2].commitmentPeriod[6].dispatchPeriod[1].storageChargeLevel[100MW_400MW
h_2-c]' to a numeric value `0` outside the bounds (80, 400).
    See also https://pyomo.readthedocs.io/en/stable/errors.html#w1002
WARNING (W1002): Setting Var 's[None,single].investmentStage[2].representative
Period[2].commitmentPeriod[6].dispatchPeriod[1].storageChargeLevel[100MW_800MW
h_2-c]' to a numeric value `0` outside the bounds (160, 800).
    See also https://pyomo.readthedocs.io/en/stable/errors.html#w1002
WARNING (W1002): Setting Var 's[None,single].investmentStage[2].representative
Period[2].commitmentPeriod[6].dispatchPeriod[1].storageChargeLevel[1000MW_2000
MWh_2-c]' to a numeric value `0` outside the bounds (400, 2000).
    See also https://pyomo.readthedocs.io/en/stable/errors.html#w1002
WARNING (W1002): Setting Var 's[None,single].investmentStage[2].representative
Period[2].commitmentPeriod[6].dispatchPeriod[1].storageChargeLevel[1000MW_4000
MWh_2-c]' to a numeric value `0` outside the bounds (800, 4000).
    See also https://pyomo.readthedocs.io/en/stable/errors.html#w1002
WARNING (W1002): Setting Var 's[None,single].investmentStage[2].representative
Period[2].commitmentPeriod[6].dispatchPeriod[1].storageChargeLevel[100MW_400MW
h_3-c]' to a numeric value `0` outside the bounds (80, 400).
    See also https://pyomo.readthedocs.io/en/stable/errors.html#w1002
WARNING (W1002): Setting Var 's[None,single].investmentStage[2].representative
Period[2].commitmentPeriod[6].dispatchPeriod[1].storageChargeLevel[100MW_800MW
h_3-c]' to a numeric value `0` outside the bounds (160, 800).
    See also https://pyomo.readthedocs.io/en/stable/errors.html#w1002
WARNING (W1002): Setting Var 's[None,single].investmentStage[2].representative
Period[2].commitmentPeriod[6].dispatchPeriod[1].storageChargeLevel[1000MW_2000
MWh_3-c]' to a numeric value `0` outside the bounds (400, 2000).
    See also https://pyomo.readthedocs.io/en/stable/errors.html#w1002
WARNING (W1002): Setting Var 's[None,single].investmentStage[2].representative
Period[2].commitmentPeriod[6].dispatchPeriod[1].storageChargeLevel[1000MW_4000
MWh_3-c]' to a numeric value `0` outside the bounds (800, 4000).
    See also https://pyomo.readthedocs.io/en/stable/errors.html#w1002
WARNING (W1002): Setting Var 's[None,single].investmentStage[2].representative
Period[2].commitmentPeriod[7].dispatchPeriod[1].storageChargeLevel[100MW_400MW
h_1]' to a numeric value `0` outside the bounds (80, 400).
    See also https://pyomo.readthedocs.io/en/stable/errors.html#w1002
WARNING (W1002): Setting Var 's[None,single].investmentStage[2].representative
Period[2].commitmentPeriod[7].dispatchPeriod[1].storageChargeLevel[100MW_800MW
h-1]' to a numeric value `0` outside the bounds (160, 800).
    See also https://pyomo.readthedocs.io/en/stable/errors.html#w1002
WARNING (W1002): Setting Var 's[None,single].investmentStage[2].representative
Period[2].commitmentPeriod[7].dispatchPeriod[1].storageChargeLevel[1000MW_2000
MWh_1-c]' to a numeric value `0` outside the bounds (400, 2000).
    See also https://pyomo.readthedocs.io/en/stable/errors.html#w1002
WARNING (W1002): Setting Var 's[None,single].investmentStage[2].representative
Period[2].commitmentPeriod[7].dispatchPeriod[1].storageChargeLevel[1000MW_4000
MWh_1-c]' to a numeric value `0` outside the bounds (800, 4000).
    See also https://pyomo.readthedocs.io/en/stable/errors.html#w1002
WARNING (W1002): Setting Var 's[None,single].investmentStage[2].representative
Period[2].commitmentPeriod[7].dispatchPeriod[1].storageChargeLevel[100MW_400MW
h_2-c]' to a numeric value `0` outside the bounds (80, 400).
    See also https://pyomo.readthedocs.io/en/stable/errors.html#w1002
WARNING (W1002): Setting Var 's[None,single].investmentStage[2].representative
Period[2].commitmentPeriod[7].dispatchPeriod[1].storageChargeLevel[100MW_800MW
h_2-c]' to a numeric value `0` outside the bounds (160, 800).
    See also https://pyomo.readthedocs.io/en/stable/errors.html#w1002
WARNING (W1002): Setting Var 's[None,single].investmentStage[2].representative
Period[2].commitmentPeriod[7].dispatchPeriod[1].storageChargeLevel[1000MW_2000
MWh_2-c]' to a numeric value `0` outside the bounds (400, 2000).
    See also https://pyomo.readthedocs.io/en/stable/errors.html#w1002
WARNING (W1002): Setting Var 's[None,single].investmentStage[2].representative
Period[2].commitmentPeriod[7].dispatchPeriod[1].storageChargeLevel[1000MW_4000
MWh_2-c]' to a numeric value `0` outside the bounds (800, 4000).
    See also https://pyomo.readthedocs.io/en/stable/errors.html#w1002
WARNING (W1002): Setting Var 's[None,single].investmentStage[2].representative
Period[2].commitmentPeriod[7].dispatchPeriod[1].storageChargeLevel[100MW_400MW
h_3-c]' to a numeric value `0` outside the bounds (80, 400).
    See also https://pyomo.readthedocs.io/en/stable/errors.html#w1002
WARNING (W1002): Setting Var 's[None,single].investmentStage[2].representative
Period[2].commitmentPeriod[7].dispatchPeriod[1].storageChargeLevel[100MW_800MW
h_3-c]' to a numeric value `0` outside the bounds (160, 800).
    See also https://pyomo.readthedocs.io/en/stable/errors.html#w1002
WARNING (W1002): Setting Var 's[None,single].investmentStage[2].representative
Period[2].commitmentPeriod[7].dispatchPeriod[1].storageChargeLevel[1000MW_2000
MWh_3-c]' to a numeric value `0` outside the bounds (400, 2000).
    See also https://pyomo.readthedocs.io/en/stable/errors.html#w1002
WARNING (W1002): Setting Var 's[None,single].investmentStage[2].representative
Period[2].commitmentPeriod[7].dispatchPeriod[1].storageChargeLevel[1000MW_4000
MWh_3-c]' to a numeric value `0` outside the bounds (800, 4000).
    See also https://pyomo.readthedocs.io/en/stable/errors.html#w1002
WARNING (W1002): Setting Var 's[None,single].investmentStage[2].representative
Period[2].commitmentPeriod[8].dispatchPeriod[1].storageChargeLevel[100MW_400MW
h_1]' to a numeric value `0` outside the bounds (80, 400).
    See also https://pyomo.readthedocs.io/en/stable/errors.html#w1002
WARNING (W1002): Setting Var 's[None,single].investmentStage[2].representative
Period[2].commitmentPeriod[8].dispatchPeriod[1].storageChargeLevel[100MW_800MW
h-1]' to a numeric value `0` outside the bounds (160, 800).
    See also https://pyomo.readthedocs.io/en/stable/errors.html#w1002
WARNING (W1002): Setting Var 's[None,single].investmentStage[2].representative
Period[2].commitmentPeriod[8].dispatchPeriod[1].storageChargeLevel[1000MW_2000
MWh_1-c]' to a numeric value `0` outside the bounds (400, 2000).
    See also https://pyomo.readthedocs.io/en/stable/errors.html#w1002
WARNING (W1002): Setting Var 's[None,single].investmentStage[2].representative
Period[2].commitmentPeriod[8].dispatchPeriod[1].storageChargeLevel[1000MW_4000
MWh_1-c]' to a numeric value `0` outside the bounds (800, 4000).
    See also https://pyomo.readthedocs.io/en/stable/errors.html#w1002
WARNING (W1002): Setting Var 's[None,single].investmentStage[2].representative
Period[2].commitmentPeriod[8].dispatchPeriod[1].storageChargeLevel[100MW_400MW
h_2-c]' to a numeric value `0` outside the bounds (80, 400).
    See also https://pyomo.readthedocs.io/en/stable/errors.html#w1002
WARNING (W1002): Setting Var 's[None,single].investmentStage[2].representative
Period[2].commitmentPeriod[8].dispatchPeriod[1].storageChargeLevel[100MW_800MW
h_2-c]' to a numeric value `0` outside the bounds (160, 800).
    See also https://pyomo.readthedocs.io/en/stable/errors.html#w1002
WARNING (W1002): Setting Var 's[None,single].investmentStage[2].representative
Period[2].commitmentPeriod[8].dispatchPeriod[1].storageChargeLevel[1000MW_2000
MWh_2-c]' to a numeric value `0` outside the bounds (400, 2000).
    See also https://pyomo.readthedocs.io/en/stable/errors.html#w1002
WARNING (W1002): Setting Var 's[None,single].investmentStage[2].representative
Period[2].commitmentPeriod[8].dispatchPeriod[1].storageChargeLevel[1000MW_4000
MWh_2-c]' to a numeric value `0` outside the bounds (800, 4000).
    See also https://pyomo.readthedocs.io/en/stable/errors.html#w1002
WARNING (W1002): Setting Var 's[None,single].investmentStage[2].representative
Period[2].commitmentPeriod[8].dispatchPeriod[1].storageChargeLevel[100MW_400MW
h_3-c]' to a numeric value `0` outside the bounds (80, 400).
    See also https://pyomo.readthedocs.io/en/stable/errors.html#w1002
WARNING (W1002): Setting Var 's[None,single].investmentStage[2].representative
Period[2].commitmentPeriod[8].dispatchPeriod[1].storageChargeLevel[100MW_800MW
h_3-c]' to a numeric value `0` outside the bounds (160, 800).
    See also https://pyomo.readthedocs.io/en/stable/errors.html#w1002
WARNING (W1002): Setting Var 's[None,single].investmentStage[2].representative
Period[2].commitmentPeriod[8].dispatchPeriod[1].storageChargeLevel[1000MW_2000
MWh_3-c]' to a numeric value `0` outside the bounds (400, 2000).
    See also https://pyomo.readthedocs.io/en/stable/errors.html#w1002
WARNING (W1002): Setting Var 's[None,single].investmentStage[2].representative
Period[2].commitmentPeriod[8].dispatchPeriod[1].storageChargeLevel[1000MW_4000
MWh_3-c]' to a numeric value `0` outside the bounds (800, 4000).
    See also https://pyomo.readthedocs.io/en/stable/errors.html#w1002
WARNING (W1002): Setting Var 's[None,single].investmentStage[2].representative
Period[2].commitmentPeriod[9].dispatchPeriod[1].storageChargeLevel[100MW_400MW
h_1]' to a numeric value `0` outside the bounds (80, 400).
    See also https://pyomo.readthedocs.io/en/stable/errors.html#w1002
WARNING (W1002): Setting Var 's[None,single].investmentStage[2].representative
Period[2].commitmentPeriod[9].dispatchPeriod[1].storageChargeLevel[100MW_800MW
h-1]' to a numeric value `0` outside the bounds (160, 800).
    See also https://pyomo.readthedocs.io/en/stable/errors.html#w1002
WARNING (W1002): Setting Var 's[None,single].investmentStage[2].representative
Period[2].commitmentPeriod[9].dispatchPeriod[1].storageChargeLevel[1000MW_2000
MWh_1-c]' to a numeric value `0` outside the bounds (400, 2000).
    See also https://pyomo.readthedocs.io/en/stable/errors.html#w1002
WARNING (W1002): Setting Var 's[None,single].investmentStage[2].representative
Period[2].commitmentPeriod[9].dispatchPeriod[1].storageChargeLevel[1000MW_4000
MWh_1-c]' to a numeric value `0` outside the bounds (800, 4000).
    See also https://pyomo.readthedocs.io/en/stable/errors.html#w1002
WARNING (W1002): Setting Var 's[None,single].investmentStage[2].representative
Period[2].commitmentPeriod[9].dispatchPeriod[1].storageChargeLevel[100MW_400MW
h_2-c]' to a numeric value `0` outside the bounds (80, 400).
    See also https://pyomo.readthedocs.io/en/stable/errors.html#w1002
WARNING (W1002): Setting Var 's[None,single].investmentStage[2].representative
Period[2].commitmentPeriod[9].dispatchPeriod[1].storageChargeLevel[100MW_800MW
h_2-c]' to a numeric value `0` outside the bounds (160, 800).
    See also https://pyomo.readthedocs.io/en/stable/errors.html#w1002
WARNING (W1002): Setting Var 's[None,single].investmentStage[2].representative
Period[2].commitmentPeriod[9].dispatchPeriod[1].storageChargeLevel[1000MW_2000
MWh_2-c]' to a numeric value `0` outside the bounds (400, 2000).
    See also https://pyomo.readthedocs.io/en/stable/errors.html#w1002
WARNING (W1002): Setting Var 's[None,single].investmentStage[2].representative
Period[2].commitmentPeriod[9].dispatchPeriod[1].storageChargeLevel[1000MW_4000
MWh_2-c]' to a numeric value `0` outside the bounds (800, 4000).
    See also https://pyomo.readthedocs.io/en/stable/errors.html#w1002
WARNING (W1002): Setting Var 's[None,single].investmentStage[2].representative
Period[2].commitmentPeriod[9].dispatchPeriod[1].storageChargeLevel[100MW_400MW
h_3-c]' to a numeric value `0` outside the bounds (80, 400).
    See also https://pyomo.readthedocs.io/en/stable/errors.html#w1002
WARNING (W1002): Setting Var 's[None,single].investmentStage[2].representative
Period[2].commitmentPeriod[9].dispatchPeriod[1].storageChargeLevel[100MW_800MW
h_3-c]' to a numeric value `0` outside the bounds (160, 800).
    See also https://pyomo.readthedocs.io/en/stable/errors.html#w1002
WARNING (W1002): Setting Var 's[None,single].investmentStage[2].representative
Period[2].commitmentPeriod[9].dispatchPeriod[1].storageChargeLevel[1000MW_2000
MWh_3-c]' to a numeric value `0` outside the bounds (400, 2000).
    See also https://pyomo.readthedocs.io/en/stable/errors.html#w1002
WARNING (W1002): Setting Var 's[None,single].investmentStage[2].representative
Period[2].commitmentPeriod[9].dispatchPeriod[1].storageChargeLevel[1000MW_4000
MWh_3-c]' to a numeric value `0` outside the bounds (800, 4000).
    See also https://pyomo.readthedocs.io/en/stable/errors.html#w1002
WARNING (W1002): Setting Var 's[None,single].investmentStage[2].representative
Period[2].commitmentPeriod[10].dispatchPeriod[1].storageChargeLevel[100MW_400M
Wh_1]' to a numeric value `0` outside the bounds (80, 400).
    See also https://pyomo.readthedocs.io/en/stable/errors.html#w1002
WARNING (W1002): Setting Var 's[None,single].investmentStage[2].representative
Period[2].commitmentPeriod[10].dispatchPeriod[1].storageChargeLevel[100MW_800M
Wh-1]' to a numeric value `0` outside the bounds (160, 800).
    See also https://pyomo.readthedocs.io/en/stable/errors.html#w1002
WARNING (W1002): Setting Var 's[None,single].investmentStage[2].representative
Period[2].commitmentPeriod[10].dispatchPeriod[1].storageChargeLevel[1000MW_200
0MWh_1-c]' to a numeric value `0` outside the bounds (400, 2000).
    See also https://pyomo.readthedocs.io/en/stable/errors.html#w1002
WARNING (W1002): Setting Var 's[None,single].investmentStage[2].representative
Period[2].commitmentPeriod[10].dispatchPeriod[1].storageChargeLevel[1000MW_400
0MWh_1-c]' to a numeric value `0` outside the bounds (800, 4000).
    See also https://pyomo.readthedocs.io/en/stable/errors.html#w1002
WARNING (W1002): Setting Var 's[None,single].investmentStage[2].representative
Period[2].commitmentPeriod[10].dispatchPeriod[1].storageChargeLevel[100MW_400M
Wh_2-c]' to a numeric value `0` outside the bounds (80, 400).
    See also https://pyomo.readthedocs.io/en/stable/errors.html#w1002
WARNING (W1002): Setting Var 's[None,single].investmentStage[2].representative
Period[2].commitmentPeriod[10].dispatchPeriod[1].storageChargeLevel[100MW_800M
Wh_2-c]' to a numeric value `0` outside the bounds (160, 800).
    See also https://pyomo.readthedocs.io/en/stable/errors.html#w1002
WARNING (W1002): Setting Var 's[None,single].investmentStage[2].representative
Period[2].commitmentPeriod[10].dispatchPeriod[1].storageChargeLevel[1000MW_200
0MWh_2-c]' to a numeric value `0` outside the bounds (400, 2000).
    See also https://pyomo.readthedocs.io/en/stable/errors.html#w1002
WARNING (W1002): Setting Var 's[None,single].investmentStage[2].representative
Period[2].commitmentPeriod[10].dispatchPeriod[1].storageChargeLevel[1000MW_400
0MWh_2-c]' to a numeric value `0` outside the bounds (800, 4000).
    See also https://pyomo.readthedocs.io/en/stable/errors.html#w1002
WARNING (W1002): Setting Var 's[None,single].investmentStage[2].representative
Period[2].commitmentPeriod[10].dispatchPeriod[1].storageChargeLevel[100MW_400M
Wh_3-c]' to a numeric value `0` outside the bounds (80, 400).
    See also https://pyomo.readthedocs.io/en/stable/errors.html#w1002
WARNING (W1002): Setting Var 's[None,single].investmentStage[2].representative
Period[2].commitmentPeriod[10].dispatchPeriod[1].storageChargeLevel[100MW_800M
Wh_3-c]' to a numeric value `0` outside the bounds (160, 800).
    See also https://pyomo.readthedocs.io/en/stable/errors.html#w1002
WARNING (W1002): Setting Var 's[None,single].investmentStage[2].representative
Period[2].commitmentPeriod[10].dispatchPeriod[1].storageChargeLevel[1000MW_200
0MWh_3-c]' to a numeric value `0` outside the bounds (400, 2000).
    See also https://pyomo.readthedocs.io/en/stable/errors.html#w1002
WARNING (W1002): Setting Var 's[None,single].investmentStage[2].representative
Period[2].commitmentPeriod[10].dispatchPeriod[1].storageChargeLevel[1000MW_400
0MWh_3-c]' to a numeric value `0` outside the bounds (800, 4000).
    See also https://pyomo.readthedocs.io/en/stable/errors.html#w1002
WARNING (W1002): Setting Var 's[None,single].investmentStage[2].representative
Period[2].commitmentPeriod[11].dispatchPeriod[1].storageChargeLevel[100MW_400M
Wh_1]' to a numeric value `0` outside the bounds (80, 400).
    See also https://pyomo.readthedocs.io/en/stable/errors.html#w1002
WARNING (W1002): Setting Var 's[None,single].investmentStage[2].representative
Period[2].commitmentPeriod[11].dispatchPeriod[1].storageChargeLevel[100MW_800M
Wh-1]' to a numeric value `0` outside the bounds (160, 800).
    See also https://pyomo.readthedocs.io/en/stable/errors.html#w1002
WARNING (W1002): Setting Var 's[None,single].investmentStage[2].representative
Period[2].commitmentPeriod[11].dispatchPeriod[1].storageChargeLevel[1000MW_200
0MWh_1-c]' to a numeric value `0` outside the bounds (400, 2000).
    See also https://pyomo.readthedocs.io/en/stable/errors.html#w1002
WARNING (W1002): Setting Var 's[None,single].investmentStage[2].representative
Period[2].commitmentPeriod[11].dispatchPeriod[1].storageChargeLevel[1000MW_400
0MWh_1-c]' to a numeric value `0` outside the bounds (800, 4000).
    See also https://pyomo.readthedocs.io/en/stable/errors.html#w1002
WARNING (W1002): Setting Var 's[None,single].investmentStage[2].representative
Period[2].commitmentPeriod[11].dispatchPeriod[1].storageChargeLevel[100MW_400M
Wh_2-c]' to a numeric value `0` outside the bounds (80, 400).
    See also https://pyomo.readthedocs.io/en/stable/errors.html#w1002
WARNING (W1002): Setting Var 's[None,single].investmentStage[2].representative
Period[2].commitmentPeriod[11].dispatchPeriod[1].storageChargeLevel[100MW_800M
Wh_2-c]' to a numeric value `0` outside the bounds (160, 800).
    See also https://pyomo.readthedocs.io/en/stable/errors.html#w1002
WARNING (W1002): Setting Var 's[None,single].investmentStage[2].representative
Period[2].commitmentPeriod[11].dispatchPeriod[1].storageChargeLevel[1000MW_200
0MWh_2-c]' to a numeric value `0` outside the bounds (400, 2000).
    See also https://pyomo.readthedocs.io/en/stable/errors.html#w1002
WARNING (W1002): Setting Var 's[None,single].investmentStage[2].representative
Period[2].commitmentPeriod[11].dispatchPeriod[1].storageChargeLevel[1000MW_400
0MWh_2-c]' to a numeric value `0` outside the bounds (800, 4000).
    See also https://pyomo.readthedocs.io/en/stable/errors.html#w1002
WARNING (W1002): Setting Var 's[None,single].investmentStage[2].representative
Period[2].commitmentPeriod[11].dispatchPeriod[1].storageChargeLevel[100MW_400M
Wh_3-c]' to a numeric value `0` outside the bounds (80, 400).
    See also https://pyomo.readthedocs.io/en/stable/errors.html#w1002
WARNING (W1002): Setting Var 's[None,single].investmentStage[2].representative
Period[2].commitmentPeriod[11].dispatchPeriod[1].storageChargeLevel[100MW_800M
Wh_3-c]' to a numeric value `0` outside the bounds (160, 800).
    See also https://pyomo.readthedocs.io/en/stable/errors.html#w1002
WARNING (W1002): Setting Var 's[None,single].investmentStage[2].representative
Period[2].commitmentPeriod[11].dispatchPeriod[1].storageChargeLevel[1000MW_200
0MWh_3-c]' to a numeric value `0` outside the bounds (400, 2000).
    See also https://pyomo.readthedocs.io/en/stable/errors.html#w1002
WARNING (W1002): Setting Var 's[None,single].investmentStage[2].representative
Period[2].commitmentPeriod[11].dispatchPeriod[1].storageChargeLevel[1000MW_400
0MWh_3-c]' to a numeric value `0` outside the bounds (800, 4000).
    See also https://pyomo.readthedocs.io/en/stable/errors.html#w1002
WARNING (W1002): Setting Var 's[None,single].investmentStage[2].representative
Period[2].commitmentPeriod[12].dispatchPeriod[1].storageChargeLevel[100MW_400M
Wh_1]' to a numeric value `0` outside the bounds (80, 400).
    See also https://pyomo.readthedocs.io/en/stable/errors.html#w1002
WARNING (W1002): Setting Var 's[None,single].investmentStage[2].representative
Period[2].commitmentPeriod[12].dispatchPeriod[1].storageChargeLevel[100MW_800M
Wh-1]' to a numeric value `0` outside the bounds (160, 800).
    See also https://pyomo.readthedocs.io/en/stable/errors.html#w1002
WARNING (W1002): Setting Var 's[None,single].investmentStage[2].representative
Period[2].commitmentPeriod[12].dispatchPeriod[1].storageChargeLevel[1000MW_200
0MWh_1-c]' to a numeric value `0` outside the bounds (400, 2000).
    See also https://pyomo.readthedocs.io/en/stable/errors.html#w1002
WARNING (W1002): Setting Var 's[None,single].investmentStage[2].representative
Period[2].commitmentPeriod[12].dispatchPeriod[1].storageChargeLevel[1000MW_400
0MWh_1-c]' to a numeric value `0` outside the bounds (800, 4000).
    See also https://pyomo.readthedocs.io/en/stable/errors.html#w1002
WARNING (W1002): Setting Var 's[None,single].investmentStage[2].representative
Period[2].commitmentPeriod[12].dispatchPeriod[1].storageChargeLevel[100MW_400M
Wh_2-c]' to a numeric value `0` outside the bounds (80, 400).
    See also https://pyomo.readthedocs.io/en/stable/errors.html#w1002
WARNING (W1002): Setting Var 's[None,single].investmentStage[2].representative
Period[2].commitmentPeriod[12].dispatchPeriod[1].storageChargeLevel[100MW_800M
Wh_2-c]' to a numeric value `0` outside the bounds (160, 800).
    See also https://pyomo.readthedocs.io/en/stable/errors.html#w1002
WARNING (W1002): Setting Var 's[None,single].investmentStage[2].representative
Period[2].commitmentPeriod[12].dispatchPeriod[1].storageChargeLevel[1000MW_200
0MWh_2-c]' to a numeric value `0` outside the bounds (400, 2000).
    See also https://pyomo.readthedocs.io/en/stable/errors.html#w1002
WARNING (W1002): Setting Var 's[None,single].investmentStage[2].representative
Period[2].commitmentPeriod[12].dispatchPeriod[1].storageChargeLevel[1000MW_400
0MWh_2-c]' to a numeric value `0` outside the bounds (800, 4000).
    See also https://pyomo.readthedocs.io/en/stable/errors.html#w1002
WARNING (W1002): Setting Var 's[None,single].investmentStage[2].representative
Period[2].commitmentPeriod[12].dispatchPeriod[1].storageChargeLevel[100MW_400M
Wh_3-c]' to a numeric value `0` outside the bounds (80, 400).
    See also https://pyomo.readthedocs.io/en/stable/errors.html#w1002
WARNING (W1002): Setting Var 's[None,single].investmentStage[2].representative
Period[2].commitmentPeriod[12].dispatchPeriod[1].storageChargeLevel[100MW_800M
Wh_3-c]' to a numeric value `0` outside the bounds (160, 800).
    See also https://pyomo.readthedocs.io/en/stable/errors.html#w1002
WARNING (W1002): Setting Var 's[None,single].investmentStage[2].representative
Period[2].commitmentPeriod[12].dispatchPeriod[1].storageChargeLevel[1000MW_200
0MWh_3-c]' to a numeric value `0` outside the bounds (400, 2000).
    See also https://pyomo.readthedocs.io/en/stable/errors.html#w1002
WARNING (W1002): Setting Var 's[None,single].investmentStage[2].representative
Period[2].commitmentPeriod[12].dispatchPeriod[1].storageChargeLevel[1000MW_400
0MWh_3-c]' to a numeric value `0` outside the bounds (800, 4000).
    See also https://pyomo.readthedocs.io/en/stable/errors.html#w1002
WARNING (W1002): Setting Var 's[None,single].investmentStage[2].representative
Period[2].commitmentPeriod[13].dispatchPeriod[1].storageChargeLevel[100MW_400M
Wh_1]' to a numeric value `0` outside the bounds (80, 400).
    See also https://pyomo.readthedocs.io/en/stable/errors.html#w1002
WARNING (W1002): Setting Var 's[None,single].investmentStage[2].representative
Period[2].commitmentPeriod[13].dispatchPeriod[1].storageChargeLevel[100MW_800M
Wh-1]' to a numeric value `0` outside the bounds (160, 800).
    See also https://pyomo.readthedocs.io/en/stable/errors.html#w1002
WARNING (W1002): Setting Var 's[None,single].investmentStage[2].representative
Period[2].commitmentPeriod[13].dispatchPeriod[1].storageChargeLevel[1000MW_200
0MWh_1-c]' to a numeric value `0` outside the bounds (400, 2000).
    See also https://pyomo.readthedocs.io/en/stable/errors.html#w1002
WARNING (W1002): Setting Var 's[None,single].investmentStage[2].representative
Period[2].commitmentPeriod[13].dispatchPeriod[1].storageChargeLevel[1000MW_400
0MWh_1-c]' to a numeric value `0` outside the bounds (800, 4000).
    See also https://pyomo.readthedocs.io/en/stable/errors.html#w1002
WARNING (W1002): Setting Var 's[None,single].investmentStage[2].representative
Period[2].commitmentPeriod[13].dispatchPeriod[1].storageChargeLevel[100MW_400M
Wh_2-c]' to a numeric value `0` outside the bounds (80, 400).
    See also https://pyomo.readthedocs.io/en/stable/errors.html#w1002
WARNING (W1002): Setting Var 's[None,single].investmentStage[2].representative
Period[2].commitmentPeriod[13].dispatchPeriod[1].storageChargeLevel[100MW_800M
Wh_2-c]' to a numeric value `0` outside the bounds (160, 800).
    See also https://pyomo.readthedocs.io/en/stable/errors.html#w1002
WARNING (W1002): Setting Var 's[None,single].investmentStage[2].representative
Period[2].commitmentPeriod[13].dispatchPeriod[1].storageChargeLevel[1000MW_200
0MWh_2-c]' to a numeric value `0` outside the bounds (400, 2000).
    See also https://pyomo.readthedocs.io/en/stable/errors.html#w1002
WARNING (W1002): Setting Var 's[None,single].investmentStage[2].representative
Period[2].commitmentPeriod[13].dispatchPeriod[1].storageChargeLevel[1000MW_400
0MWh_2-c]' to a numeric value `0` outside the bounds (800, 4000).
    See also https://pyomo.readthedocs.io/en/stable/errors.html#w1002
WARNING (W1002): Setting Var 's[None,single].investmentStage[2].representative
Period[2].commitmentPeriod[13].dispatchPeriod[1].storageChargeLevel[100MW_400M
Wh_3-c]' to a numeric value `0` outside the bounds (80, 400).
    See also https://pyomo.readthedocs.io/en/stable/errors.html#w1002
WARNING (W1002): Setting Var 's[None,single].investmentStage[2].representative
Period[2].commitmentPeriod[13].dispatchPeriod[1].storageChargeLevel[100MW_800M
Wh_3-c]' to a numeric value `0` outside the bounds (160, 800).
    See also https://pyomo.readthedocs.io/en/stable/errors.html#w1002
WARNING (W1002): Setting Var 's[None,single].investmentStage[2].representative
Period[2].commitmentPeriod[13].dispatchPeriod[1].storageChargeLevel[1000MW_200
0MWh_3-c]' to a numeric value `0` outside the bounds (400, 2000).
    See also https://pyomo.readthedocs.io/en/stable/errors.html#w1002
WARNING (W1002): Setting Var 's[None,single].investmentStage[2].representative
Period[2].commitmentPeriod[13].dispatchPeriod[1].storageChargeLevel[1000MW_400
0MWh_3-c]' to a numeric value `0` outside the bounds (800, 4000).
    See also https://pyomo.readthedocs.io/en/stable/errors.html#w1002
WARNING (W1002): Setting Var 's[None,single].investmentStage[2].representative
Period[2].commitmentPeriod[14].dispatchPeriod[1].storageChargeLevel[100MW_400M
Wh_1]' to a numeric value `0` outside the bounds (80, 400).
    See also https://pyomo.readthedocs.io/en/stable/errors.html#w1002
WARNING (W1002): Setting Var 's[None,single].investmentStage[2].representative
Period[2].commitmentPeriod[14].dispatchPeriod[1].storageChargeLevel[100MW_800M
Wh-1]' to a numeric value `0` outside the bounds (160, 800).
    See also https://pyomo.readthedocs.io/en/stable/errors.html#w1002
WARNING (W1002): Setting Var 's[None,single].investmentStage[2].representative
Period[2].commitmentPeriod[14].dispatchPeriod[1].storageChargeLevel[1000MW_200
0MWh_1-c]' to a numeric value `0` outside the bounds (400, 2000).
    See also https://pyomo.readthedocs.io/en/stable/errors.html#w1002
WARNING (W1002): Setting Var 's[None,single].investmentStage[2].representative
Period[2].commitmentPeriod[14].dispatchPeriod[1].storageChargeLevel[1000MW_400
0MWh_1-c]' to a numeric value `0` outside the bounds (800, 4000).
    See also https://pyomo.readthedocs.io/en/stable/errors.html#w1002
WARNING (W1002): Setting Var 's[None,single].investmentStage[2].representative
Period[2].commitmentPeriod[14].dispatchPeriod[1].storageChargeLevel[100MW_400M
Wh_2-c]' to a numeric value `0` outside the bounds (80, 400).
    See also https://pyomo.readthedocs.io/en/stable/errors.html#w1002
WARNING (W1002): Setting Var 's[None,single].investmentStage[2].representative
Period[2].commitmentPeriod[14].dispatchPeriod[1].storageChargeLevel[100MW_800M
Wh_2-c]' to a numeric value `0` outside the bounds (160, 800).
    See also https://pyomo.readthedocs.io/en/stable/errors.html#w1002
WARNING (W1002): Setting Var 's[None,single].investmentStage[2].representative
Period[2].commitmentPeriod[14].dispatchPeriod[1].storageChargeLevel[1000MW_200
0MWh_2-c]' to a numeric value `0` outside the bounds (400, 2000).
    See also https://pyomo.readthedocs.io/en/stable/errors.html#w1002
WARNING (W1002): Setting Var 's[None,single].investmentStage[2].representative
Period[2].commitmentPeriod[14].dispatchPeriod[1].storageChargeLevel[1000MW_400
0MWh_2-c]' to a numeric value `0` outside the bounds (800, 4000).
    See also https://pyomo.readthedocs.io/en/stable/errors.html#w1002
WARNING (W1002): Setting Var 's[None,single].investmentStage[2].representative
Period[2].commitmentPeriod[14].dispatchPeriod[1].storageChargeLevel[100MW_400M
Wh_3-c]' to a numeric value `0` outside the bounds (80, 400).
    See also https://pyomo.readthedocs.io/en/stable/errors.html#w1002
WARNING (W1002): Setting Var 's[None,single].investmentStage[2].representative
Period[2].commitmentPeriod[14].dispatchPeriod[1].storageChargeLevel[100MW_800M
Wh_3-c]' to a numeric value `0` outside the bounds (160, 800).
    See also https://pyomo.readthedocs.io/en/stable/errors.html#w1002
WARNING (W1002): Setting Var 's[None,single].investmentStage[2].representative
Period[2].commitmentPeriod[14].dispatchPeriod[1].storageChargeLevel[1000MW_200
0MWh_3-c]' to a numeric value `0` outside the bounds (400, 2000).
    See also https://pyomo.readthedocs.io/en/stable/errors.html#w1002
WARNING (W1002): Setting Var 's[None,single].investmentStage[2].representative
Period[2].commitmentPeriod[14].dispatchPeriod[1].storageChargeLevel[1000MW_400
0MWh_3-c]' to a numeric value `0` outside the bounds (800, 4000).
    See also https://pyomo.readthedocs.io/en/stable/errors.html#w1002
WARNING (W1002): Setting Var 's[None,single].investmentStage[2].representative
Period[2].commitmentPeriod[15].dispatchPeriod[1].storageChargeLevel[100MW_400M
Wh_1]' to a numeric value `0` outside the bounds (80, 400).
    See also https://pyomo.readthedocs.io/en/stable/errors.html#w1002
WARNING (W1002): Setting Var 's[None,single].investmentStage[2].representative
Period[2].commitmentPeriod[15].dispatchPeriod[1].storageChargeLevel[100MW_800M
Wh-1]' to a numeric value `0` outside the bounds (160, 800).
    See also https://pyomo.readthedocs.io/en/stable/errors.html#w1002
WARNING (W1002): Setting Var 's[None,single].investmentStage[2].representative
Period[2].commitmentPeriod[15].dispatchPeriod[1].storageChargeLevel[1000MW_200
0MWh_1-c]' to a numeric value `0` outside the bounds (400, 2000).
    See also https://pyomo.readthedocs.io/en/stable/errors.html#w1002
WARNING (W1002): Setting Var 's[None,single].investmentStage[2].representative
Period[2].commitmentPeriod[15].dispatchPeriod[1].storageChargeLevel[1000MW_400
0MWh_1-c]' to a numeric value `0` outside the bounds (800, 4000).
    See also https://pyomo.readthedocs.io/en/stable/errors.html#w1002
WARNING (W1002): Setting Var 's[None,single].investmentStage[2].representative
Period[2].commitmentPeriod[15].dispatchPeriod[1].storageChargeLevel[100MW_400M
Wh_2-c]' to a numeric value `0` outside the bounds (80, 400).
    See also https://pyomo.readthedocs.io/en/stable/errors.html#w1002
WARNING (W1002): Setting Var 's[None,single].investmentStage[2].representative
Period[2].commitmentPeriod[15].dispatchPeriod[1].storageChargeLevel[100MW_800M
Wh_2-c]' to a numeric value `0` outside the bounds (160, 800).
    See also https://pyomo.readthedocs.io/en/stable/errors.html#w1002
WARNING (W1002): Setting Var 's[None,single].investmentStage[2].representative
Period[2].commitmentPeriod[15].dispatchPeriod[1].storageChargeLevel[1000MW_200
0MWh_2-c]' to a numeric value `0` outside the bounds (400, 2000).
    See also https://pyomo.readthedocs.io/en/stable/errors.html#w1002
WARNING (W1002): Setting Var 's[None,single].investmentStage[2].representative
Period[2].commitmentPeriod[15].dispatchPeriod[1].storageChargeLevel[1000MW_400
0MWh_2-c]' to a numeric value `0` outside the bounds (800, 4000).
    See also https://pyomo.readthedocs.io/en/stable/errors.html#w1002
WARNING (W1002): Setting Var 's[None,single].investmentStage[2].representative
Period[2].commitmentPeriod[15].dispatchPeriod[1].storageChargeLevel[100MW_400M
Wh_3-c]' to a numeric value `0` outside the bounds (80, 400).
    See also https://pyomo.readthedocs.io/en/stable/errors.html#w1002
WARNING (W1002): Setting Var 's[None,single].investmentStage[2].representative
Period[2].commitmentPeriod[15].dispatchPeriod[1].storageChargeLevel[100MW_800M
Wh_3-c]' to a numeric value `0` outside the bounds (160, 800).
    See also https://pyomo.readthedocs.io/en/stable/errors.html#w1002
WARNING (W1002): Setting Var 's[None,single].investmentStage[2].representative
Period[2].commitmentPeriod[15].dispatchPeriod[1].storageChargeLevel[1000MW_200
0MWh_3-c]' to a numeric value `0` outside the bounds (400, 2000).
    See also https://pyomo.readthedocs.io/en/stable/errors.html#w1002
WARNING (W1002): Setting Var 's[None,single].investmentStage[2].representative
Period[2].commitmentPeriod[15].dispatchPeriod[1].storageChargeLevel[1000MW_400
0MWh_3-c]' to a numeric value `0` outside the bounds (800, 4000).
    See also https://pyomo.readthedocs.io/en/stable/errors.html#w1002
WARNING (W1002): Setting Var 's[None,single].investmentStage[2].representative
Period[2].commitmentPeriod[16].dispatchPeriod[1].storageChargeLevel[100MW_400M
Wh_1]' to a numeric value `0` outside the bounds (80, 400).
    See also https://pyomo.readthedocs.io/en/stable/errors.html#w1002
WARNING (W1002): Setting Var 's[None,single].investmentStage[2].representative
Period[2].commitmentPeriod[16].dispatchPeriod[1].storageChargeLevel[100MW_800M
Wh-1]' to a numeric value `0` outside the bounds (160, 800).
    See also https://pyomo.readthedocs.io/en/stable/errors.html#w1002
WARNING (W1002): Setting Var 's[None,single].investmentStage[2].representative
Period[2].commitmentPeriod[16].dispatchPeriod[1].storageChargeLevel[1000MW_200
0MWh_1-c]' to a numeric value `0` outside the bounds (400, 2000).
    See also https://pyomo.readthedocs.io/en/stable/errors.html#w1002
WARNING (W1002): Setting Var 's[None,single].investmentStage[2].representative
Period[2].commitmentPeriod[16].dispatchPeriod[1].storageChargeLevel[1000MW_400
0MWh_1-c]' to a numeric value `0` outside the bounds (800, 4000).
    See also https://pyomo.readthedocs.io/en/stable/errors.html#w1002
WARNING (W1002): Setting Var 's[None,single].investmentStage[2].representative
Period[2].commitmentPeriod[16].dispatchPeriod[1].storageChargeLevel[100MW_400M
Wh_2-c]' to a numeric value `0` outside the bounds (80, 400).
    See also https://pyomo.readthedocs.io/en/stable/errors.html#w1002
WARNING (W1002): Setting Var 's[None,single].investmentStage[2].representative
Period[2].commitmentPeriod[16].dispatchPeriod[1].storageChargeLevel[100MW_800M
Wh_2-c]' to a numeric value `0` outside the bounds (160, 800).
    See also https://pyomo.readthedocs.io/en/stable/errors.html#w1002
WARNING (W1002): Setting Var 's[None,single].investmentStage[2].representative
Period[2].commitmentPeriod[16].dispatchPeriod[1].storageChargeLevel[1000MW_200
0MWh_2-c]' to a numeric value `0` outside the bounds (400, 2000).
    See also https://pyomo.readthedocs.io/en/stable/errors.html#w1002
WARNING (W1002): Setting Var 's[None,single].investmentStage[2].representative
Period[2].commitmentPeriod[16].dispatchPeriod[1].storageChargeLevel[1000MW_400
0MWh_2-c]' to a numeric value `0` outside the bounds (800, 4000).
    See also https://pyomo.readthedocs.io/en/stable/errors.html#w1002
WARNING (W1002): Setting Var 's[None,single].investmentStage[2].representative
Period[2].commitmentPeriod[16].dispatchPeriod[1].storageChargeLevel[100MW_400M
Wh_3-c]' to a numeric value `0` outside the bounds (80, 400).
    See also https://pyomo.readthedocs.io/en/stable/errors.html#w1002
WARNING (W1002): Setting Var 's[None,single].investmentStage[2].representative
Period[2].commitmentPeriod[16].dispatchPeriod[1].storageChargeLevel[100MW_800M
Wh_3-c]' to a numeric value `0` outside the bounds (160, 800).
    See also https://pyomo.readthedocs.io/en/stable/errors.html#w1002
WARNING (W1002): Setting Var 's[None,single].investmentStage[2].representative
Period[2].commitmentPeriod[16].dispatchPeriod[1].storageChargeLevel[1000MW_200
0MWh_3-c]' to a numeric value `0` outside the bounds (400, 2000).
    See also https://pyomo.readthedocs.io/en/stable/errors.html#w1002
WARNING (W1002): Setting Var 's[None,single].investmentStage[2].representative
Period[2].commitmentPeriod[16].dispatchPeriod[1].storageChargeLevel[1000MW_400
0MWh_3-c]' to a numeric value `0` outside the bounds (800, 4000).
    See also https://pyomo.readthedocs.io/en/stable/errors.html#w1002
WARNING (W1002): Setting Var 's[None,single].investmentStage[2].representative
Period[2].commitmentPeriod[17].dispatchPeriod[1].storageChargeLevel[100MW_400M
Wh_1]' to a numeric value `0` outside the bounds (80, 400).
    See also https://pyomo.readthedocs.io/en/stable/errors.html#w1002
WARNING (W1002): Setting Var 's[None,single].investmentStage[2].representative
Period[2].commitmentPeriod[17].dispatchPeriod[1].storageChargeLevel[100MW_800M
Wh-1]' to a numeric value `0` outside the bounds (160, 800).
    See also https://pyomo.readthedocs.io/en/stable/errors.html#w1002
WARNING (W1002): Setting Var 's[None,single].investmentStage[2].representative
Period[2].commitmentPeriod[17].dispatchPeriod[1].storageChargeLevel[1000MW_200
0MWh_1-c]' to a numeric value `0` outside the bounds (400, 2000).
    See also https://pyomo.readthedocs.io/en/stable/errors.html#w1002
WARNING (W1002): Setting Var 's[None,single].investmentStage[2].representative
Period[2].commitmentPeriod[17].dispatchPeriod[1].storageChargeLevel[1000MW_400
0MWh_1-c]' to a numeric value `0` outside the bounds (800, 4000).
    See also https://pyomo.readthedocs.io/en/stable/errors.html#w1002
WARNING (W1002): Setting Var 's[None,single].investmentStage[2].representative
Period[2].commitmentPeriod[17].dispatchPeriod[1].storageChargeLevel[100MW_400M
Wh_2-c]' to a numeric value `0` outside the bounds (80, 400).
    See also https://pyomo.readthedocs.io/en/stable/errors.html#w1002
WARNING (W1002): Setting Var 's[None,single].investmentStage[2].representative
Period[2].commitmentPeriod[17].dispatchPeriod[1].storageChargeLevel[100MW_800M
Wh_2-c]' to a numeric value `0` outside the bounds (160, 800).
    See also https://pyomo.readthedocs.io/en/stable/errors.html#w1002
WARNING (W1002): Setting Var 's[None,single].investmentStage[2].representative
Period[2].commitmentPeriod[17].dispatchPeriod[1].storageChargeLevel[1000MW_200
0MWh_2-c]' to a numeric value `0` outside the bounds (400, 2000).
    See also https://pyomo.readthedocs.io/en/stable/errors.html#w1002
WARNING (W1002): Setting Var 's[None,single].investmentStage[2].representative
Period[2].commitmentPeriod[17].dispatchPeriod[1].storageChargeLevel[1000MW_400
0MWh_2-c]' to a numeric value `0` outside the bounds (800, 4000).
    See also https://pyomo.readthedocs.io/en/stable/errors.html#w1002
WARNING (W1002): Setting Var 's[None,single].investmentStage[2].representative
Period[2].commitmentPeriod[17].dispatchPeriod[1].storageChargeLevel[100MW_400M
Wh_3-c]' to a numeric value `0` outside the bounds (80, 400).
    See also https://pyomo.readthedocs.io/en/stable/errors.html#w1002
WARNING (W1002): Setting Var 's[None,single].investmentStage[2].representative
Period[2].commitmentPeriod[17].dispatchPeriod[1].storageChargeLevel[100MW_800M
Wh_3-c]' to a numeric value `0` outside the bounds (160, 800).
    See also https://pyomo.readthedocs.io/en/stable/errors.html#w1002
WARNING (W1002): Setting Var 's[None,single].investmentStage[2].representative
Period[2].commitmentPeriod[17].dispatchPeriod[1].storageChargeLevel[1000MW_200
0MWh_3-c]' to a numeric value `0` outside the bounds (400, 2000).
    See also https://pyomo.readthedocs.io/en/stable/errors.html#w1002
WARNING (W1002): Setting Var 's[None,single].investmentStage[2].representative
Period[2].commitmentPeriod[17].dispatchPeriod[1].storageChargeLevel[1000MW_400
0MWh_3-c]' to a numeric value `0` outside the bounds (800, 4000).
    See also https://pyomo.readthedocs.io/en/stable/errors.html#w1002
WARNING (W1002): Setting Var 's[None,single].investmentStage[2].representative
Period[2].commitmentPeriod[18].dispatchPeriod[1].storageChargeLevel[100MW_400M
Wh_1]' to a numeric value `0` outside the bounds (80, 400).
    See also https://pyomo.readthedocs.io/en/stable/errors.html#w1002
WARNING (W1002): Setting Var 's[None,single].investmentStage[2].representative
Period[2].commitmentPeriod[18].dispatchPeriod[1].storageChargeLevel[100MW_800M
Wh-1]' to a numeric value `0` outside the bounds (160, 800).
    See also https://pyomo.readthedocs.io/en/stable/errors.html#w1002
WARNING (W1002): Setting Var 's[None,single].investmentStage[2].representative
Period[2].commitmentPeriod[18].dispatchPeriod[1].storageChargeLevel[1000MW_200
0MWh_1-c]' to a numeric value `0` outside the bounds (400, 2000).
    See also https://pyomo.readthedocs.io/en/stable/errors.html#w1002
WARNING (W1002): Setting Var 's[None,single].investmentStage[2].representative
Period[2].commitmentPeriod[18].dispatchPeriod[1].storageChargeLevel[1000MW_400
0MWh_1-c]' to a numeric value `0` outside the bounds (800, 4000).
    See also https://pyomo.readthedocs.io/en/stable/errors.html#w1002
WARNING (W1002): Setting Var 's[None,single].investmentStage[2].representative
Period[2].commitmentPeriod[18].dispatchPeriod[1].storageChargeLevel[100MW_400M
Wh_2-c]' to a numeric value `0` outside the bounds (80, 400).
    See also https://pyomo.readthedocs.io/en/stable/errors.html#w1002
WARNING (W1002): Setting Var 's[None,single].investmentStage[2].representative
Period[2].commitmentPeriod[18].dispatchPeriod[1].storageChargeLevel[100MW_800M
Wh_2-c]' to a numeric value `0` outside the bounds (160, 800).
    See also https://pyomo.readthedocs.io/en/stable/errors.html#w1002
WARNING (W1002): Setting Var 's[None,single].investmentStage[2].representative
Period[2].commitmentPeriod[18].dispatchPeriod[1].storageChargeLevel[1000MW_200
0MWh_2-c]' to a numeric value `0` outside the bounds (400, 2000).
    See also https://pyomo.readthedocs.io/en/stable/errors.html#w1002
WARNING (W1002): Setting Var 's[None,single].investmentStage[2].representative
Period[2].commitmentPeriod[18].dispatchPeriod[1].storageChargeLevel[1000MW_400
0MWh_2-c]' to a numeric value `0` outside the bounds (800, 4000).
    See also https://pyomo.readthedocs.io/en/stable/errors.html#w1002
WARNING (W1002): Setting Var 's[None,single].investmentStage[2].representative
Period[2].commitmentPeriod[18].dispatchPeriod[1].storageChargeLevel[100MW_400M
Wh_3-c]' to a numeric value `0` outside the bounds (80, 400).
    See also https://pyomo.readthedocs.io/en/stable/errors.html#w1002
WARNING (W1002): Setting Var 's[None,single].investmentStage[2].representative
Period[2].commitmentPeriod[18].dispatchPeriod[1].storageChargeLevel[100MW_800M
Wh_3-c]' to a numeric value `0` outside the bounds (160, 800).
    See also https://pyomo.readthedocs.io/en/stable/errors.html#w1002
WARNING (W1002): Setting Var 's[None,single].investmentStage[2].representative
Period[2].commitmentPeriod[18].dispatchPeriod[1].storageChargeLevel[1000MW_200
0MWh_3-c]' to a numeric value `0` outside the bounds (400, 2000).
    See also https://pyomo.readthedocs.io/en/stable/errors.html#w1002
WARNING (W1002): Setting Var 's[None,single].investmentStage[2].representative
Period[2].commitmentPeriod[18].dispatchPeriod[1].storageChargeLevel[1000MW_400
0MWh_3-c]' to a numeric value `0` outside the bounds (800, 4000).
    See also https://pyomo.readthedocs.io/en/stable/errors.html#w1002
WARNING (W1002): Setting Var 's[None,single].investmentStage[2].representative
Period[2].commitmentPeriod[19].dispatchPeriod[1].storageChargeLevel[100MW_400M
Wh_1]' to a numeric value `0` outside the bounds (80, 400).
    See also https://pyomo.readthedocs.io/en/stable/errors.html#w1002
WARNING (W1002): Setting Var 's[None,single].investmentStage[2].representative
Period[2].commitmentPeriod[19].dispatchPeriod[1].storageChargeLevel[100MW_800M
Wh-1]' to a numeric value `0` outside the bounds (160, 800).
    See also https://pyomo.readthedocs.io/en/stable/errors.html#w1002
WARNING (W1002): Setting Var 's[None,single].investmentStage[2].representative
Period[2].commitmentPeriod[19].dispatchPeriod[1].storageChargeLevel[1000MW_200
0MWh_1-c]' to a numeric value `0` outside the bounds (400, 2000).
    See also https://pyomo.readthedocs.io/en/stable/errors.html#w1002
WARNING (W1002): Setting Var 's[None,single].investmentStage[2].representative
Period[2].commitmentPeriod[19].dispatchPeriod[1].storageChargeLevel[1000MW_400
0MWh_1-c]' to a numeric value `0` outside the bounds (800, 4000).
    See also https://pyomo.readthedocs.io/en/stable/errors.html#w1002
WARNING (W1002): Setting Var 's[None,single].investmentStage[2].representative
Period[2].commitmentPeriod[19].dispatchPeriod[1].storageChargeLevel[100MW_400M
Wh_2-c]' to a numeric value `0` outside the bounds (80, 400).
    See also https://pyomo.readthedocs.io/en/stable/errors.html#w1002
WARNING (W1002): Setting Var 's[None,single].investmentStage[2].representative
Period[2].commitmentPeriod[19].dispatchPeriod[1].storageChargeLevel[100MW_800M
Wh_2-c]' to a numeric value `0` outside the bounds (160, 800).
    See also https://pyomo.readthedocs.io/en/stable/errors.html#w1002
WARNING (W1002): Setting Var 's[None,single].investmentStage[2].representative
Period[2].commitmentPeriod[19].dispatchPeriod[1].storageChargeLevel[1000MW_200
0MWh_2-c]' to a numeric value `0` outside the bounds (400, 2000).
    See also https://pyomo.readthedocs.io/en/stable/errors.html#w1002
WARNING (W1002): Setting Var 's[None,single].investmentStage[2].representative
Period[2].commitmentPeriod[19].dispatchPeriod[1].storageChargeLevel[1000MW_400
0MWh_2-c]' to a numeric value `0` outside the bounds (800, 4000).
    See also https://pyomo.readthedocs.io/en/stable/errors.html#w1002
WARNING (W1002): Setting Var 's[None,single].investmentStage[2].representative
Period[2].commitmentPeriod[19].dispatchPeriod[1].storageChargeLevel[100MW_400M
Wh_3-c]' to a numeric value `0` outside the bounds (80, 400).
    See also https://pyomo.readthedocs.io/en/stable/errors.html#w1002
WARNING (W1002): Setting Var 's[None,single].investmentStage[2].representative
Period[2].commitmentPeriod[19].dispatchPeriod[1].storageChargeLevel[100MW_800M
Wh_3-c]' to a numeric value `0` outside the bounds (160, 800).
    See also https://pyomo.readthedocs.io/en/stable/errors.html#w1002
WARNING (W1002): Setting Var 's[None,single].investmentStage[2].representative
Period[2].commitmentPeriod[19].dispatchPeriod[1].storageChargeLevel[1000MW_200
0MWh_3-c]' to a numeric value `0` outside the bounds (400, 2000).
    See also https://pyomo.readthedocs.io/en/stable/errors.html#w1002
WARNING (W1002): Setting Var 's[None,single].investmentStage[2].representative
Period[2].commitmentPeriod[19].dispatchPeriod[1].storageChargeLevel[1000MW_400
0MWh_3-c]' to a numeric value `0` outside the bounds (800, 4000).
    See also https://pyomo.readthedocs.io/en/stable/errors.html#w1002
WARNING (W1002): Setting Var 's[None,single].investmentStage[2].representative
Period[2].commitmentPeriod[20].dispatchPeriod[1].storageChargeLevel[100MW_400M
Wh_1]' to a numeric value `0` outside the bounds (80, 400).
    See also https://pyomo.readthedocs.io/en/stable/errors.html#w1002
WARNING (W1002): Setting Var 's[None,single].investmentStage[2].representative
Period[2].commitmentPeriod[20].dispatchPeriod[1].storageChargeLevel[100MW_800M
Wh-1]' to a numeric value `0` outside the bounds (160, 800).
    See also https://pyomo.readthedocs.io/en/stable/errors.html#w1002
WARNING (W1002): Setting Var 's[None,single].investmentStage[2].representative
Period[2].commitmentPeriod[20].dispatchPeriod[1].storageChargeLevel[1000MW_200
0MWh_1-c]' to a numeric value `0` outside the bounds (400, 2000).
    See also https://pyomo.readthedocs.io/en/stable/errors.html#w1002
WARNING (W1002): Setting Var 's[None,single].investmentStage[2].representative
Period[2].commitmentPeriod[20].dispatchPeriod[1].storageChargeLevel[1000MW_400
0MWh_1-c]' to a numeric value `0` outside the bounds (800, 4000).
    See also https://pyomo.readthedocs.io/en/stable/errors.html#w1002
WARNING (W1002): Setting Var 's[None,single].investmentStage[2].representative
Period[2].commitmentPeriod[20].dispatchPeriod[1].storageChargeLevel[100MW_400M
Wh_2-c]' to a numeric value `0` outside the bounds (80, 400).
    See also https://pyomo.readthedocs.io/en/stable/errors.html#w1002
WARNING (W1002): Setting Var 's[None,single].investmentStage[2].representative
Period[2].commitmentPeriod[20].dispatchPeriod[1].storageChargeLevel[100MW_800M
Wh_2-c]' to a numeric value `0` outside the bounds (160, 800).
    See also https://pyomo.readthedocs.io/en/stable/errors.html#w1002
WARNING (W1002): Setting Var 's[None,single].investmentStage[2].representative
Period[2].commitmentPeriod[20].dispatchPeriod[1].storageChargeLevel[1000MW_200
0MWh_2-c]' to a numeric value `0` outside the bounds (400, 2000).
    See also https://pyomo.readthedocs.io/en/stable/errors.html#w1002
WARNING (W1002): Setting Var 's[None,single].investmentStage[2].representative
Period[2].commitmentPeriod[20].dispatchPeriod[1].storageChargeLevel[1000MW_400
0MWh_2-c]' to a numeric value `0` outside the bounds (800, 4000).
    See also https://pyomo.readthedocs.io/en/stable/errors.html#w1002
WARNING (W1002): Setting Var 's[None,single].investmentStage[2].representative
Period[2].commitmentPeriod[20].dispatchPeriod[1].storageChargeLevel[100MW_400M
Wh_3-c]' to a numeric value `0` outside the bounds (80, 400).
    See also https://pyomo.readthedocs.io/en/stable/errors.html#w1002
WARNING (W1002): Setting Var 's[None,single].investmentStage[2].representative
Period[2].commitmentPeriod[20].dispatchPeriod[1].storageChargeLevel[100MW_800M
Wh_3-c]' to a numeric value `0` outside the bounds (160, 800).
    See also https://pyomo.readthedocs.io/en/stable/errors.html#w1002
WARNING (W1002): Setting Var 's[None,single].investmentStage[2].representative
Period[2].commitmentPeriod[20].dispatchPeriod[1].storageChargeLevel[1000MW_200
0MWh_3-c]' to a numeric value `0` outside the bounds (400, 2000).
    See also https://pyomo.readthedocs.io/en/stable/errors.html#w1002
WARNING (W1002): Setting Var 's[None,single].investmentStage[2].representative
Period[2].commitmentPeriod[20].dispatchPeriod[1].storageChargeLevel[1000MW_400
0MWh_3-c]' to a numeric value `0` outside the bounds (800, 4000).
    See also https://pyomo.readthedocs.io/en/stable/errors.html#w1002
WARNING (W1002): Setting Var 's[None,single].investmentStage[2].representative
Period[2].commitmentPeriod[21].dispatchPeriod[1].storageChargeLevel[100MW_400M
Wh_1]' to a numeric value `0` outside the bounds (80, 400).
    See also https://pyomo.readthedocs.io/en/stable/errors.html#w1002
WARNING (W1002): Setting Var 's[None,single].investmentStage[2].representative
Period[2].commitmentPeriod[21].dispatchPeriod[1].storageChargeLevel[100MW_800M
Wh-1]' to a numeric value `0` outside the bounds (160, 800).
    See also https://pyomo.readthedocs.io/en/stable/errors.html#w1002
WARNING (W1002): Setting Var 's[None,single].investmentStage[2].representative
Period[2].commitmentPeriod[21].dispatchPeriod[1].storageChargeLevel[1000MW_200
0MWh_1-c]' to a numeric value `0` outside the bounds (400, 2000).
    See also https://pyomo.readthedocs.io/en/stable/errors.html#w1002
WARNING (W1002): Setting Var 's[None,single].investmentStage[2].representative
Period[2].commitmentPeriod[21].dispatchPeriod[1].storageChargeLevel[1000MW_400
0MWh_1-c]' to a numeric value `0` outside the bounds (800, 4000).
    See also https://pyomo.readthedocs.io/en/stable/errors.html#w1002
WARNING (W1002): Setting Var 's[None,single].investmentStage[2].representative
Period[2].commitmentPeriod[21].dispatchPeriod[1].storageChargeLevel[100MW_400M
Wh_2-c]' to a numeric value `0` outside the bounds (80, 400).
    See also https://pyomo.readthedocs.io/en/stable/errors.html#w1002
WARNING (W1002): Setting Var 's[None,single].investmentStage[2].representative
Period[2].commitmentPeriod[21].dispatchPeriod[1].storageChargeLevel[100MW_800M
Wh_2-c]' to a numeric value `0` outside the bounds (160, 800).
    See also https://pyomo.readthedocs.io/en/stable/errors.html#w1002
WARNING (W1002): Setting Var 's[None,single].investmentStage[2].representative
Period[2].commitmentPeriod[21].dispatchPeriod[1].storageChargeLevel[1000MW_200
0MWh_2-c]' to a numeric value `0` outside the bounds (400, 2000).
    See also https://pyomo.readthedocs.io/en/stable/errors.html#w1002
WARNING (W1002): Setting Var 's[None,single].investmentStage[2].representative
Period[2].commitmentPeriod[21].dispatchPeriod[1].storageChargeLevel[1000MW_400
0MWh_2-c]' to a numeric value `0` outside the bounds (800, 4000).
    See also https://pyomo.readthedocs.io/en/stable/errors.html#w1002
WARNING (W1002): Setting Var 's[None,single].investmentStage[2].representative
Period[2].commitmentPeriod[21].dispatchPeriod[1].storageChargeLevel[100MW_400M
Wh_3-c]' to a numeric value `0` outside the bounds (80, 400).
    See also https://pyomo.readthedocs.io/en/stable/errors.html#w1002
WARNING (W1002): Setting Var 's[None,single].investmentStage[2].representative
Period[2].commitmentPeriod[21].dispatchPeriod[1].storageChargeLevel[100MW_800M
Wh_3-c]' to a numeric value `0` outside the bounds (160, 800).
    See also https://pyomo.readthedocs.io/en/stable/errors.html#w1002
WARNING (W1002): Setting Var 's[None,single].investmentStage[2].representative
Period[2].commitmentPeriod[21].dispatchPeriod[1].storageChargeLevel[1000MW_200
0MWh_3-c]' to a numeric value `0` outside the bounds (400, 2000).
    See also https://pyomo.readthedocs.io/en/stable/errors.html#w1002
WARNING (W1002): Setting Var 's[None,single].investmentStage[2].representative
Period[2].commitmentPeriod[21].dispatchPeriod[1].storageChargeLevel[1000MW_400
0MWh_3-c]' to a numeric value `0` outside the bounds (800, 4000).
    See also https://pyomo.readthedocs.io/en/stable/errors.html#w1002
WARNING (W1002): Setting Var 's[None,single].investmentStage[2].representative
Period[2].commitmentPeriod[22].dispatchPeriod[1].storageChargeLevel[100MW_400M
Wh_1]' to a numeric value `0` outside the bounds (80, 400).
    See also https://pyomo.readthedocs.io/en/stable/errors.html#w1002
WARNING (W1002): Setting Var 's[None,single].investmentStage[2].representative
Period[2].commitmentPeriod[22].dispatchPeriod[1].storageChargeLevel[100MW_800M
Wh-1]' to a numeric value `0` outside the bounds (160, 800).
    See also https://pyomo.readthedocs.io/en/stable/errors.html#w1002
WARNING (W1002): Setting Var 's[None,single].investmentStage[2].representative
Period[2].commitmentPeriod[22].dispatchPeriod[1].storageChargeLevel[1000MW_200
0MWh_1-c]' to a numeric value `0` outside the bounds (400, 2000).
    See also https://pyomo.readthedocs.io/en/stable/errors.html#w1002
WARNING (W1002): Setting Var 's[None,single].investmentStage[2].representative
Period[2].commitmentPeriod[22].dispatchPeriod[1].storageChargeLevel[1000MW_400
0MWh_1-c]' to a numeric value `0` outside the bounds (800, 4000).
    See also https://pyomo.readthedocs.io/en/stable/errors.html#w1002
WARNING (W1002): Setting Var 's[None,single].investmentStage[2].representative
Period[2].commitmentPeriod[22].dispatchPeriod[1].storageChargeLevel[100MW_400M
Wh_2-c]' to a numeric value `0` outside the bounds (80, 400).
    See also https://pyomo.readthedocs.io/en/stable/errors.html#w1002
WARNING (W1002): Setting Var 's[None,single].investmentStage[2].representative
Period[2].commitmentPeriod[22].dispatchPeriod[1].storageChargeLevel[100MW_800M
Wh_2-c]' to a numeric value `0` outside the bounds (160, 800).
    See also https://pyomo.readthedocs.io/en/stable/errors.html#w1002
WARNING (W1002): Setting Var 's[None,single].investmentStage[2].representative
Period[2].commitmentPeriod[22].dispatchPeriod[1].storageChargeLevel[1000MW_200
0MWh_2-c]' to a numeric value `0` outside the bounds (400, 2000).
    See also https://pyomo.readthedocs.io/en/stable/errors.html#w1002
WARNING (W1002): Setting Var 's[None,single].investmentStage[2].representative
Period[2].commitmentPeriod[22].dispatchPeriod[1].storageChargeLevel[1000MW_400
0MWh_2-c]' to a numeric value `0` outside the bounds (800, 4000).
    See also https://pyomo.readthedocs.io/en/stable/errors.html#w1002
WARNING (W1002): Setting Var 's[None,single].investmentStage[2].representative
Period[2].commitmentPeriod[22].dispatchPeriod[1].storageChargeLevel[100MW_400M
Wh_3-c]' to a numeric value `0` outside the bounds (80, 400).
    See also https://pyomo.readthedocs.io/en/stable/errors.html#w1002
WARNING (W1002): Setting Var 's[None,single].investmentStage[2].representative
Period[2].commitmentPeriod[22].dispatchPeriod[1].storageChargeLevel[100MW_800M
Wh_3-c]' to a numeric value `0` outside the bounds (160, 800).
    See also https://pyomo.readthedocs.io/en/stable/errors.html#w1002
WARNING (W1002): Setting Var 's[None,single].investmentStage[2].representative
Period[2].commitmentPeriod[22].dispatchPeriod[1].storageChargeLevel[1000MW_200
0MWh_3-c]' to a numeric value `0` outside the bounds (400, 2000).
    See also https://pyomo.readthedocs.io/en/stable/errors.html#w1002
WARNING (W1002): Setting Var 's[None,single].investmentStage[2].representative
Period[2].commitmentPeriod[22].dispatchPeriod[1].storageChargeLevel[1000MW_400
0MWh_3-c]' to a numeric value `0` outside the bounds (800, 4000).
    See also https://pyomo.readthedocs.io/en/stable/errors.html#w1002
WARNING (W1002): Setting Var 's[None,single].investmentStage[2].representative
Period[2].commitmentPeriod[23].dispatchPeriod[1].storageChargeLevel[100MW_400M
Wh_1]' to a numeric value `0` outside the bounds (80, 400).
    See also https://pyomo.readthedocs.io/en/stable/errors.html#w1002
WARNING (W1002): Setting Var 's[None,single].investmentStage[2].representative
Period[2].commitmentPeriod[23].dispatchPeriod[1].storageChargeLevel[100MW_800M
Wh-1]' to a numeric value `0` outside the bounds (160, 800).
    See also https://pyomo.readthedocs.io/en/stable/errors.html#w1002
WARNING (W1002): Setting Var 's[None,single].investmentStage[2].representative
Period[2].commitmentPeriod[23].dispatchPeriod[1].storageChargeLevel[1000MW_200
0MWh_1-c]' to a numeric value `0` outside the bounds (400, 2000).
    See also https://pyomo.readthedocs.io/en/stable/errors.html#w1002
WARNING (W1002): Setting Var 's[None,single].investmentStage[2].representative
Period[2].commitmentPeriod[23].dispatchPeriod[1].storageChargeLevel[1000MW_400
0MWh_1-c]' to a numeric value `0` outside the bounds (800, 4000).
    See also https://pyomo.readthedocs.io/en/stable/errors.html#w1002
WARNING (W1002): Setting Var 's[None,single].investmentStage[2].representative
Period[2].commitmentPeriod[23].dispatchPeriod[1].storageChargeLevel[100MW_400M
Wh_2-c]' to a numeric value `0` outside the bounds (80, 400).
    See also https://pyomo.readthedocs.io/en/stable/errors.html#w1002
WARNING (W1002): Setting Var 's[None,single].investmentStage[2].representative
Period[2].commitmentPeriod[23].dispatchPeriod[1].storageChargeLevel[100MW_800M
Wh_2-c]' to a numeric value `0` outside the bounds (160, 800).
    See also https://pyomo.readthedocs.io/en/stable/errors.html#w1002
WARNING (W1002): Setting Var 's[None,single].investmentStage[2].representative
Period[2].commitmentPeriod[23].dispatchPeriod[1].storageChargeLevel[1000MW_200
0MWh_2-c]' to a numeric value `0` outside the bounds (400, 2000).
    See also https://pyomo.readthedocs.io/en/stable/errors.html#w1002
WARNING (W1002): Setting Var 's[None,single].investmentStage[2].representative
Period[2].commitmentPeriod[23].dispatchPeriod[1].storageChargeLevel[1000MW_400
0MWh_2-c]' to a numeric value `0` outside the bounds (800, 4000).
    See also https://pyomo.readthedocs.io/en/stable/errors.html#w1002
WARNING (W1002): Setting Var 's[None,single].investmentStage[2].representative
Period[2].commitmentPeriod[23].dispatchPeriod[1].storageChargeLevel[100MW_400M
Wh_3-c]' to a numeric value `0` outside the bounds (80, 400).
    See also https://pyomo.readthedocs.io/en/stable/errors.html#w1002
WARNING (W1002): Setting Var 's[None,single].investmentStage[2].representative
Period[2].commitmentPeriod[23].dispatchPeriod[1].storageChargeLevel[100MW_800M
Wh_3-c]' to a numeric value `0` outside the bounds (160, 800).
    See also https://pyomo.readthedocs.io/en/stable/errors.html#w1002
WARNING (W1002): Setting Var 's[None,single].investmentStage[2].representative
Period[2].commitmentPeriod[23].dispatchPeriod[1].storageChargeLevel[1000MW_200
0MWh_3-c]' to a numeric value `0` outside the bounds (400, 2000).
    See also https://pyomo.readthedocs.io/en/stable/errors.html#w1002
WARNING (W1002): Setting Var 's[None,single].investmentStage[2].representative
Period[2].commitmentPeriod[23].dispatchPeriod[1].storageChargeLevel[1000MW_400
0MWh_3-c]' to a numeric value `0` outside the bounds (800, 4000).
    See also https://pyomo.readthedocs.io/en/stable/errors.html#w1002
WARNING (W1002): Setting Var 's[None,single].investmentStage[2].representative
Period[2].commitmentPeriod[24].dispatchPeriod[1].storageChargeLevel[100MW_400M
Wh_1]' to a numeric value `0` outside the bounds (80, 400).
    See also https://pyomo.readthedocs.io/en/stable/errors.html#w1002
WARNING (W1002): Setting Var 's[None,single].investmentStage[2].representative
Period[2].commitmentPeriod[24].dispatchPeriod[1].storageChargeLevel[100MW_800M
Wh-1]' to a numeric value `0` outside the bounds (160, 800).
    See also https://pyomo.readthedocs.io/en/stable/errors.html#w1002
WARNING (W1002): Setting Var 's[None,single].investmentStage[2].representative
Period[2].commitmentPeriod[24].dispatchPeriod[1].storageChargeLevel[1000MW_200
0MWh_1-c]' to a numeric value `0` outside the bounds (400, 2000).
    See also https://pyomo.readthedocs.io/en/stable/errors.html#w1002
WARNING (W1002): Setting Var 's[None,single].investmentStage[2].representative
Period[2].commitmentPeriod[24].dispatchPeriod[1].storageChargeLevel[1000MW_400
0MWh_1-c]' to a numeric value `0` outside the bounds (800, 4000).
    See also https://pyomo.readthedocs.io/en/stable/errors.html#w1002
WARNING (W1002): Setting Var 's[None,single].investmentStage[2].representative
Period[2].commitmentPeriod[24].dispatchPeriod[1].storageChargeLevel[100MW_400M
Wh_2-c]' to a numeric value `0` outside the bounds (80, 400).
    See also https://pyomo.readthedocs.io/en/stable/errors.html#w1002
WARNING (W1002): Setting Var 's[None,single].investmentStage[2].representative
Period[2].commitmentPeriod[24].dispatchPeriod[1].storageChargeLevel[100MW_800M
Wh_2-c]' to a numeric value `0` outside the bounds (160, 800).
    See also https://pyomo.readthedocs.io/en/stable/errors.html#w1002
WARNING (W1002): Setting Var 's[None,single].investmentStage[2].representative
Period[2].commitmentPeriod[24].dispatchPeriod[1].storageChargeLevel[1000MW_200
0MWh_2-c]' to a numeric value `0` outside the bounds (400, 2000).
    See also https://pyomo.readthedocs.io/en/stable/errors.html#w1002
WARNING (W1002): Setting Var 's[None,single].investmentStage[2].representative
Period[2].commitmentPeriod[24].dispatchPeriod[1].storageChargeLevel[1000MW_400
0MWh_2-c]' to a numeric value `0` outside the bounds (800, 4000).
    See also https://pyomo.readthedocs.io/en/stable/errors.html#w1002
WARNING (W1002): Setting Var 's[None,single].investmentStage[2].representative
Period[2].commitmentPeriod[24].dispatchPeriod[1].storageChargeLevel[100MW_400M
Wh_3-c]' to a numeric value `0` outside the bounds (80, 400).
    See also https://pyomo.readthedocs.io/en/stable/errors.html#w1002
WARNING (W1002): Setting Var 's[None,single].investmentStage[2].representative
Period[2].commitmentPeriod[24].dispatchPeriod[1].storageChargeLevel[100MW_800M
Wh_3-c]' to a numeric value `0` outside the bounds (160, 800).
    See also https://pyomo.readthedocs.io/en/stable/errors.html#w1002
WARNING (W1002): Setting Var 's[None,single].investmentStage[2].representative
Period[2].commitmentPeriod[24].dispatchPeriod[1].storageChargeLevel[1000MW_200
0MWh_3-c]' to a numeric value `0` outside the bounds (400, 2000).
    See also https://pyomo.readthedocs.io/en/stable/errors.html#w1002
WARNING (W1002): Setting Var 's[None,single].investmentStage[2].representative
Period[2].commitmentPeriod[24].dispatchPeriod[1].storageChargeLevel[1000MW_400
0MWh_3-c]' to a numeric value `0` outside the bounds (800, 4000).
    See also https://pyomo.readthedocs.io/en/stable/errors.html#w1002
WARNING (W1002): Setting Var 's[None,single].investmentStage[3].representative
Period[1].commitmentPeriod[1].dispatchPeriod[1].storageChargeLevel[100MW_400MW
h_1]' to a numeric value `0` outside the bounds (80, 400).
    See also https://pyomo.readthedocs.io/en/stable/errors.html#w1002
WARNING (W1002): Setting Var 's[None,single].investmentStage[3].representative
Period[1].commitmentPeriod[1].dispatchPeriod[1].storageChargeLevel[100MW_800MW
h-1]' to a numeric value `0` outside the bounds (160, 800).
    See also https://pyomo.readthedocs.io/en/stable/errors.html#w1002
WARNING (W1002): Setting Var 's[None,single].investmentStage[3].representative
Period[1].commitmentPeriod[1].dispatchPeriod[1].storageChargeLevel[1000MW_2000
MWh_1-c]' to a numeric value `0` outside the bounds (400, 2000).
    See also https://pyomo.readthedocs.io/en/stable/errors.html#w1002
WARNING (W1002): Setting Var 's[None,single].investmentStage[3].representative
Period[1].commitmentPeriod[1].dispatchPeriod[1].storageChargeLevel[1000MW_4000
MWh_1-c]' to a numeric value `0` outside the bounds (800, 4000).
    See also https://pyomo.readthedocs.io/en/stable/errors.html#w1002
WARNING (W1002): Setting Var 's[None,single].investmentStage[3].representative
Period[1].commitmentPeriod[1].dispatchPeriod[1].storageChargeLevel[100MW_400MW
h_2-c]' to a numeric value `0` outside the bounds (80, 400).
    See also https://pyomo.readthedocs.io/en/stable/errors.html#w1002
WARNING (W1002): Setting Var 's[None,single].investmentStage[3].representative
Period[1].commitmentPeriod[1].dispatchPeriod[1].storageChargeLevel[100MW_800MW
h_2-c]' to a numeric value `0` outside the bounds (160, 800).
    See also https://pyomo.readthedocs.io/en/stable/errors.html#w1002
WARNING (W1002): Setting Var 's[None,single].investmentStage[3].representative
Period[1].commitmentPeriod[1].dispatchPeriod[1].storageChargeLevel[1000MW_2000
MWh_2-c]' to a numeric value `0` outside the bounds (400, 2000).
    See also https://pyomo.readthedocs.io/en/stable/errors.html#w1002
WARNING (W1002): Setting Var 's[None,single].investmentStage[3].representative
Period[1].commitmentPeriod[1].dispatchPeriod[1].storageChargeLevel[1000MW_4000
MWh_2-c]' to a numeric value `0` outside the bounds (800, 4000).
    See also https://pyomo.readthedocs.io/en/stable/errors.html#w1002
WARNING (W1002): Setting Var 's[None,single].investmentStage[3].representative
Period[1].commitmentPeriod[1].dispatchPeriod[1].storageChargeLevel[100MW_400MW
h_3-c]' to a numeric value `0` outside the bounds (80, 400).
    See also https://pyomo.readthedocs.io/en/stable/errors.html#w1002
WARNING (W1002): Setting Var 's[None,single].investmentStage[3].representative
Period[1].commitmentPeriod[1].dispatchPeriod[1].storageChargeLevel[100MW_800MW
h_3-c]' to a numeric value `0` outside the bounds (160, 800).
    See also https://pyomo.readthedocs.io/en/stable/errors.html#w1002
WARNING (W1002): Setting Var 's[None,single].investmentStage[3].representative
Period[1].commitmentPeriod[1].dispatchPeriod[1].storageChargeLevel[1000MW_2000
MWh_3-c]' to a numeric value `0` outside the bounds (400, 2000).
    See also https://pyomo.readthedocs.io/en/stable/errors.html#w1002
WARNING (W1002): Setting Var 's[None,single].investmentStage[3].representative
Period[1].commitmentPeriod[1].dispatchPeriod[1].storageChargeLevel[1000MW_4000
MWh_3-c]' to a numeric value `0` outside the bounds (800, 4000).
    See also https://pyomo.readthedocs.io/en/stable/errors.html#w1002
WARNING (W1002): Setting Var 's[None,single].investmentStage[3].representative
Period[1].commitmentPeriod[2].dispatchPeriod[1].storageChargeLevel[100MW_400MW
h_1]' to a numeric value `0` outside the bounds (80, 400).
    See also https://pyomo.readthedocs.io/en/stable/errors.html#w1002
WARNING (W1002): Setting Var 's[None,single].investmentStage[3].representative
Period[1].commitmentPeriod[2].dispatchPeriod[1].storageChargeLevel[100MW_800MW
h-1]' to a numeric value `0` outside the bounds (160, 800).
    See also https://pyomo.readthedocs.io/en/stable/errors.html#w1002
WARNING (W1002): Setting Var 's[None,single].investmentStage[3].representative
Period[1].commitmentPeriod[2].dispatchPeriod[1].storageChargeLevel[1000MW_2000
MWh_1-c]' to a numeric value `0` outside the bounds (400, 2000).
    See also https://pyomo.readthedocs.io/en/stable/errors.html#w1002
WARNING (W1002): Setting Var 's[None,single].investmentStage[3].representative
Period[1].commitmentPeriod[2].dispatchPeriod[1].storageChargeLevel[1000MW_4000
MWh_1-c]' to a numeric value `0` outside the bounds (800, 4000).
    See also https://pyomo.readthedocs.io/en/stable/errors.html#w1002
WARNING (W1002): Setting Var 's[None,single].investmentStage[3].representative
Period[1].commitmentPeriod[2].dispatchPeriod[1].storageChargeLevel[100MW_400MW
h_2-c]' to a numeric value `0` outside the bounds (80, 400).
    See also https://pyomo.readthedocs.io/en/stable/errors.html#w1002
WARNING (W1002): Setting Var 's[None,single].investmentStage[3].representative
Period[1].commitmentPeriod[2].dispatchPeriod[1].storageChargeLevel[100MW_800MW
h_2-c]' to a numeric value `0` outside the bounds (160, 800).
    See also https://pyomo.readthedocs.io/en/stable/errors.html#w1002
WARNING (W1002): Setting Var 's[None,single].investmentStage[3].representative
Period[1].commitmentPeriod[2].dispatchPeriod[1].storageChargeLevel[1000MW_2000
MWh_2-c]' to a numeric value `0` outside the bounds (400, 2000).
    See also https://pyomo.readthedocs.io/en/stable/errors.html#w1002
WARNING (W1002): Setting Var 's[None,single].investmentStage[3].representative
Period[1].commitmentPeriod[2].dispatchPeriod[1].storageChargeLevel[1000MW_4000
MWh_2-c]' to a numeric value `0` outside the bounds (800, 4000).
    See also https://pyomo.readthedocs.io/en/stable/errors.html#w1002
WARNING (W1002): Setting Var 's[None,single].investmentStage[3].representative
Period[1].commitmentPeriod[2].dispatchPeriod[1].storageChargeLevel[100MW_400MW
h_3-c]' to a numeric value `0` outside the bounds (80, 400).
    See also https://pyomo.readthedocs.io/en/stable/errors.html#w1002
WARNING (W1002): Setting Var 's[None,single].investmentStage[3].representative
Period[1].commitmentPeriod[2].dispatchPeriod[1].storageChargeLevel[100MW_800MW
h_3-c]' to a numeric value `0` outside the bounds (160, 800).
    See also https://pyomo.readthedocs.io/en/stable/errors.html#w1002
WARNING (W1002): Setting Var 's[None,single].investmentStage[3].representative
Period[1].commitmentPeriod[2].dispatchPeriod[1].storageChargeLevel[1000MW_2000
MWh_3-c]' to a numeric value `0` outside the bounds (400, 2000).
    See also https://pyomo.readthedocs.io/en/stable/errors.html#w1002
WARNING (W1002): Setting Var 's[None,single].investmentStage[3].representative
Period[1].commitmentPeriod[2].dispatchPeriod[1].storageChargeLevel[1000MW_4000
MWh_3-c]' to a numeric value `0` outside the bounds (800, 4000).
    See also https://pyomo.readthedocs.io/en/stable/errors.html#w1002
WARNING (W1002): Setting Var 's[None,single].investmentStage[3].representative
Period[1].commitmentPeriod[3].dispatchPeriod[1].storageChargeLevel[100MW_400MW
h_1]' to a numeric value `0` outside the bounds (80, 400).
    See also https://pyomo.readthedocs.io/en/stable/errors.html#w1002
WARNING (W1002): Setting Var 's[None,single].investmentStage[3].representative
Period[1].commitmentPeriod[3].dispatchPeriod[1].storageChargeLevel[100MW_800MW
h-1]' to a numeric value `0` outside the bounds (160, 800).
    See also https://pyomo.readthedocs.io/en/stable/errors.html#w1002
WARNING (W1002): Setting Var 's[None,single].investmentStage[3].representative
Period[1].commitmentPeriod[3].dispatchPeriod[1].storageChargeLevel[1000MW_2000
MWh_1-c]' to a numeric value `0` outside the bounds (400, 2000).
    See also https://pyomo.readthedocs.io/en/stable/errors.html#w1002
WARNING (W1002): Setting Var 's[None,single].investmentStage[3].representative
Period[1].commitmentPeriod[3].dispatchPeriod[1].storageChargeLevel[1000MW_4000
MWh_1-c]' to a numeric value `0` outside the bounds (800, 4000).
    See also https://pyomo.readthedocs.io/en/stable/errors.html#w1002
WARNING (W1002): Setting Var 's[None,single].investmentStage[3].representative
Period[1].commitmentPeriod[3].dispatchPeriod[1].storageChargeLevel[100MW_400MW
h_2-c]' to a numeric value `0` outside the bounds (80, 400).
    See also https://pyomo.readthedocs.io/en/stable/errors.html#w1002
WARNING (W1002): Setting Var 's[None,single].investmentStage[3].representative
Period[1].commitmentPeriod[3].dispatchPeriod[1].storageChargeLevel[100MW_800MW
h_2-c]' to a numeric value `0` outside the bounds (160, 800).
    See also https://pyomo.readthedocs.io/en/stable/errors.html#w1002
WARNING (W1002): Setting Var 's[None,single].investmentStage[3].representative
Period[1].commitmentPeriod[3].dispatchPeriod[1].storageChargeLevel[1000MW_2000
MWh_2-c]' to a numeric value `0` outside the bounds (400, 2000).
    See also https://pyomo.readthedocs.io/en/stable/errors.html#w1002
WARNING (W1002): Setting Var 's[None,single].investmentStage[3].representative
Period[1].commitmentPeriod[3].dispatchPeriod[1].storageChargeLevel[1000MW_4000
MWh_2-c]' to a numeric value `0` outside the bounds (800, 4000).
    See also https://pyomo.readthedocs.io/en/stable/errors.html#w1002
WARNING (W1002): Setting Var 's[None,single].investmentStage[3].representative
Period[1].commitmentPeriod[3].dispatchPeriod[1].storageChargeLevel[100MW_400MW
h_3-c]' to a numeric value `0` outside the bounds (80, 400).
    See also https://pyomo.readthedocs.io/en/stable/errors.html#w1002
WARNING (W1002): Setting Var 's[None,single].investmentStage[3].representative
Period[1].commitmentPeriod[3].dispatchPeriod[1].storageChargeLevel[100MW_800MW
h_3-c]' to a numeric value `0` outside the bounds (160, 800).
    See also https://pyomo.readthedocs.io/en/stable/errors.html#w1002
WARNING (W1002): Setting Var 's[None,single].investmentStage[3].representative
Period[1].commitmentPeriod[3].dispatchPeriod[1].storageChargeLevel[1000MW_2000
MWh_3-c]' to a numeric value `0` outside the bounds (400, 2000).
    See also https://pyomo.readthedocs.io/en/stable/errors.html#w1002
WARNING (W1002): Setting Var 's[None,single].investmentStage[3].representative
Period[1].commitmentPeriod[3].dispatchPeriod[1].storageChargeLevel[1000MW_4000
MWh_3-c]' to a numeric value `0` outside the bounds (800, 4000).
    See also https://pyomo.readthedocs.io/en/stable/errors.html#w1002
WARNING (W1002): Setting Var 's[None,single].investmentStage[3].representative
Period[1].commitmentPeriod[4].dispatchPeriod[1].storageChargeLevel[100MW_400MW
h_1]' to a numeric value `0` outside the bounds (80, 400).
    See also https://pyomo.readthedocs.io/en/stable/errors.html#w1002
WARNING (W1002): Setting Var 's[None,single].investmentStage[3].representative
Period[1].commitmentPeriod[4].dispatchPeriod[1].storageChargeLevel[100MW_800MW
h-1]' to a numeric value `0` outside the bounds (160, 800).
    See also https://pyomo.readthedocs.io/en/stable/errors.html#w1002
WARNING (W1002): Setting Var 's[None,single].investmentStage[3].representative
Period[1].commitmentPeriod[4].dispatchPeriod[1].storageChargeLevel[1000MW_2000
MWh_1-c]' to a numeric value `0` outside the bounds (400, 2000).
    See also https://pyomo.readthedocs.io/en/stable/errors.html#w1002
WARNING (W1002): Setting Var 's[None,single].investmentStage[3].representative
Period[1].commitmentPeriod[4].dispatchPeriod[1].storageChargeLevel[1000MW_4000
MWh_1-c]' to a numeric value `0` outside the bounds (800, 4000).
    See also https://pyomo.readthedocs.io/en/stable/errors.html#w1002
WARNING (W1002): Setting Var 's[None,single].investmentStage[3].representative
Period[1].commitmentPeriod[4].dispatchPeriod[1].storageChargeLevel[100MW_400MW
h_2-c]' to a numeric value `0` outside the bounds (80, 400).
    See also https://pyomo.readthedocs.io/en/stable/errors.html#w1002
WARNING (W1002): Setting Var 's[None,single].investmentStage[3].representative
Period[1].commitmentPeriod[4].dispatchPeriod[1].storageChargeLevel[100MW_800MW
h_2-c]' to a numeric value `0` outside the bounds (160, 800).
    See also https://pyomo.readthedocs.io/en/stable/errors.html#w1002
WARNING (W1002): Setting Var 's[None,single].investmentStage[3].representative
Period[1].commitmentPeriod[4].dispatchPeriod[1].storageChargeLevel[1000MW_2000
MWh_2-c]' to a numeric value `0` outside the bounds (400, 2000).
    See also https://pyomo.readthedocs.io/en/stable/errors.html#w1002
WARNING (W1002): Setting Var 's[None,single].investmentStage[3].representative
Period[1].commitmentPeriod[4].dispatchPeriod[1].storageChargeLevel[1000MW_4000
MWh_2-c]' to a numeric value `0` outside the bounds (800, 4000).
    See also https://pyomo.readthedocs.io/en/stable/errors.html#w1002
WARNING (W1002): Setting Var 's[None,single].investmentStage[3].representative
Period[1].commitmentPeriod[4].dispatchPeriod[1].storageChargeLevel[100MW_400MW
h_3-c]' to a numeric value `0` outside the bounds (80, 400).
    See also https://pyomo.readthedocs.io/en/stable/errors.html#w1002
WARNING (W1002): Setting Var 's[None,single].investmentStage[3].representative
Period[1].commitmentPeriod[4].dispatchPeriod[1].storageChargeLevel[100MW_800MW
h_3-c]' to a numeric value `0` outside the bounds (160, 800).
    See also https://pyomo.readthedocs.io/en/stable/errors.html#w1002
WARNING (W1002): Setting Var 's[None,single].investmentStage[3].representative
Period[1].commitmentPeriod[4].dispatchPeriod[1].storageChargeLevel[1000MW_2000
MWh_3-c]' to a numeric value `0` outside the bounds (400, 2000).
    See also https://pyomo.readthedocs.io/en/stable/errors.html#w1002
WARNING (W1002): Setting Var 's[None,single].investmentStage[3].representative
Period[1].commitmentPeriod[4].dispatchPeriod[1].storageChargeLevel[1000MW_4000
MWh_3-c]' to a numeric value `0` outside the bounds (800, 4000).
    See also https://pyomo.readthedocs.io/en/stable/errors.html#w1002
WARNING (W1002): Setting Var 's[None,single].investmentStage[3].representative
Period[1].commitmentPeriod[5].dispatchPeriod[1].storageChargeLevel[100MW_400MW
h_1]' to a numeric value `0` outside the bounds (80, 400).
    See also https://pyomo.readthedocs.io/en/stable/errors.html#w1002
WARNING (W1002): Setting Var 's[None,single].investmentStage[3].representative
Period[1].commitmentPeriod[5].dispatchPeriod[1].storageChargeLevel[100MW_800MW
h-1]' to a numeric value `0` outside the bounds (160, 800).
    See also https://pyomo.readthedocs.io/en/stable/errors.html#w1002
WARNING (W1002): Setting Var 's[None,single].investmentStage[3].representative
Period[1].commitmentPeriod[5].dispatchPeriod[1].storageChargeLevel[1000MW_2000
MWh_1-c]' to a numeric value `0` outside the bounds (400, 2000).
    See also https://pyomo.readthedocs.io/en/stable/errors.html#w1002
WARNING (W1002): Setting Var 's[None,single].investmentStage[3].representative
Period[1].commitmentPeriod[5].dispatchPeriod[1].storageChargeLevel[1000MW_4000
MWh_1-c]' to a numeric value `0` outside the bounds (800, 4000).
    See also https://pyomo.readthedocs.io/en/stable/errors.html#w1002
WARNING (W1002): Setting Var 's[None,single].investmentStage[3].representative
Period[1].commitmentPeriod[5].dispatchPeriod[1].storageChargeLevel[100MW_400MW
h_2-c]' to a numeric value `0` outside the bounds (80, 400).
    See also https://pyomo.readthedocs.io/en/stable/errors.html#w1002
WARNING (W1002): Setting Var 's[None,single].investmentStage[3].representative
Period[1].commitmentPeriod[5].dispatchPeriod[1].storageChargeLevel[100MW_800MW
h_2-c]' to a numeric value `0` outside the bounds (160, 800).
    See also https://pyomo.readthedocs.io/en/stable/errors.html#w1002
WARNING (W1002): Setting Var 's[None,single].investmentStage[3].representative
Period[1].commitmentPeriod[5].dispatchPeriod[1].storageChargeLevel[1000MW_2000
MWh_2-c]' to a numeric value `0` outside the bounds (400, 2000).
    See also https://pyomo.readthedocs.io/en/stable/errors.html#w1002
WARNING (W1002): Setting Var 's[None,single].investmentStage[3].representative
Period[1].commitmentPeriod[5].dispatchPeriod[1].storageChargeLevel[1000MW_4000
MWh_2-c]' to a numeric value `0` outside the bounds (800, 4000).
    See also https://pyomo.readthedocs.io/en/stable/errors.html#w1002
WARNING (W1002): Setting Var 's[None,single].investmentStage[3].representative
Period[1].commitmentPeriod[5].dispatchPeriod[1].storageChargeLevel[100MW_400MW
h_3-c]' to a numeric value `0` outside the bounds (80, 400).
    See also https://pyomo.readthedocs.io/en/stable/errors.html#w1002
WARNING (W1002): Setting Var 's[None,single].investmentStage[3].representative
Period[1].commitmentPeriod[5].dispatchPeriod[1].storageChargeLevel[100MW_800MW
h_3-c]' to a numeric value `0` outside the bounds (160, 800).
    See also https://pyomo.readthedocs.io/en/stable/errors.html#w1002
WARNING (W1002): Setting Var 's[None,single].investmentStage[3].representative
Period[1].commitmentPeriod[5].dispatchPeriod[1].storageChargeLevel[1000MW_2000
MWh_3-c]' to a numeric value `0` outside the bounds (400, 2000).
    See also https://pyomo.readthedocs.io/en/stable/errors.html#w1002
WARNING (W1002): Setting Var 's[None,single].investmentStage[3].representative
Period[1].commitmentPeriod[5].dispatchPeriod[1].storageChargeLevel[1000MW_4000
MWh_3-c]' to a numeric value `0` outside the bounds (800, 4000).
    See also https://pyomo.readthedocs.io/en/stable/errors.html#w1002
WARNING (W1002): Setting Var 's[None,single].investmentStage[3].representative
Period[1].commitmentPeriod[6].dispatchPeriod[1].storageChargeLevel[100MW_400MW
h_1]' to a numeric value `0` outside the bounds (80, 400).
    See also https://pyomo.readthedocs.io/en/stable/errors.html#w1002
WARNING (W1002): Setting Var 's[None,single].investmentStage[3].representative
Period[1].commitmentPeriod[6].dispatchPeriod[1].storageChargeLevel[100MW_800MW
h-1]' to a numeric value `0` outside the bounds (160, 800).
    See also https://pyomo.readthedocs.io/en/stable/errors.html#w1002
WARNING (W1002): Setting Var 's[None,single].investmentStage[3].representative
Period[1].commitmentPeriod[6].dispatchPeriod[1].storageChargeLevel[1000MW_2000
MWh_1-c]' to a numeric value `0` outside the bounds (400, 2000).
    See also https://pyomo.readthedocs.io/en/stable/errors.html#w1002
WARNING (W1002): Setting Var 's[None,single].investmentStage[3].representative
Period[1].commitmentPeriod[6].dispatchPeriod[1].storageChargeLevel[1000MW_4000
MWh_1-c]' to a numeric value `0` outside the bounds (800, 4000).
    See also https://pyomo.readthedocs.io/en/stable/errors.html#w1002
WARNING (W1002): Setting Var 's[None,single].investmentStage[3].representative
Period[1].commitmentPeriod[6].dispatchPeriod[1].storageChargeLevel[100MW_400MW
h_2-c]' to a numeric value `0` outside the bounds (80, 400).
    See also https://pyomo.readthedocs.io/en/stable/errors.html#w1002
WARNING (W1002): Setting Var 's[None,single].investmentStage[3].representative
Period[1].commitmentPeriod[6].dispatchPeriod[1].storageChargeLevel[100MW_800MW
h_2-c]' to a numeric value `0` outside the bounds (160, 800).
    See also https://pyomo.readthedocs.io/en/stable/errors.html#w1002
WARNING (W1002): Setting Var 's[None,single].investmentStage[3].representative
Period[1].commitmentPeriod[6].dispatchPeriod[1].storageChargeLevel[1000MW_2000
MWh_2-c]' to a numeric value `0` outside the bounds (400, 2000).
    See also https://pyomo.readthedocs.io/en/stable/errors.html#w1002
WARNING (W1002): Setting Var 's[None,single].investmentStage[3].representative
Period[1].commitmentPeriod[6].dispatchPeriod[1].storageChargeLevel[1000MW_4000
MWh_2-c]' to a numeric value `0` outside the bounds (800, 4000).
    See also https://pyomo.readthedocs.io/en/stable/errors.html#w1002
WARNING (W1002): Setting Var 's[None,single].investmentStage[3].representative
Period[1].commitmentPeriod[6].dispatchPeriod[1].storageChargeLevel[100MW_400MW
h_3-c]' to a numeric value `0` outside the bounds (80, 400).
    See also https://pyomo.readthedocs.io/en/stable/errors.html#w1002
WARNING (W1002): Setting Var 's[None,single].investmentStage[3].representative
Period[1].commitmentPeriod[6].dispatchPeriod[1].storageChargeLevel[100MW_800MW
h_3-c]' to a numeric value `0` outside the bounds (160, 800).
    See also https://pyomo.readthedocs.io/en/stable/errors.html#w1002
WARNING (W1002): Setting Var 's[None,single].investmentStage[3].representative
Period[1].commitmentPeriod[6].dispatchPeriod[1].storageChargeLevel[1000MW_2000
MWh_3-c]' to a numeric value `0` outside the bounds (400, 2000).
    See also https://pyomo.readthedocs.io/en/stable/errors.html#w1002
WARNING (W1002): Setting Var 's[None,single].investmentStage[3].representative
Period[1].commitmentPeriod[6].dispatchPeriod[1].storageChargeLevel[1000MW_4000
MWh_3-c]' to a numeric value `0` outside the bounds (800, 4000).
    See also https://pyomo.readthedocs.io/en/stable/errors.html#w1002
WARNING (W1002): Setting Var 's[None,single].investmentStage[3].representative
Period[1].commitmentPeriod[7].dispatchPeriod[1].storageChargeLevel[100MW_400MW
h_1]' to a numeric value `0` outside the bounds (80, 400).
    See also https://pyomo.readthedocs.io/en/stable/errors.html#w1002
WARNING (W1002): Setting Var 's[None,single].investmentStage[3].representative
Period[1].commitmentPeriod[7].dispatchPeriod[1].storageChargeLevel[100MW_800MW
h-1]' to a numeric value `0` outside the bounds (160, 800).
    See also https://pyomo.readthedocs.io/en/stable/errors.html#w1002
WARNING (W1002): Setting Var 's[None,single].investmentStage[3].representative
Period[1].commitmentPeriod[7].dispatchPeriod[1].storageChargeLevel[1000MW_2000
MWh_1-c]' to a numeric value `0` outside the bounds (400, 2000).
    See also https://pyomo.readthedocs.io/en/stable/errors.html#w1002
WARNING (W1002): Setting Var 's[None,single].investmentStage[3].representative
Period[1].commitmentPeriod[7].dispatchPeriod[1].storageChargeLevel[1000MW_4000
MWh_1-c]' to a numeric value `0` outside the bounds (800, 4000).
    See also https://pyomo.readthedocs.io/en/stable/errors.html#w1002
WARNING (W1002): Setting Var 's[None,single].investmentStage[3].representative
Period[1].commitmentPeriod[7].dispatchPeriod[1].storageChargeLevel[100MW_400MW
h_2-c]' to a numeric value `0` outside the bounds (80, 400).
    See also https://pyomo.readthedocs.io/en/stable/errors.html#w1002
WARNING (W1002): Setting Var 's[None,single].investmentStage[3].representative
Period[1].commitmentPeriod[7].dispatchPeriod[1].storageChargeLevel[100MW_800MW
h_2-c]' to a numeric value `0` outside the bounds (160, 800).
    See also https://pyomo.readthedocs.io/en/stable/errors.html#w1002
WARNING (W1002): Setting Var 's[None,single].investmentStage[3].representative
Period[1].commitmentPeriod[7].dispatchPeriod[1].storageChargeLevel[1000MW_2000
MWh_2-c]' to a numeric value `0` outside the bounds (400, 2000).
    See also https://pyomo.readthedocs.io/en/stable/errors.html#w1002
WARNING (W1002): Setting Var 's[None,single].investmentStage[3].representative
Period[1].commitmentPeriod[7].dispatchPeriod[1].storageChargeLevel[1000MW_4000
MWh_2-c]' to a numeric value `0` outside the bounds (800, 4000).
    See also https://pyomo.readthedocs.io/en/stable/errors.html#w1002
WARNING (W1002): Setting Var 's[None,single].investmentStage[3].representative
Period[1].commitmentPeriod[7].dispatchPeriod[1].storageChargeLevel[100MW_400MW
h_3-c]' to a numeric value `0` outside the bounds (80, 400).
    See also https://pyomo.readthedocs.io/en/stable/errors.html#w1002
WARNING (W1002): Setting Var 's[None,single].investmentStage[3].representative
Period[1].commitmentPeriod[7].dispatchPeriod[1].storageChargeLevel[100MW_800MW
h_3-c]' to a numeric value `0` outside the bounds (160, 800).
    See also https://pyomo.readthedocs.io/en/stable/errors.html#w1002
WARNING (W1002): Setting Var 's[None,single].investmentStage[3].representative
Period[1].commitmentPeriod[7].dispatchPeriod[1].storageChargeLevel[1000MW_2000
MWh_3-c]' to a numeric value `0` outside the bounds (400, 2000).
    See also https://pyomo.readthedocs.io/en/stable/errors.html#w1002
WARNING (W1002): Setting Var 's[None,single].investmentStage[3].representative
Period[1].commitmentPeriod[7].dispatchPeriod[1].storageChargeLevel[1000MW_4000
MWh_3-c]' to a numeric value `0` outside the bounds (800, 4000).
    See also https://pyomo.readthedocs.io/en/stable/errors.html#w1002
WARNING (W1002): Setting Var 's[None,single].investmentStage[3].representative
Period[1].commitmentPeriod[8].dispatchPeriod[1].storageChargeLevel[100MW_400MW
h_1]' to a numeric value `0` outside the bounds (80, 400).
    See also https://pyomo.readthedocs.io/en/stable/errors.html#w1002
WARNING (W1002): Setting Var 's[None,single].investmentStage[3].representative
Period[1].commitmentPeriod[8].dispatchPeriod[1].storageChargeLevel[100MW_800MW
h-1]' to a numeric value `0` outside the bounds (160, 800).
    See also https://pyomo.readthedocs.io/en/stable/errors.html#w1002
WARNING (W1002): Setting Var 's[None,single].investmentStage[3].representative
Period[1].commitmentPeriod[8].dispatchPeriod[1].storageChargeLevel[1000MW_2000
MWh_1-c]' to a numeric value `0` outside the bounds (400, 2000).
    See also https://pyomo.readthedocs.io/en/stable/errors.html#w1002
WARNING (W1002): Setting Var 's[None,single].investmentStage[3].representative
Period[1].commitmentPeriod[8].dispatchPeriod[1].storageChargeLevel[1000MW_4000
MWh_1-c]' to a numeric value `0` outside the bounds (800, 4000).
    See also https://pyomo.readthedocs.io/en/stable/errors.html#w1002
WARNING (W1002): Setting Var 's[None,single].investmentStage[3].representative
Period[1].commitmentPeriod[8].dispatchPeriod[1].storageChargeLevel[100MW_400MW
h_2-c]' to a numeric value `0` outside the bounds (80, 400).
    See also https://pyomo.readthedocs.io/en/stable/errors.html#w1002
WARNING (W1002): Setting Var 's[None,single].investmentStage[3].representative
Period[1].commitmentPeriod[8].dispatchPeriod[1].storageChargeLevel[100MW_800MW
h_2-c]' to a numeric value `0` outside the bounds (160, 800).
    See also https://pyomo.readthedocs.io/en/stable/errors.html#w1002
WARNING (W1002): Setting Var 's[None,single].investmentStage[3].representative
Period[1].commitmentPeriod[8].dispatchPeriod[1].storageChargeLevel[1000MW_2000
MWh_2-c]' to a numeric value `0` outside the bounds (400, 2000).
    See also https://pyomo.readthedocs.io/en/stable/errors.html#w1002
WARNING (W1002): Setting Var 's[None,single].investmentStage[3].representative
Period[1].commitmentPeriod[8].dispatchPeriod[1].storageChargeLevel[1000MW_4000
MWh_2-c]' to a numeric value `0` outside the bounds (800, 4000).
    See also https://pyomo.readthedocs.io/en/stable/errors.html#w1002
WARNING (W1002): Setting Var 's[None,single].investmentStage[3].representative
Period[1].commitmentPeriod[8].dispatchPeriod[1].storageChargeLevel[100MW_400MW
h_3-c]' to a numeric value `0` outside the bounds (80, 400).
    See also https://pyomo.readthedocs.io/en/stable/errors.html#w1002
WARNING (W1002): Setting Var 's[None,single].investmentStage[3].representative
Period[1].commitmentPeriod[8].dispatchPeriod[1].storageChargeLevel[100MW_800MW
h_3-c]' to a numeric value `0` outside the bounds (160, 800).
    See also https://pyomo.readthedocs.io/en/stable/errors.html#w1002
WARNING (W1002): Setting Var 's[None,single].investmentStage[3].representative
Period[1].commitmentPeriod[8].dispatchPeriod[1].storageChargeLevel[1000MW_2000
MWh_3-c]' to a numeric value `0` outside the bounds (400, 2000).
    See also https://pyomo.readthedocs.io/en/stable/errors.html#w1002
WARNING (W1002): Setting Var 's[None,single].investmentStage[3].representative
Period[1].commitmentPeriod[8].dispatchPeriod[1].storageChargeLevel[1000MW_4000
MWh_3-c]' to a numeric value `0` outside the bounds (800, 4000).
    See also https://pyomo.readthedocs.io/en/stable/errors.html#w1002
WARNING (W1002): Setting Var 's[None,single].investmentStage[3].representative
Period[1].commitmentPeriod[9].dispatchPeriod[1].storageChargeLevel[100MW_400MW
h_1]' to a numeric value `0` outside the bounds (80, 400).
    See also https://pyomo.readthedocs.io/en/stable/errors.html#w1002
WARNING (W1002): Setting Var 's[None,single].investmentStage[3].representative
Period[1].commitmentPeriod[9].dispatchPeriod[1].storageChargeLevel[100MW_800MW
h-1]' to a numeric value `0` outside the bounds (160, 800).
    See also https://pyomo.readthedocs.io/en/stable/errors.html#w1002
WARNING (W1002): Setting Var 's[None,single].investmentStage[3].representative
Period[1].commitmentPeriod[9].dispatchPeriod[1].storageChargeLevel[1000MW_2000
MWh_1-c]' to a numeric value `0` outside the bounds (400, 2000).
    See also https://pyomo.readthedocs.io/en/stable/errors.html#w1002
WARNING (W1002): Setting Var 's[None,single].investmentStage[3].representative
Period[1].commitmentPeriod[9].dispatchPeriod[1].storageChargeLevel[1000MW_4000
MWh_1-c]' to a numeric value `0` outside the bounds (800, 4000).
    See also https://pyomo.readthedocs.io/en/stable/errors.html#w1002
WARNING (W1002): Setting Var 's[None,single].investmentStage[3].representative
Period[1].commitmentPeriod[9].dispatchPeriod[1].storageChargeLevel[100MW_400MW
h_2-c]' to a numeric value `0` outside the bounds (80, 400).
    See also https://pyomo.readthedocs.io/en/stable/errors.html#w1002
WARNING (W1002): Setting Var 's[None,single].investmentStage[3].representative
Period[1].commitmentPeriod[9].dispatchPeriod[1].storageChargeLevel[100MW_800MW
h_2-c]' to a numeric value `0` outside the bounds (160, 800).
    See also https://pyomo.readthedocs.io/en/stable/errors.html#w1002
WARNING (W1002): Setting Var 's[None,single].investmentStage[3].representative
Period[1].commitmentPeriod[9].dispatchPeriod[1].storageChargeLevel[1000MW_2000
MWh_2-c]' to a numeric value `0` outside the bounds (400, 2000).
    See also https://pyomo.readthedocs.io/en/stable/errors.html#w1002
WARNING (W1002): Setting Var 's[None,single].investmentStage[3].representative
Period[1].commitmentPeriod[9].dispatchPeriod[1].storageChargeLevel[1000MW_4000
MWh_2-c]' to a numeric value `0` outside the bounds (800, 4000).
    See also https://pyomo.readthedocs.io/en/stable/errors.html#w1002
WARNING (W1002): Setting Var 's[None,single].investmentStage[3].representative
Period[1].commitmentPeriod[9].dispatchPeriod[1].storageChargeLevel[100MW_400MW
h_3-c]' to a numeric value `0` outside the bounds (80, 400).
    See also https://pyomo.readthedocs.io/en/stable/errors.html#w1002
WARNING (W1002): Setting Var 's[None,single].investmentStage[3].representative
Period[1].commitmentPeriod[9].dispatchPeriod[1].storageChargeLevel[100MW_800MW
h_3-c]' to a numeric value `0` outside the bounds (160, 800).
    See also https://pyomo.readthedocs.io/en/stable/errors.html#w1002
WARNING (W1002): Setting Var 's[None,single].investmentStage[3].representative
Period[1].commitmentPeriod[9].dispatchPeriod[1].storageChargeLevel[1000MW_2000
MWh_3-c]' to a numeric value `0` outside the bounds (400, 2000).
    See also https://pyomo.readthedocs.io/en/stable/errors.html#w1002
WARNING (W1002): Setting Var 's[None,single].investmentStage[3].representative
Period[1].commitmentPeriod[9].dispatchPeriod[1].storageChargeLevel[1000MW_4000
MWh_3-c]' to a numeric value `0` outside the bounds (800, 4000).
    See also https://pyomo.readthedocs.io/en/stable/errors.html#w1002
WARNING (W1002): Setting Var 's[None,single].investmentStage[3].representative
Period[1].commitmentPeriod[10].dispatchPeriod[1].storageChargeLevel[100MW_400M
Wh_1]' to a numeric value `0` outside the bounds (80, 400).
    See also https://pyomo.readthedocs.io/en/stable/errors.html#w1002
WARNING (W1002): Setting Var 's[None,single].investmentStage[3].representative
Period[1].commitmentPeriod[10].dispatchPeriod[1].storageChargeLevel[100MW_800M
Wh-1]' to a numeric value `0` outside the bounds (160, 800).
    See also https://pyomo.readthedocs.io/en/stable/errors.html#w1002
WARNING (W1002): Setting Var 's[None,single].investmentStage[3].representative
Period[1].commitmentPeriod[10].dispatchPeriod[1].storageChargeLevel[1000MW_200
0MWh_1-c]' to a numeric value `0` outside the bounds (400, 2000).
    See also https://pyomo.readthedocs.io/en/stable/errors.html#w1002
WARNING (W1002): Setting Var 's[None,single].investmentStage[3].representative
Period[1].commitmentPeriod[10].dispatchPeriod[1].storageChargeLevel[1000MW_400
0MWh_1-c]' to a numeric value `0` outside the bounds (800, 4000).
    See also https://pyomo.readthedocs.io/en/stable/errors.html#w1002
WARNING (W1002): Setting Var 's[None,single].investmentStage[3].representative
Period[1].commitmentPeriod[10].dispatchPeriod[1].storageChargeLevel[100MW_400M
Wh_2-c]' to a numeric value `0` outside the bounds (80, 400).
    See also https://pyomo.readthedocs.io/en/stable/errors.html#w1002
WARNING (W1002): Setting Var 's[None,single].investmentStage[3].representative
Period[1].commitmentPeriod[10].dispatchPeriod[1].storageChargeLevel[100MW_800M
Wh_2-c]' to a numeric value `0` outside the bounds (160, 800).
    See also https://pyomo.readthedocs.io/en/stable/errors.html#w1002
WARNING (W1002): Setting Var 's[None,single].investmentStage[3].representative
Period[1].commitmentPeriod[10].dispatchPeriod[1].storageChargeLevel[1000MW_200
0MWh_2-c]' to a numeric value `0` outside the bounds (400, 2000).
    See also https://pyomo.readthedocs.io/en/stable/errors.html#w1002
WARNING (W1002): Setting Var 's[None,single].investmentStage[3].representative
Period[1].commitmentPeriod[10].dispatchPeriod[1].storageChargeLevel[1000MW_400
0MWh_2-c]' to a numeric value `0` outside the bounds (800, 4000).
    See also https://pyomo.readthedocs.io/en/stable/errors.html#w1002
WARNING (W1002): Setting Var 's[None,single].investmentStage[3].representative
Period[1].commitmentPeriod[10].dispatchPeriod[1].storageChargeLevel[100MW_400M
Wh_3-c]' to a numeric value `0` outside the bounds (80, 400).
    See also https://pyomo.readthedocs.io/en/stable/errors.html#w1002
WARNING (W1002): Setting Var 's[None,single].investmentStage[3].representative
Period[1].commitmentPeriod[10].dispatchPeriod[1].storageChargeLevel[100MW_800M
Wh_3-c]' to a numeric value `0` outside the bounds (160, 800).
    See also https://pyomo.readthedocs.io/en/stable/errors.html#w1002
WARNING (W1002): Setting Var 's[None,single].investmentStage[3].representative
Period[1].commitmentPeriod[10].dispatchPeriod[1].storageChargeLevel[1000MW_200
0MWh_3-c]' to a numeric value `0` outside the bounds (400, 2000).
    See also https://pyomo.readthedocs.io/en/stable/errors.html#w1002
WARNING (W1002): Setting Var 's[None,single].investmentStage[3].representative
Period[1].commitmentPeriod[10].dispatchPeriod[1].storageChargeLevel[1000MW_400
0MWh_3-c]' to a numeric value `0` outside the bounds (800, 4000).
    See also https://pyomo.readthedocs.io/en/stable/errors.html#w1002
WARNING (W1002): Setting Var 's[None,single].investmentStage[3].representative
Period[1].commitmentPeriod[11].dispatchPeriod[1].storageChargeLevel[100MW_400M
Wh_1]' to a numeric value `0` outside the bounds (80, 400).
    See also https://pyomo.readthedocs.io/en/stable/errors.html#w1002
WARNING (W1002): Setting Var 's[None,single].investmentStage[3].representative
Period[1].commitmentPeriod[11].dispatchPeriod[1].storageChargeLevel[100MW_800M
Wh-1]' to a numeric value `0` outside the bounds (160, 800).
    See also https://pyomo.readthedocs.io/en/stable/errors.html#w1002
WARNING (W1002): Setting Var 's[None,single].investmentStage[3].representative
Period[1].commitmentPeriod[11].dispatchPeriod[1].storageChargeLevel[1000MW_200
0MWh_1-c]' to a numeric value `0` outside the bounds (400, 2000).
    See also https://pyomo.readthedocs.io/en/stable/errors.html#w1002
WARNING (W1002): Setting Var 's[None,single].investmentStage[3].representative
Period[1].commitmentPeriod[11].dispatchPeriod[1].storageChargeLevel[1000MW_400
0MWh_1-c]' to a numeric value `0` outside the bounds (800, 4000).
    See also https://pyomo.readthedocs.io/en/stable/errors.html#w1002
WARNING (W1002): Setting Var 's[None,single].investmentStage[3].representative
Period[1].commitmentPeriod[11].dispatchPeriod[1].storageChargeLevel[100MW_400M
Wh_2-c]' to a numeric value `0` outside the bounds (80, 400).
    See also https://pyomo.readthedocs.io/en/stable/errors.html#w1002
WARNING (W1002): Setting Var 's[None,single].investmentStage[3].representative
Period[1].commitmentPeriod[11].dispatchPeriod[1].storageChargeLevel[100MW_800M
Wh_2-c]' to a numeric value `0` outside the bounds (160, 800).
    See also https://pyomo.readthedocs.io/en/stable/errors.html#w1002
WARNING (W1002): Setting Var 's[None,single].investmentStage[3].representative
Period[1].commitmentPeriod[11].dispatchPeriod[1].storageChargeLevel[1000MW_200
0MWh_2-c]' to a numeric value `0` outside the bounds (400, 2000).
    See also https://pyomo.readthedocs.io/en/stable/errors.html#w1002
WARNING (W1002): Setting Var 's[None,single].investmentStage[3].representative
Period[1].commitmentPeriod[11].dispatchPeriod[1].storageChargeLevel[1000MW_400
0MWh_2-c]' to a numeric value `0` outside the bounds (800, 4000).
    See also https://pyomo.readthedocs.io/en/stable/errors.html#w1002
WARNING (W1002): Setting Var 's[None,single].investmentStage[3].representative
Period[1].commitmentPeriod[11].dispatchPeriod[1].storageChargeLevel[100MW_400M
Wh_3-c]' to a numeric value `0` outside the bounds (80, 400).
    See also https://pyomo.readthedocs.io/en/stable/errors.html#w1002
WARNING (W1002): Setting Var 's[None,single].investmentStage[3].representative
Period[1].commitmentPeriod[11].dispatchPeriod[1].storageChargeLevel[100MW_800M
Wh_3-c]' to a numeric value `0` outside the bounds (160, 800).
    See also https://pyomo.readthedocs.io/en/stable/errors.html#w1002
WARNING (W1002): Setting Var 's[None,single].investmentStage[3].representative
Period[1].commitmentPeriod[11].dispatchPeriod[1].storageChargeLevel[1000MW_200
0MWh_3-c]' to a numeric value `0` outside the bounds (400, 2000).
    See also https://pyomo.readthedocs.io/en/stable/errors.html#w1002
WARNING (W1002): Setting Var 's[None,single].investmentStage[3].representative
Period[1].commitmentPeriod[11].dispatchPeriod[1].storageChargeLevel[1000MW_400
0MWh_3-c]' to a numeric value `0` outside the bounds (800, 4000).
    See also https://pyomo.readthedocs.io/en/stable/errors.html#w1002
WARNING (W1002): Setting Var 's[None,single].investmentStage[3].representative
Period[1].commitmentPeriod[12].dispatchPeriod[1].storageChargeLevel[100MW_400M
Wh_1]' to a numeric value `0` outside the bounds (80, 400).
    See also https://pyomo.readthedocs.io/en/stable/errors.html#w1002
WARNING (W1002): Setting Var 's[None,single].investmentStage[3].representative
Period[1].commitmentPeriod[12].dispatchPeriod[1].storageChargeLevel[100MW_800M
Wh-1]' to a numeric value `0` outside the bounds (160, 800).
    See also https://pyomo.readthedocs.io/en/stable/errors.html#w1002
WARNING (W1002): Setting Var 's[None,single].investmentStage[3].representative
Period[1].commitmentPeriod[12].dispatchPeriod[1].storageChargeLevel[1000MW_200
0MWh_1-c]' to a numeric value `0` outside the bounds (400, 2000).
    See also https://pyomo.readthedocs.io/en/stable/errors.html#w1002
WARNING (W1002): Setting Var 's[None,single].investmentStage[3].representative
Period[1].commitmentPeriod[12].dispatchPeriod[1].storageChargeLevel[1000MW_400
0MWh_1-c]' to a numeric value `0` outside the bounds (800, 4000).
    See also https://pyomo.readthedocs.io/en/stable/errors.html#w1002
WARNING (W1002): Setting Var 's[None,single].investmentStage[3].representative
Period[1].commitmentPeriod[12].dispatchPeriod[1].storageChargeLevel[100MW_400M
Wh_2-c]' to a numeric value `0` outside the bounds (80, 400).
    See also https://pyomo.readthedocs.io/en/stable/errors.html#w1002
WARNING (W1002): Setting Var 's[None,single].investmentStage[3].representative
Period[1].commitmentPeriod[12].dispatchPeriod[1].storageChargeLevel[100MW_800M
Wh_2-c]' to a numeric value `0` outside the bounds (160, 800).
    See also https://pyomo.readthedocs.io/en/stable/errors.html#w1002
WARNING (W1002): Setting Var 's[None,single].investmentStage[3].representative
Period[1].commitmentPeriod[12].dispatchPeriod[1].storageChargeLevel[1000MW_200
0MWh_2-c]' to a numeric value `0` outside the bounds (400, 2000).
    See also https://pyomo.readthedocs.io/en/stable/errors.html#w1002
WARNING (W1002): Setting Var 's[None,single].investmentStage[3].representative
Period[1].commitmentPeriod[12].dispatchPeriod[1].storageChargeLevel[1000MW_400
0MWh_2-c]' to a numeric value `0` outside the bounds (800, 4000).
    See also https://pyomo.readthedocs.io/en/stable/errors.html#w1002
WARNING (W1002): Setting Var 's[None,single].investmentStage[3].representative
Period[1].commitmentPeriod[12].dispatchPeriod[1].storageChargeLevel[100MW_400M
Wh_3-c]' to a numeric value `0` outside the bounds (80, 400).
    See also https://pyomo.readthedocs.io/en/stable/errors.html#w1002
WARNING (W1002): Setting Var 's[None,single].investmentStage[3].representative
Period[1].commitmentPeriod[12].dispatchPeriod[1].storageChargeLevel[100MW_800M
Wh_3-c]' to a numeric value `0` outside the bounds (160, 800).
    See also https://pyomo.readthedocs.io/en/stable/errors.html#w1002
WARNING (W1002): Setting Var 's[None,single].investmentStage[3].representative
Period[1].commitmentPeriod[12].dispatchPeriod[1].storageChargeLevel[1000MW_200
0MWh_3-c]' to a numeric value `0` outside the bounds (400, 2000).
    See also https://pyomo.readthedocs.io/en/stable/errors.html#w1002
WARNING (W1002): Setting Var 's[None,single].investmentStage[3].representative
Period[1].commitmentPeriod[12].dispatchPeriod[1].storageChargeLevel[1000MW_400
0MWh_3-c]' to a numeric value `0` outside the bounds (800, 4000).
    See also https://pyomo.readthedocs.io/en/stable/errors.html#w1002
WARNING (W1002): Setting Var 's[None,single].investmentStage[3].representative
Period[1].commitmentPeriod[13].dispatchPeriod[1].storageChargeLevel[100MW_400M
Wh_1]' to a numeric value `0` outside the bounds (80, 400).
    See also https://pyomo.readthedocs.io/en/stable/errors.html#w1002
WARNING (W1002): Setting Var 's[None,single].investmentStage[3].representative
Period[1].commitmentPeriod[13].dispatchPeriod[1].storageChargeLevel[100MW_800M
Wh-1]' to a numeric value `0` outside the bounds (160, 800).
    See also https://pyomo.readthedocs.io/en/stable/errors.html#w1002
WARNING (W1002): Setting Var 's[None,single].investmentStage[3].representative
Period[1].commitmentPeriod[13].dispatchPeriod[1].storageChargeLevel[1000MW_200
0MWh_1-c]' to a numeric value `0` outside the bounds (400, 2000).
    See also https://pyomo.readthedocs.io/en/stable/errors.html#w1002
WARNING (W1002): Setting Var 's[None,single].investmentStage[3].representative
Period[1].commitmentPeriod[13].dispatchPeriod[1].storageChargeLevel[1000MW_400
0MWh_1-c]' to a numeric value `0` outside the bounds (800, 4000).
    See also https://pyomo.readthedocs.io/en/stable/errors.html#w1002
WARNING (W1002): Setting Var 's[None,single].investmentStage[3].representative
Period[1].commitmentPeriod[13].dispatchPeriod[1].storageChargeLevel[100MW_400M
Wh_2-c]' to a numeric value `0` outside the bounds (80, 400).
    See also https://pyomo.readthedocs.io/en/stable/errors.html#w1002
WARNING (W1002): Setting Var 's[None,single].investmentStage[3].representative
Period[1].commitmentPeriod[13].dispatchPeriod[1].storageChargeLevel[100MW_800M
Wh_2-c]' to a numeric value `0` outside the bounds (160, 800).
    See also https://pyomo.readthedocs.io/en/stable/errors.html#w1002
WARNING (W1002): Setting Var 's[None,single].investmentStage[3].representative
Period[1].commitmentPeriod[13].dispatchPeriod[1].storageChargeLevel[1000MW_200
0MWh_2-c]' to a numeric value `0` outside the bounds (400, 2000).
    See also https://pyomo.readthedocs.io/en/stable/errors.html#w1002
WARNING (W1002): Setting Var 's[None,single].investmentStage[3].representative
Period[1].commitmentPeriod[13].dispatchPeriod[1].storageChargeLevel[1000MW_400
0MWh_2-c]' to a numeric value `0` outside the bounds (800, 4000).
    See also https://pyomo.readthedocs.io/en/stable/errors.html#w1002
WARNING (W1002): Setting Var 's[None,single].investmentStage[3].representative
Period[1].commitmentPeriod[13].dispatchPeriod[1].storageChargeLevel[100MW_400M
Wh_3-c]' to a numeric value `0` outside the bounds (80, 400).
    See also https://pyomo.readthedocs.io/en/stable/errors.html#w1002
WARNING (W1002): Setting Var 's[None,single].investmentStage[3].representative
Period[1].commitmentPeriod[13].dispatchPeriod[1].storageChargeLevel[100MW_800M
Wh_3-c]' to a numeric value `0` outside the bounds (160, 800).
    See also https://pyomo.readthedocs.io/en/stable/errors.html#w1002
WARNING (W1002): Setting Var 's[None,single].investmentStage[3].representative
Period[1].commitmentPeriod[13].dispatchPeriod[1].storageChargeLevel[1000MW_200
0MWh_3-c]' to a numeric value `0` outside the bounds (400, 2000).
    See also https://pyomo.readthedocs.io/en/stable/errors.html#w1002
WARNING (W1002): Setting Var 's[None,single].investmentStage[3].representative
Period[1].commitmentPeriod[13].dispatchPeriod[1].storageChargeLevel[1000MW_400
0MWh_3-c]' to a numeric value `0` outside the bounds (800, 4000).
    See also https://pyomo.readthedocs.io/en/stable/errors.html#w1002
WARNING (W1002): Setting Var 's[None,single].investmentStage[3].representative
Period[1].commitmentPeriod[14].dispatchPeriod[1].storageChargeLevel[100MW_400M
Wh_1]' to a numeric value `0` outside the bounds (80, 400).
    See also https://pyomo.readthedocs.io/en/stable/errors.html#w1002
WARNING (W1002): Setting Var 's[None,single].investmentStage[3].representative
Period[1].commitmentPeriod[14].dispatchPeriod[1].storageChargeLevel[100MW_800M
Wh-1]' to a numeric value `0` outside the bounds (160, 800).
    See also https://pyomo.readthedocs.io/en/stable/errors.html#w1002
WARNING (W1002): Setting Var 's[None,single].investmentStage[3].representative
Period[1].commitmentPeriod[14].dispatchPeriod[1].storageChargeLevel[1000MW_200
0MWh_1-c]' to a numeric value `0` outside the bounds (400, 2000).
    See also https://pyomo.readthedocs.io/en/stable/errors.html#w1002
WARNING (W1002): Setting Var 's[None,single].investmentStage[3].representative
Period[1].commitmentPeriod[14].dispatchPeriod[1].storageChargeLevel[1000MW_400
0MWh_1-c]' to a numeric value `0` outside the bounds (800, 4000).
    See also https://pyomo.readthedocs.io/en/stable/errors.html#w1002
WARNING (W1002): Setting Var 's[None,single].investmentStage[3].representative
Period[1].commitmentPeriod[14].dispatchPeriod[1].storageChargeLevel[100MW_400M
Wh_2-c]' to a numeric value `0` outside the bounds (80, 400).
    See also https://pyomo.readthedocs.io/en/stable/errors.html#w1002
WARNING (W1002): Setting Var 's[None,single].investmentStage[3].representative
Period[1].commitmentPeriod[14].dispatchPeriod[1].storageChargeLevel[100MW_800M
Wh_2-c]' to a numeric value `0` outside the bounds (160, 800).
    See also https://pyomo.readthedocs.io/en/stable/errors.html#w1002
WARNING (W1002): Setting Var 's[None,single].investmentStage[3].representative
Period[1].commitmentPeriod[14].dispatchPeriod[1].storageChargeLevel[1000MW_200
0MWh_2-c]' to a numeric value `0` outside the bounds (400, 2000).
    See also https://pyomo.readthedocs.io/en/stable/errors.html#w1002
WARNING (W1002): Setting Var 's[None,single].investmentStage[3].representative
Period[1].commitmentPeriod[14].dispatchPeriod[1].storageChargeLevel[1000MW_400
0MWh_2-c]' to a numeric value `0` outside the bounds (800, 4000).
    See also https://pyomo.readthedocs.io/en/stable/errors.html#w1002
WARNING (W1002): Setting Var 's[None,single].investmentStage[3].representative
Period[1].commitmentPeriod[14].dispatchPeriod[1].storageChargeLevel[100MW_400M
Wh_3-c]' to a numeric value `0` outside the bounds (80, 400).
    See also https://pyomo.readthedocs.io/en/stable/errors.html#w1002
WARNING (W1002): Setting Var 's[None,single].investmentStage[3].representative
Period[1].commitmentPeriod[14].dispatchPeriod[1].storageChargeLevel[100MW_800M
Wh_3-c]' to a numeric value `0` outside the bounds (160, 800).
    See also https://pyomo.readthedocs.io/en/stable/errors.html#w1002
WARNING (W1002): Setting Var 's[None,single].investmentStage[3].representative
Period[1].commitmentPeriod[14].dispatchPeriod[1].storageChargeLevel[1000MW_200
0MWh_3-c]' to a numeric value `0` outside the bounds (400, 2000).
    See also https://pyomo.readthedocs.io/en/stable/errors.html#w1002
WARNING (W1002): Setting Var 's[None,single].investmentStage[3].representative
Period[1].commitmentPeriod[14].dispatchPeriod[1].storageChargeLevel[1000MW_400
0MWh_3-c]' to a numeric value `0` outside the bounds (800, 4000).
    See also https://pyomo.readthedocs.io/en/stable/errors.html#w1002
WARNING (W1002): Setting Var 's[None,single].investmentStage[3].representative
Period[1].commitmentPeriod[15].dispatchPeriod[1].storageChargeLevel[100MW_400M
Wh_1]' to a numeric value `0` outside the bounds (80, 400).
    See also https://pyomo.readthedocs.io/en/stable/errors.html#w1002
WARNING (W1002): Setting Var 's[None,single].investmentStage[3].representative
Period[1].commitmentPeriod[15].dispatchPeriod[1].storageChargeLevel[100MW_800M
Wh-1]' to a numeric value `0` outside the bounds (160, 800).
    See also https://pyomo.readthedocs.io/en/stable/errors.html#w1002
WARNING (W1002): Setting Var 's[None,single].investmentStage[3].representative
Period[1].commitmentPeriod[15].dispatchPeriod[1].storageChargeLevel[1000MW_200
0MWh_1-c]' to a numeric value `0` outside the bounds (400, 2000).
    See also https://pyomo.readthedocs.io/en/stable/errors.html#w1002
WARNING (W1002): Setting Var 's[None,single].investmentStage[3].representative
Period[1].commitmentPeriod[15].dispatchPeriod[1].storageChargeLevel[1000MW_400
0MWh_1-c]' to a numeric value `0` outside the bounds (800, 4000).
    See also https://pyomo.readthedocs.io/en/stable/errors.html#w1002
WARNING (W1002): Setting Var 's[None,single].investmentStage[3].representative
Period[1].commitmentPeriod[15].dispatchPeriod[1].storageChargeLevel[100MW_400M
Wh_2-c]' to a numeric value `0` outside the bounds (80, 400).
    See also https://pyomo.readthedocs.io/en/stable/errors.html#w1002
WARNING (W1002): Setting Var 's[None,single].investmentStage[3].representative
Period[1].commitmentPeriod[15].dispatchPeriod[1].storageChargeLevel[100MW_800M
Wh_2-c]' to a numeric value `0` outside the bounds (160, 800).
    See also https://pyomo.readthedocs.io/en/stable/errors.html#w1002
WARNING (W1002): Setting Var 's[None,single].investmentStage[3].representative
Period[1].commitmentPeriod[15].dispatchPeriod[1].storageChargeLevel[1000MW_200
0MWh_2-c]' to a numeric value `0` outside the bounds (400, 2000).
    See also https://pyomo.readthedocs.io/en/stable/errors.html#w1002
WARNING (W1002): Setting Var 's[None,single].investmentStage[3].representative
Period[1].commitmentPeriod[15].dispatchPeriod[1].storageChargeLevel[1000MW_400
0MWh_2-c]' to a numeric value `0` outside the bounds (800, 4000).
    See also https://pyomo.readthedocs.io/en/stable/errors.html#w1002
WARNING (W1002): Setting Var 's[None,single].investmentStage[3].representative
Period[1].commitmentPeriod[15].dispatchPeriod[1].storageChargeLevel[100MW_400M
Wh_3-c]' to a numeric value `0` outside the bounds (80, 400).
    See also https://pyomo.readthedocs.io/en/stable/errors.html#w1002
WARNING (W1002): Setting Var 's[None,single].investmentStage[3].representative
Period[1].commitmentPeriod[15].dispatchPeriod[1].storageChargeLevel[100MW_800M
Wh_3-c]' to a numeric value `0` outside the bounds (160, 800).
    See also https://pyomo.readthedocs.io/en/stable/errors.html#w1002
WARNING (W1002): Setting Var 's[None,single].investmentStage[3].representative
Period[1].commitmentPeriod[15].dispatchPeriod[1].storageChargeLevel[1000MW_200
0MWh_3-c]' to a numeric value `0` outside the bounds (400, 2000).
    See also https://pyomo.readthedocs.io/en/stable/errors.html#w1002
WARNING (W1002): Setting Var 's[None,single].investmentStage[3].representative
Period[1].commitmentPeriod[15].dispatchPeriod[1].storageChargeLevel[1000MW_400
0MWh_3-c]' to a numeric value `0` outside the bounds (800, 4000).
    See also https://pyomo.readthedocs.io/en/stable/errors.html#w1002
WARNING (W1002): Setting Var 's[None,single].investmentStage[3].representative
Period[1].commitmentPeriod[16].dispatchPeriod[1].storageChargeLevel[100MW_400M
Wh_1]' to a numeric value `0` outside the bounds (80, 400).
    See also https://pyomo.readthedocs.io/en/stable/errors.html#w1002
WARNING (W1002): Setting Var 's[None,single].investmentStage[3].representative
Period[1].commitmentPeriod[16].dispatchPeriod[1].storageChargeLevel[100MW_800M
Wh-1]' to a numeric value `0` outside the bounds (160, 800).
    See also https://pyomo.readthedocs.io/en/stable/errors.html#w1002
WARNING (W1002): Setting Var 's[None,single].investmentStage[3].representative
Period[1].commitmentPeriod[16].dispatchPeriod[1].storageChargeLevel[1000MW_200
0MWh_1-c]' to a numeric value `0` outside the bounds (400, 2000).
    See also https://pyomo.readthedocs.io/en/stable/errors.html#w1002
WARNING (W1002): Setting Var 's[None,single].investmentStage[3].representative
Period[1].commitmentPeriod[16].dispatchPeriod[1].storageChargeLevel[1000MW_400
0MWh_1-c]' to a numeric value `0` outside the bounds (800, 4000).
    See also https://pyomo.readthedocs.io/en/stable/errors.html#w1002
WARNING (W1002): Setting Var 's[None,single].investmentStage[3].representative
Period[1].commitmentPeriod[16].dispatchPeriod[1].storageChargeLevel[100MW_400M
Wh_2-c]' to a numeric value `0` outside the bounds (80, 400).
    See also https://pyomo.readthedocs.io/en/stable/errors.html#w1002
WARNING (W1002): Setting Var 's[None,single].investmentStage[3].representative
Period[1].commitmentPeriod[16].dispatchPeriod[1].storageChargeLevel[100MW_800M
Wh_2-c]' to a numeric value `0` outside the bounds (160, 800).
    See also https://pyomo.readthedocs.io/en/stable/errors.html#w1002
WARNING (W1002): Setting Var 's[None,single].investmentStage[3].representative
Period[1].commitmentPeriod[16].dispatchPeriod[1].storageChargeLevel[1000MW_200
0MWh_2-c]' to a numeric value `0` outside the bounds (400, 2000).
    See also https://pyomo.readthedocs.io/en/stable/errors.html#w1002
WARNING (W1002): Setting Var 's[None,single].investmentStage[3].representative
Period[1].commitmentPeriod[16].dispatchPeriod[1].storageChargeLevel[1000MW_400
0MWh_2-c]' to a numeric value `0` outside the bounds (800, 4000).
    See also https://pyomo.readthedocs.io/en/stable/errors.html#w1002
WARNING (W1002): Setting Var 's[None,single].investmentStage[3].representative
Period[1].commitmentPeriod[16].dispatchPeriod[1].storageChargeLevel[100MW_400M
Wh_3-c]' to a numeric value `0` outside the bounds (80, 400).
    See also https://pyomo.readthedocs.io/en/stable/errors.html#w1002
WARNING (W1002): Setting Var 's[None,single].investmentStage[3].representative
Period[1].commitmentPeriod[16].dispatchPeriod[1].storageChargeLevel[100MW_800M
Wh_3-c]' to a numeric value `0` outside the bounds (160, 800).
    See also https://pyomo.readthedocs.io/en/stable/errors.html#w1002
WARNING (W1002): Setting Var 's[None,single].investmentStage[3].representative
Period[1].commitmentPeriod[16].dispatchPeriod[1].storageChargeLevel[1000MW_200
0MWh_3-c]' to a numeric value `0` outside the bounds (400, 2000).
    See also https://pyomo.readthedocs.io/en/stable/errors.html#w1002
WARNING (W1002): Setting Var 's[None,single].investmentStage[3].representative
Period[1].commitmentPeriod[16].dispatchPeriod[1].storageChargeLevel[1000MW_400
0MWh_3-c]' to a numeric value `0` outside the bounds (800, 4000).
    See also https://pyomo.readthedocs.io/en/stable/errors.html#w1002
WARNING (W1002): Setting Var 's[None,single].investmentStage[3].representative
Period[1].commitmentPeriod[17].dispatchPeriod[1].storageChargeLevel[100MW_400M
Wh_1]' to a numeric value `0` outside the bounds (80, 400).
    See also https://pyomo.readthedocs.io/en/stable/errors.html#w1002
WARNING (W1002): Setting Var 's[None,single].investmentStage[3].representative
Period[1].commitmentPeriod[17].dispatchPeriod[1].storageChargeLevel[100MW_800M
Wh-1]' to a numeric value `0` outside the bounds (160, 800).
    See also https://pyomo.readthedocs.io/en/stable/errors.html#w1002
WARNING (W1002): Setting Var 's[None,single].investmentStage[3].representative
Period[1].commitmentPeriod[17].dispatchPeriod[1].storageChargeLevel[1000MW_200
0MWh_1-c]' to a numeric value `0` outside the bounds (400, 2000).
    See also https://pyomo.readthedocs.io/en/stable/errors.html#w1002
WARNING (W1002): Setting Var 's[None,single].investmentStage[3].representative
Period[1].commitmentPeriod[17].dispatchPeriod[1].storageChargeLevel[1000MW_400
0MWh_1-c]' to a numeric value `0` outside the bounds (800, 4000).
    See also https://pyomo.readthedocs.io/en/stable/errors.html#w1002
WARNING (W1002): Setting Var 's[None,single].investmentStage[3].representative
Period[1].commitmentPeriod[17].dispatchPeriod[1].storageChargeLevel[100MW_400M
Wh_2-c]' to a numeric value `0` outside the bounds (80, 400).
    See also https://pyomo.readthedocs.io/en/stable/errors.html#w1002
WARNING (W1002): Setting Var 's[None,single].investmentStage[3].representative
Period[1].commitmentPeriod[17].dispatchPeriod[1].storageChargeLevel[100MW_800M
Wh_2-c]' to a numeric value `0` outside the bounds (160, 800).
    See also https://pyomo.readthedocs.io/en/stable/errors.html#w1002
WARNING (W1002): Setting Var 's[None,single].investmentStage[3].representative
Period[1].commitmentPeriod[17].dispatchPeriod[1].storageChargeLevel[1000MW_200
0MWh_2-c]' to a numeric value `0` outside the bounds (400, 2000).
    See also https://pyomo.readthedocs.io/en/stable/errors.html#w1002
WARNING (W1002): Setting Var 's[None,single].investmentStage[3].representative
Period[1].commitmentPeriod[17].dispatchPeriod[1].storageChargeLevel[1000MW_400
0MWh_2-c]' to a numeric value `0` outside the bounds (800, 4000).
    See also https://pyomo.readthedocs.io/en/stable/errors.html#w1002
WARNING (W1002): Setting Var 's[None,single].investmentStage[3].representative
Period[1].commitmentPeriod[17].dispatchPeriod[1].storageChargeLevel[100MW_400M
Wh_3-c]' to a numeric value `0` outside the bounds (80, 400).
    See also https://pyomo.readthedocs.io/en/stable/errors.html#w1002
WARNING (W1002): Setting Var 's[None,single].investmentStage[3].representative
Period[1].commitmentPeriod[17].dispatchPeriod[1].storageChargeLevel[100MW_800M
Wh_3-c]' to a numeric value `0` outside the bounds (160, 800).
    See also https://pyomo.readthedocs.io/en/stable/errors.html#w1002
WARNING (W1002): Setting Var 's[None,single].investmentStage[3].representative
Period[1].commitmentPeriod[17].dispatchPeriod[1].storageChargeLevel[1000MW_200
0MWh_3-c]' to a numeric value `0` outside the bounds (400, 2000).
    See also https://pyomo.readthedocs.io/en/stable/errors.html#w1002
WARNING (W1002): Setting Var 's[None,single].investmentStage[3].representative
Period[1].commitmentPeriod[17].dispatchPeriod[1].storageChargeLevel[1000MW_400
0MWh_3-c]' to a numeric value `0` outside the bounds (800, 4000).
    See also https://pyomo.readthedocs.io/en/stable/errors.html#w1002
WARNING (W1002): Setting Var 's[None,single].investmentStage[3].representative
Period[1].commitmentPeriod[18].dispatchPeriod[1].storageChargeLevel[100MW_400M
Wh_1]' to a numeric value `0` outside the bounds (80, 400).
    See also https://pyomo.readthedocs.io/en/stable/errors.html#w1002
WARNING (W1002): Setting Var 's[None,single].investmentStage[3].representative
Period[1].commitmentPeriod[18].dispatchPeriod[1].storageChargeLevel[100MW_800M
Wh-1]' to a numeric value `0` outside the bounds (160, 800).
    See also https://pyomo.readthedocs.io/en/stable/errors.html#w1002
WARNING (W1002): Setting Var 's[None,single].investmentStage[3].representative
Period[1].commitmentPeriod[18].dispatchPeriod[1].storageChargeLevel[1000MW_200
0MWh_1-c]' to a numeric value `0` outside the bounds (400, 2000).
    See also https://pyomo.readthedocs.io/en/stable/errors.html#w1002
WARNING (W1002): Setting Var 's[None,single].investmentStage[3].representative
Period[1].commitmentPeriod[18].dispatchPeriod[1].storageChargeLevel[1000MW_400
0MWh_1-c]' to a numeric value `0` outside the bounds (800, 4000).
    See also https://pyomo.readthedocs.io/en/stable/errors.html#w1002
WARNING (W1002): Setting Var 's[None,single].investmentStage[3].representative
Period[1].commitmentPeriod[18].dispatchPeriod[1].storageChargeLevel[100MW_400M
Wh_2-c]' to a numeric value `0` outside the bounds (80, 400).
    See also https://pyomo.readthedocs.io/en/stable/errors.html#w1002
WARNING (W1002): Setting Var 's[None,single].investmentStage[3].representative
Period[1].commitmentPeriod[18].dispatchPeriod[1].storageChargeLevel[100MW_800M
Wh_2-c]' to a numeric value `0` outside the bounds (160, 800).
    See also https://pyomo.readthedocs.io/en/stable/errors.html#w1002
WARNING (W1002): Setting Var 's[None,single].investmentStage[3].representative
Period[1].commitmentPeriod[18].dispatchPeriod[1].storageChargeLevel[1000MW_200
0MWh_2-c]' to a numeric value `0` outside the bounds (400, 2000).
    See also https://pyomo.readthedocs.io/en/stable/errors.html#w1002
WARNING (W1002): Setting Var 's[None,single].investmentStage[3].representative
Period[1].commitmentPeriod[18].dispatchPeriod[1].storageChargeLevel[1000MW_400
0MWh_2-c]' to a numeric value `0` outside the bounds (800, 4000).
    See also https://pyomo.readthedocs.io/en/stable/errors.html#w1002
WARNING (W1002): Setting Var 's[None,single].investmentStage[3].representative
Period[1].commitmentPeriod[18].dispatchPeriod[1].storageChargeLevel[100MW_400M
Wh_3-c]' to a numeric value `0` outside the bounds (80, 400).
    See also https://pyomo.readthedocs.io/en/stable/errors.html#w1002
WARNING (W1002): Setting Var 's[None,single].investmentStage[3].representative
Period[1].commitmentPeriod[18].dispatchPeriod[1].storageChargeLevel[100MW_800M
Wh_3-c]' to a numeric value `0` outside the bounds (160, 800).
    See also https://pyomo.readthedocs.io/en/stable/errors.html#w1002
WARNING (W1002): Setting Var 's[None,single].investmentStage[3].representative
Period[1].commitmentPeriod[18].dispatchPeriod[1].storageChargeLevel[1000MW_200
0MWh_3-c]' to a numeric value `0` outside the bounds (400, 2000).
    See also https://pyomo.readthedocs.io/en/stable/errors.html#w1002
WARNING (W1002): Setting Var 's[None,single].investmentStage[3].representative
Period[1].commitmentPeriod[18].dispatchPeriod[1].storageChargeLevel[1000MW_400
0MWh_3-c]' to a numeric value `0` outside the bounds (800, 4000).
    See also https://pyomo.readthedocs.io/en/stable/errors.html#w1002
WARNING (W1002): Setting Var 's[None,single].investmentStage[3].representative
Period[1].commitmentPeriod[19].dispatchPeriod[1].storageChargeLevel[100MW_400M
Wh_1]' to a numeric value `0` outside the bounds (80, 400).
    See also https://pyomo.readthedocs.io/en/stable/errors.html#w1002
WARNING (W1002): Setting Var 's[None,single].investmentStage[3].representative
Period[1].commitmentPeriod[19].dispatchPeriod[1].storageChargeLevel[100MW_800M
Wh-1]' to a numeric value `0` outside the bounds (160, 800).
    See also https://pyomo.readthedocs.io/en/stable/errors.html#w1002
WARNING (W1002): Setting Var 's[None,single].investmentStage[3].representative
Period[1].commitmentPeriod[19].dispatchPeriod[1].storageChargeLevel[1000MW_200
0MWh_1-c]' to a numeric value `0` outside the bounds (400, 2000).
    See also https://pyomo.readthedocs.io/en/stable/errors.html#w1002
WARNING (W1002): Setting Var 's[None,single].investmentStage[3].representative
Period[1].commitmentPeriod[19].dispatchPeriod[1].storageChargeLevel[1000MW_400
0MWh_1-c]' to a numeric value `0` outside the bounds (800, 4000).
    See also https://pyomo.readthedocs.io/en/stable/errors.html#w1002
WARNING (W1002): Setting Var 's[None,single].investmentStage[3].representative
Period[1].commitmentPeriod[19].dispatchPeriod[1].storageChargeLevel[100MW_400M
Wh_2-c]' to a numeric value `0` outside the bounds (80, 400).
    See also https://pyomo.readthedocs.io/en/stable/errors.html#w1002
WARNING (W1002): Setting Var 's[None,single].investmentStage[3].representative
Period[1].commitmentPeriod[19].dispatchPeriod[1].storageChargeLevel[100MW_800M
Wh_2-c]' to a numeric value `0` outside the bounds (160, 800).
    See also https://pyomo.readthedocs.io/en/stable/errors.html#w1002
WARNING (W1002): Setting Var 's[None,single].investmentStage[3].representative
Period[1].commitmentPeriod[19].dispatchPeriod[1].storageChargeLevel[1000MW_200
0MWh_2-c]' to a numeric value `0` outside the bounds (400, 2000).
    See also https://pyomo.readthedocs.io/en/stable/errors.html#w1002
WARNING (W1002): Setting Var 's[None,single].investmentStage[3].representative
Period[1].commitmentPeriod[19].dispatchPeriod[1].storageChargeLevel[1000MW_400
0MWh_2-c]' to a numeric value `0` outside the bounds (800, 4000).
    See also https://pyomo.readthedocs.io/en/stable/errors.html#w1002
WARNING (W1002): Setting Var 's[None,single].investmentStage[3].representative
Period[1].commitmentPeriod[19].dispatchPeriod[1].storageChargeLevel[100MW_400M
Wh_3-c]' to a numeric value `0` outside the bounds (80, 400).
    See also https://pyomo.readthedocs.io/en/stable/errors.html#w1002
WARNING (W1002): Setting Var 's[None,single].investmentStage[3].representative
Period[1].commitmentPeriod[19].dispatchPeriod[1].storageChargeLevel[100MW_800M
Wh_3-c]' to a numeric value `0` outside the bounds (160, 800).
    See also https://pyomo.readthedocs.io/en/stable/errors.html#w1002
WARNING (W1002): Setting Var 's[None,single].investmentStage[3].representative
Period[1].commitmentPeriod[19].dispatchPeriod[1].storageChargeLevel[1000MW_200
0MWh_3-c]' to a numeric value `0` outside the bounds (400, 2000).
    See also https://pyomo.readthedocs.io/en/stable/errors.html#w1002
WARNING (W1002): Setting Var 's[None,single].investmentStage[3].representative
Period[1].commitmentPeriod[19].dispatchPeriod[1].storageChargeLevel[1000MW_400
0MWh_3-c]' to a numeric value `0` outside the bounds (800, 4000).
    See also https://pyomo.readthedocs.io/en/stable/errors.html#w1002
WARNING (W1002): Setting Var 's[None,single].investmentStage[3].representative
Period[1].commitmentPeriod[20].dispatchPeriod[1].storageChargeLevel[100MW_400M
Wh_1]' to a numeric value `0` outside the bounds (80, 400).
    See also https://pyomo.readthedocs.io/en/stable/errors.html#w1002
WARNING (W1002): Setting Var 's[None,single].investmentStage[3].representative
Period[1].commitmentPeriod[20].dispatchPeriod[1].storageChargeLevel[100MW_800M
Wh-1]' to a numeric value `0` outside the bounds (160, 800).
    See also https://pyomo.readthedocs.io/en/stable/errors.html#w1002
WARNING (W1002): Setting Var 's[None,single].investmentStage[3].representative
Period[1].commitmentPeriod[20].dispatchPeriod[1].storageChargeLevel[1000MW_200
0MWh_1-c]' to a numeric value `0` outside the bounds (400, 2000).
    See also https://pyomo.readthedocs.io/en/stable/errors.html#w1002
WARNING (W1002): Setting Var 's[None,single].investmentStage[3].representative
Period[1].commitmentPeriod[20].dispatchPeriod[1].storageChargeLevel[1000MW_400
0MWh_1-c]' to a numeric value `0` outside the bounds (800, 4000).
    See also https://pyomo.readthedocs.io/en/stable/errors.html#w1002
WARNING (W1002): Setting Var 's[None,single].investmentStage[3].representative
Period[1].commitmentPeriod[20].dispatchPeriod[1].storageChargeLevel[100MW_400M
Wh_2-c]' to a numeric value `0` outside the bounds (80, 400).
    See also https://pyomo.readthedocs.io/en/stable/errors.html#w1002
WARNING (W1002): Setting Var 's[None,single].investmentStage[3].representative
Period[1].commitmentPeriod[20].dispatchPeriod[1].storageChargeLevel[100MW_800M
Wh_2-c]' to a numeric value `0` outside the bounds (160, 800).
    See also https://pyomo.readthedocs.io/en/stable/errors.html#w1002
WARNING (W1002): Setting Var 's[None,single].investmentStage[3].representative
Period[1].commitmentPeriod[20].dispatchPeriod[1].storageChargeLevel[1000MW_200
0MWh_2-c]' to a numeric value `0` outside the bounds (400, 2000).
    See also https://pyomo.readthedocs.io/en/stable/errors.html#w1002
WARNING (W1002): Setting Var 's[None,single].investmentStage[3].representative
Period[1].commitmentPeriod[20].dispatchPeriod[1].storageChargeLevel[1000MW_400
0MWh_2-c]' to a numeric value `0` outside the bounds (800, 4000).
    See also https://pyomo.readthedocs.io/en/stable/errors.html#w1002
WARNING (W1002): Setting Var 's[None,single].investmentStage[3].representative
Period[1].commitmentPeriod[20].dispatchPeriod[1].storageChargeLevel[100MW_400M
Wh_3-c]' to a numeric value `0` outside the bounds (80, 400).
    See also https://pyomo.readthedocs.io/en/stable/errors.html#w1002
WARNING (W1002): Setting Var 's[None,single].investmentStage[3].representative
Period[1].commitmentPeriod[20].dispatchPeriod[1].storageChargeLevel[100MW_800M
Wh_3-c]' to a numeric value `0` outside the bounds (160, 800).
    See also https://pyomo.readthedocs.io/en/stable/errors.html#w1002
WARNING (W1002): Setting Var 's[None,single].investmentStage[3].representative
Period[1].commitmentPeriod[20].dispatchPeriod[1].storageChargeLevel[1000MW_200
0MWh_3-c]' to a numeric value `0` outside the bounds (400, 2000).
    See also https://pyomo.readthedocs.io/en/stable/errors.html#w1002
WARNING (W1002): Setting Var 's[None,single].investmentStage[3].representative
Period[1].commitmentPeriod[20].dispatchPeriod[1].storageChargeLevel[1000MW_400
0MWh_3-c]' to a numeric value `0` outside the bounds (800, 4000).
    See also https://pyomo.readthedocs.io/en/stable/errors.html#w1002
WARNING (W1002): Setting Var 's[None,single].investmentStage[3].representative
Period[1].commitmentPeriod[21].dispatchPeriod[1].storageChargeLevel[100MW_400M
Wh_1]' to a numeric value `0` outside the bounds (80, 400).
    See also https://pyomo.readthedocs.io/en/stable/errors.html#w1002
WARNING (W1002): Setting Var 's[None,single].investmentStage[3].representative
Period[1].commitmentPeriod[21].dispatchPeriod[1].storageChargeLevel[100MW_800M
Wh-1]' to a numeric value `0` outside the bounds (160, 800).
    See also https://pyomo.readthedocs.io/en/stable/errors.html#w1002
WARNING (W1002): Setting Var 's[None,single].investmentStage[3].representative
Period[1].commitmentPeriod[21].dispatchPeriod[1].storageChargeLevel[1000MW_200
0MWh_1-c]' to a numeric value `0` outside the bounds (400, 2000).
    See also https://pyomo.readthedocs.io/en/stable/errors.html#w1002
WARNING (W1002): Setting Var 's[None,single].investmentStage[3].representative
Period[1].commitmentPeriod[21].dispatchPeriod[1].storageChargeLevel[1000MW_400
0MWh_1-c]' to a numeric value `0` outside the bounds (800, 4000).
    See also https://pyomo.readthedocs.io/en/stable/errors.html#w1002
WARNING (W1002): Setting Var 's[None,single].investmentStage[3].representative
Period[1].commitmentPeriod[21].dispatchPeriod[1].storageChargeLevel[100MW_400M
Wh_2-c]' to a numeric value `0` outside the bounds (80, 400).
    See also https://pyomo.readthedocs.io/en/stable/errors.html#w1002
WARNING (W1002): Setting Var 's[None,single].investmentStage[3].representative
Period[1].commitmentPeriod[21].dispatchPeriod[1].storageChargeLevel[100MW_800M
Wh_2-c]' to a numeric value `0` outside the bounds (160, 800).
    See also https://pyomo.readthedocs.io/en/stable/errors.html#w1002
WARNING (W1002): Setting Var 's[None,single].investmentStage[3].representative
Period[1].commitmentPeriod[21].dispatchPeriod[1].storageChargeLevel[1000MW_200
0MWh_2-c]' to a numeric value `0` outside the bounds (400, 2000).
    See also https://pyomo.readthedocs.io/en/stable/errors.html#w1002
WARNING (W1002): Setting Var 's[None,single].investmentStage[3].representative
Period[1].commitmentPeriod[21].dispatchPeriod[1].storageChargeLevel[1000MW_400
0MWh_2-c]' to a numeric value `0` outside the bounds (800, 4000).
    See also https://pyomo.readthedocs.io/en/stable/errors.html#w1002
WARNING (W1002): Setting Var 's[None,single].investmentStage[3].representative
Period[1].commitmentPeriod[21].dispatchPeriod[1].storageChargeLevel[100MW_400M
Wh_3-c]' to a numeric value `0` outside the bounds (80, 400).
    See also https://pyomo.readthedocs.io/en/stable/errors.html#w1002
WARNING (W1002): Setting Var 's[None,single].investmentStage[3].representative
Period[1].commitmentPeriod[21].dispatchPeriod[1].storageChargeLevel[100MW_800M
Wh_3-c]' to a numeric value `0` outside the bounds (160, 800).
    See also https://pyomo.readthedocs.io/en/stable/errors.html#w1002
WARNING (W1002): Setting Var 's[None,single].investmentStage[3].representative
Period[1].commitmentPeriod[21].dispatchPeriod[1].storageChargeLevel[1000MW_200
0MWh_3-c]' to a numeric value `0` outside the bounds (400, 2000).
    See also https://pyomo.readthedocs.io/en/stable/errors.html#w1002
WARNING (W1002): Setting Var 's[None,single].investmentStage[3].representative
Period[1].commitmentPeriod[21].dispatchPeriod[1].storageChargeLevel[1000MW_400
0MWh_3-c]' to a numeric value `0` outside the bounds (800, 4000).
    See also https://pyomo.readthedocs.io/en/stable/errors.html#w1002
WARNING (W1002): Setting Var 's[None,single].investmentStage[3].representative
Period[1].commitmentPeriod[22].dispatchPeriod[1].storageChargeLevel[100MW_400M
Wh_1]' to a numeric value `0` outside the bounds (80, 400).
    See also https://pyomo.readthedocs.io/en/stable/errors.html#w1002
WARNING (W1002): Setting Var 's[None,single].investmentStage[3].representative
Period[1].commitmentPeriod[22].dispatchPeriod[1].storageChargeLevel[100MW_800M
Wh-1]' to a numeric value `0` outside the bounds (160, 800).
    See also https://pyomo.readthedocs.io/en/stable/errors.html#w1002
WARNING (W1002): Setting Var 's[None,single].investmentStage[3].representative
Period[1].commitmentPeriod[22].dispatchPeriod[1].storageChargeLevel[1000MW_200
0MWh_1-c]' to a numeric value `0` outside the bounds (400, 2000).
    See also https://pyomo.readthedocs.io/en/stable/errors.html#w1002
WARNING (W1002): Setting Var 's[None,single].investmentStage[3].representative
Period[1].commitmentPeriod[22].dispatchPeriod[1].storageChargeLevel[1000MW_400
0MWh_1-c]' to a numeric value `0` outside the bounds (800, 4000).
    See also https://pyomo.readthedocs.io/en/stable/errors.html#w1002
WARNING (W1002): Setting Var 's[None,single].investmentStage[3].representative
Period[1].commitmentPeriod[22].dispatchPeriod[1].storageChargeLevel[100MW_400M
Wh_2-c]' to a numeric value `0` outside the bounds (80, 400).
    See also https://pyomo.readthedocs.io/en/stable/errors.html#w1002
WARNING (W1002): Setting Var 's[None,single].investmentStage[3].representative
Period[1].commitmentPeriod[22].dispatchPeriod[1].storageChargeLevel[100MW_800M
Wh_2-c]' to a numeric value `0` outside the bounds (160, 800).
    See also https://pyomo.readthedocs.io/en/stable/errors.html#w1002
WARNING (W1002): Setting Var 's[None,single].investmentStage[3].representative
Period[1].commitmentPeriod[22].dispatchPeriod[1].storageChargeLevel[1000MW_200
0MWh_2-c]' to a numeric value `0` outside the bounds (400, 2000).
    See also https://pyomo.readthedocs.io/en/stable/errors.html#w1002
WARNING (W1002): Setting Var 's[None,single].investmentStage[3].representative
Period[1].commitmentPeriod[22].dispatchPeriod[1].storageChargeLevel[1000MW_400
0MWh_2-c]' to a numeric value `0` outside the bounds (800, 4000).
    See also https://pyomo.readthedocs.io/en/stable/errors.html#w1002
WARNING (W1002): Setting Var 's[None,single].investmentStage[3].representative
Period[1].commitmentPeriod[22].dispatchPeriod[1].storageChargeLevel[100MW_400M
Wh_3-c]' to a numeric value `0` outside the bounds (80, 400).
    See also https://pyomo.readthedocs.io/en/stable/errors.html#w1002
WARNING (W1002): Setting Var 's[None,single].investmentStage[3].representative
Period[1].commitmentPeriod[22].dispatchPeriod[1].storageChargeLevel[100MW_800M
Wh_3-c]' to a numeric value `0` outside the bounds (160, 800).
    See also https://pyomo.readthedocs.io/en/stable/errors.html#w1002
WARNING (W1002): Setting Var 's[None,single].investmentStage[3].representative
Period[1].commitmentPeriod[22].dispatchPeriod[1].storageChargeLevel[1000MW_200
0MWh_3-c]' to a numeric value `0` outside the bounds (400, 2000).
    See also https://pyomo.readthedocs.io/en/stable/errors.html#w1002
WARNING (W1002): Setting Var 's[None,single].investmentStage[3].representative
Period[1].commitmentPeriod[22].dispatchPeriod[1].storageChargeLevel[1000MW_400
0MWh_3-c]' to a numeric value `0` outside the bounds (800, 4000).
    See also https://pyomo.readthedocs.io/en/stable/errors.html#w1002
WARNING (W1002): Setting Var 's[None,single].investmentStage[3].representative
Period[1].commitmentPeriod[23].dispatchPeriod[1].storageChargeLevel[100MW_400M
Wh_1]' to a numeric value `0` outside the bounds (80, 400).
    See also https://pyomo.readthedocs.io/en/stable/errors.html#w1002
WARNING (W1002): Setting Var 's[None,single].investmentStage[3].representative
Period[1].commitmentPeriod[23].dispatchPeriod[1].storageChargeLevel[100MW_800M
Wh-1]' to a numeric value `0` outside the bounds (160, 800).
    See also https://pyomo.readthedocs.io/en/stable/errors.html#w1002
WARNING (W1002): Setting Var 's[None,single].investmentStage[3].representative
Period[1].commitmentPeriod[23].dispatchPeriod[1].storageChargeLevel[1000MW_200
0MWh_1-c]' to a numeric value `0` outside the bounds (400, 2000).
    See also https://pyomo.readthedocs.io/en/stable/errors.html#w1002
WARNING (W1002): Setting Var 's[None,single].investmentStage[3].representative
Period[1].commitmentPeriod[23].dispatchPeriod[1].storageChargeLevel[1000MW_400
0MWh_1-c]' to a numeric value `0` outside the bounds (800, 4000).
    See also https://pyomo.readthedocs.io/en/stable/errors.html#w1002
WARNING (W1002): Setting Var 's[None,single].investmentStage[3].representative
Period[1].commitmentPeriod[23].dispatchPeriod[1].storageChargeLevel[100MW_400M
Wh_2-c]' to a numeric value `0` outside the bounds (80, 400).
    See also https://pyomo.readthedocs.io/en/stable/errors.html#w1002
WARNING (W1002): Setting Var 's[None,single].investmentStage[3].representative
Period[1].commitmentPeriod[23].dispatchPeriod[1].storageChargeLevel[100MW_800M
Wh_2-c]' to a numeric value `0` outside the bounds (160, 800).
    See also https://pyomo.readthedocs.io/en/stable/errors.html#w1002
WARNING (W1002): Setting Var 's[None,single].investmentStage[3].representative
Period[1].commitmentPeriod[23].dispatchPeriod[1].storageChargeLevel[1000MW_200
0MWh_2-c]' to a numeric value `0` outside the bounds (400, 2000).
    See also https://pyomo.readthedocs.io/en/stable/errors.html#w1002
WARNING (W1002): Setting Var 's[None,single].investmentStage[3].representative
Period[1].commitmentPeriod[23].dispatchPeriod[1].storageChargeLevel[1000MW_400
0MWh_2-c]' to a numeric value `0` outside the bounds (800, 4000).
    See also https://pyomo.readthedocs.io/en/stable/errors.html#w1002
WARNING (W1002): Setting Var 's[None,single].investmentStage[3].representative
Period[1].commitmentPeriod[23].dispatchPeriod[1].storageChargeLevel[100MW_400M
Wh_3-c]' to a numeric value `0` outside the bounds (80, 400).
    See also https://pyomo.readthedocs.io/en/stable/errors.html#w1002
WARNING (W1002): Setting Var 's[None,single].investmentStage[3].representative
Period[1].commitmentPeriod[23].dispatchPeriod[1].storageChargeLevel[100MW_800M
Wh_3-c]' to a numeric value `0` outside the bounds (160, 800).
    See also https://pyomo.readthedocs.io/en/stable/errors.html#w1002
WARNING (W1002): Setting Var 's[None,single].investmentStage[3].representative
Period[1].commitmentPeriod[23].dispatchPeriod[1].storageChargeLevel[1000MW_200
0MWh_3-c]' to a numeric value `0` outside the bounds (400, 2000).
    See also https://pyomo.readthedocs.io/en/stable/errors.html#w1002
WARNING (W1002): Setting Var 's[None,single].investmentStage[3].representative
Period[1].commitmentPeriod[23].dispatchPeriod[1].storageChargeLevel[1000MW_400
0MWh_3-c]' to a numeric value `0` outside the bounds (800, 4000).
    See also https://pyomo.readthedocs.io/en/stable/errors.html#w1002
WARNING (W1002): Setting Var 's[None,single].investmentStage[3].representative
Period[1].commitmentPeriod[24].dispatchPeriod[1].storageChargeLevel[100MW_400M
Wh_1]' to a numeric value `0` outside the bounds (80, 400).
    See also https://pyomo.readthedocs.io/en/stable/errors.html#w1002
WARNING (W1002): Setting Var 's[None,single].investmentStage[3].representative
Period[1].commitmentPeriod[24].dispatchPeriod[1].storageChargeLevel[100MW_800M
Wh-1]' to a numeric value `0` outside the bounds (160, 800).
    See also https://pyomo.readthedocs.io/en/stable/errors.html#w1002
WARNING (W1002): Setting Var 's[None,single].investmentStage[3].representative
Period[1].commitmentPeriod[24].dispatchPeriod[1].storageChargeLevel[1000MW_200
0MWh_1-c]' to a numeric value `0` outside the bounds (400, 2000).
    See also https://pyomo.readthedocs.io/en/stable/errors.html#w1002
WARNING (W1002): Setting Var 's[None,single].investmentStage[3].representative
Period[1].commitmentPeriod[24].dispatchPeriod[1].storageChargeLevel[1000MW_400
0MWh_1-c]' to a numeric value `0` outside the bounds (800, 4000).
    See also https://pyomo.readthedocs.io/en/stable/errors.html#w1002
WARNING (W1002): Setting Var 's[None,single].investmentStage[3].representative
Period[1].commitmentPeriod[24].dispatchPeriod[1].storageChargeLevel[100MW_400M
Wh_2-c]' to a numeric value `0` outside the bounds (80, 400).
    See also https://pyomo.readthedocs.io/en/stable/errors.html#w1002
WARNING (W1002): Setting Var 's[None,single].investmentStage[3].representative
Period[1].commitmentPeriod[24].dispatchPeriod[1].storageChargeLevel[100MW_800M
Wh_2-c]' to a numeric value `0` outside the bounds (160, 800).
    See also https://pyomo.readthedocs.io/en/stable/errors.html#w1002
WARNING (W1002): Setting Var 's[None,single].investmentStage[3].representative
Period[1].commitmentPeriod[24].dispatchPeriod[1].storageChargeLevel[1000MW_200
0MWh_2-c]' to a numeric value `0` outside the bounds (400, 2000).
    See also https://pyomo.readthedocs.io/en/stable/errors.html#w1002
WARNING (W1002): Setting Var 's[None,single].investmentStage[3].representative
Period[1].commitmentPeriod[24].dispatchPeriod[1].storageChargeLevel[1000MW_400
0MWh_2-c]' to a numeric value `0` outside the bounds (800, 4000).
    See also https://pyomo.readthedocs.io/en/stable/errors.html#w1002
WARNING (W1002): Setting Var 's[None,single].investmentStage[3].representative
Period[1].commitmentPeriod[24].dispatchPeriod[1].storageChargeLevel[100MW_400M
Wh_3-c]' to a numeric value `0` outside the bounds (80, 400).
    See also https://pyomo.readthedocs.io/en/stable/errors.html#w1002
WARNING (W1002): Setting Var 's[None,single].investmentStage[3].representative
Period[1].commitmentPeriod[24].dispatchPeriod[1].storageChargeLevel[100MW_800M
Wh_3-c]' to a numeric value `0` outside the bounds (160, 800).
    See also https://pyomo.readthedocs.io/en/stable/errors.html#w1002
WARNING (W1002): Setting Var 's[None,single].investmentStage[3].representative
Period[1].commitmentPeriod[24].dispatchPeriod[1].storageChargeLevel[1000MW_200
0MWh_3-c]' to a numeric value `0` outside the bounds (400, 2000).
    See also https://pyomo.readthedocs.io/en/stable/errors.html#w1002
WARNING (W1002): Setting Var 's[None,single].investmentStage[3].representative
Period[1].commitmentPeriod[24].dispatchPeriod[1].storageChargeLevel[1000MW_400
0MWh_3-c]' to a numeric value `0` outside the bounds (800, 4000).
    See also https://pyomo.readthedocs.io/en/stable/errors.html#w1002
WARNING (W1002): Setting Var 's[None,single].investmentStage[3].representative
Period[2].commitmentPeriod[1].dispatchPeriod[1].storageChargeLevel[100MW_400MW
h_1]' to a numeric value `0` outside the bounds (80, 400).
    See also https://pyomo.readthedocs.io/en/stable/errors.html#w1002
WARNING (W1002): Setting Var 's[None,single].investmentStage[3].representative
Period[2].commitmentPeriod[1].dispatchPeriod[1].storageChargeLevel[100MW_800MW
h-1]' to a numeric value `0` outside the bounds (160, 800).
    See also https://pyomo.readthedocs.io/en/stable/errors.html#w1002
WARNING (W1002): Setting Var 's[None,single].investmentStage[3].representative
Period[2].commitmentPeriod[1].dispatchPeriod[1].storageChargeLevel[1000MW_2000
MWh_1-c]' to a numeric value `0` outside the bounds (400, 2000).
    See also https://pyomo.readthedocs.io/en/stable/errors.html#w1002
WARNING (W1002): Setting Var 's[None,single].investmentStage[3].representative
Period[2].commitmentPeriod[1].dispatchPeriod[1].storageChargeLevel[1000MW_4000
MWh_1-c]' to a numeric value `0` outside the bounds (800, 4000).
    See also https://pyomo.readthedocs.io/en/stable/errors.html#w1002
WARNING (W1002): Setting Var 's[None,single].investmentStage[3].representative
Period[2].commitmentPeriod[1].dispatchPeriod[1].storageChargeLevel[100MW_400MW
h_2-c]' to a numeric value `0` outside the bounds (80, 400).
    See also https://pyomo.readthedocs.io/en/stable/errors.html#w1002
WARNING (W1002): Setting Var 's[None,single].investmentStage[3].representative
Period[2].commitmentPeriod[1].dispatchPeriod[1].storageChargeLevel[100MW_800MW
h_2-c]' to a numeric value `0` outside the bounds (160, 800).
    See also https://pyomo.readthedocs.io/en/stable/errors.html#w1002
WARNING (W1002): Setting Var 's[None,single].investmentStage[3].representative
Period[2].commitmentPeriod[1].dispatchPeriod[1].storageChargeLevel[1000MW_2000
MWh_2-c]' to a numeric value `0` outside the bounds (400, 2000).
    See also https://pyomo.readthedocs.io/en/stable/errors.html#w1002
WARNING (W1002): Setting Var 's[None,single].investmentStage[3].representative
Period[2].commitmentPeriod[1].dispatchPeriod[1].storageChargeLevel[1000MW_4000
MWh_2-c]' to a numeric value `0` outside the bounds (800, 4000).
    See also https://pyomo.readthedocs.io/en/stable/errors.html#w1002
WARNING (W1002): Setting Var 's[None,single].investmentStage[3].representative
Period[2].commitmentPeriod[1].dispatchPeriod[1].storageChargeLevel[100MW_400MW
h_3-c]' to a numeric value `0` outside the bounds (80, 400).
    See also https://pyomo.readthedocs.io/en/stable/errors.html#w1002
WARNING (W1002): Setting Var 's[None,single].investmentStage[3].representative
Period[2].commitmentPeriod[1].dispatchPeriod[1].storageChargeLevel[100MW_800MW
h_3-c]' to a numeric value `0` outside the bounds (160, 800).
    See also https://pyomo.readthedocs.io/en/stable/errors.html#w1002
WARNING (W1002): Setting Var 's[None,single].investmentStage[3].representative
Period[2].commitmentPeriod[1].dispatchPeriod[1].storageChargeLevel[1000MW_2000
MWh_3-c]' to a numeric value `0` outside the bounds (400, 2000).
    See also https://pyomo.readthedocs.io/en/stable/errors.html#w1002
WARNING (W1002): Setting Var 's[None,single].investmentStage[3].representative
Period[2].commitmentPeriod[1].dispatchPeriod[1].storageChargeLevel[1000MW_4000
MWh_3-c]' to a numeric value `0` outside the bounds (800, 4000).
    See also https://pyomo.readthedocs.io/en/stable/errors.html#w1002
WARNING (W1002): Setting Var 's[None,single].investmentStage[3].representative
Period[2].commitmentPeriod[2].dispatchPeriod[1].storageChargeLevel[100MW_400MW
h_1]' to a numeric value `0` outside the bounds (80, 400).
    See also https://pyomo.readthedocs.io/en/stable/errors.html#w1002
WARNING (W1002): Setting Var 's[None,single].investmentStage[3].representative
Period[2].commitmentPeriod[2].dispatchPeriod[1].storageChargeLevel[100MW_800MW
h-1]' to a numeric value `0` outside the bounds (160, 800).
    See also https://pyomo.readthedocs.io/en/stable/errors.html#w1002
WARNING (W1002): Setting Var 's[None,single].investmentStage[3].representative
Period[2].commitmentPeriod[2].dispatchPeriod[1].storageChargeLevel[1000MW_2000
MWh_1-c]' to a numeric value `0` outside the bounds (400, 2000).
    See also https://pyomo.readthedocs.io/en/stable/errors.html#w1002
WARNING (W1002): Setting Var 's[None,single].investmentStage[3].representative
Period[2].commitmentPeriod[2].dispatchPeriod[1].storageChargeLevel[1000MW_4000
MWh_1-c]' to a numeric value `0` outside the bounds (800, 4000).
    See also https://pyomo.readthedocs.io/en/stable/errors.html#w1002
WARNING (W1002): Setting Var 's[None,single].investmentStage[3].representative
Period[2].commitmentPeriod[2].dispatchPeriod[1].storageChargeLevel[100MW_400MW
h_2-c]' to a numeric value `0` outside the bounds (80, 400).
    See also https://pyomo.readthedocs.io/en/stable/errors.html#w1002
WARNING (W1002): Setting Var 's[None,single].investmentStage[3].representative
Period[2].commitmentPeriod[2].dispatchPeriod[1].storageChargeLevel[100MW_800MW
h_2-c]' to a numeric value `0` outside the bounds (160, 800).
    See also https://pyomo.readthedocs.io/en/stable/errors.html#w1002
WARNING (W1002): Setting Var 's[None,single].investmentStage[3].representative
Period[2].commitmentPeriod[2].dispatchPeriod[1].storageChargeLevel[1000MW_2000
MWh_2-c]' to a numeric value `0` outside the bounds (400, 2000).
    See also https://pyomo.readthedocs.io/en/stable/errors.html#w1002
WARNING (W1002): Setting Var 's[None,single].investmentStage[3].representative
Period[2].commitmentPeriod[2].dispatchPeriod[1].storageChargeLevel[1000MW_4000
MWh_2-c]' to a numeric value `0` outside the bounds (800, 4000).
    See also https://pyomo.readthedocs.io/en/stable/errors.html#w1002
WARNING (W1002): Setting Var 's[None,single].investmentStage[3].representative
Period[2].commitmentPeriod[2].dispatchPeriod[1].storageChargeLevel[100MW_400MW
h_3-c]' to a numeric value `0` outside the bounds (80, 400).
    See also https://pyomo.readthedocs.io/en/stable/errors.html#w1002
WARNING (W1002): Setting Var 's[None,single].investmentStage[3].representative
Period[2].commitmentPeriod[2].dispatchPeriod[1].storageChargeLevel[100MW_800MW
h_3-c]' to a numeric value `0` outside the bounds (160, 800).
    See also https://pyomo.readthedocs.io/en/stable/errors.html#w1002
WARNING (W1002): Setting Var 's[None,single].investmentStage[3].representative
Period[2].commitmentPeriod[2].dispatchPeriod[1].storageChargeLevel[1000MW_2000
MWh_3-c]' to a numeric value `0` outside the bounds (400, 2000).
    See also https://pyomo.readthedocs.io/en/stable/errors.html#w1002
WARNING (W1002): Setting Var 's[None,single].investmentStage[3].representative
Period[2].commitmentPeriod[2].dispatchPeriod[1].storageChargeLevel[1000MW_4000
MWh_3-c]' to a numeric value `0` outside the bounds (800, 4000).
    See also https://pyomo.readthedocs.io/en/stable/errors.html#w1002
WARNING (W1002): Setting Var 's[None,single].investmentStage[3].representative
Period[2].commitmentPeriod[3].dispatchPeriod[1].storageChargeLevel[100MW_400MW
h_1]' to a numeric value `0` outside the bounds (80, 400).
    See also https://pyomo.readthedocs.io/en/stable/errors.html#w1002
WARNING (W1002): Setting Var 's[None,single].investmentStage[3].representative
Period[2].commitmentPeriod[3].dispatchPeriod[1].storageChargeLevel[100MW_800MW
h-1]' to a numeric value `0` outside the bounds (160, 800).
    See also https://pyomo.readthedocs.io/en/stable/errors.html#w1002
WARNING (W1002): Setting Var 's[None,single].investmentStage[3].representative
Period[2].commitmentPeriod[3].dispatchPeriod[1].storageChargeLevel[1000MW_2000
MWh_1-c]' to a numeric value `0` outside the bounds (400, 2000).
    See also https://pyomo.readthedocs.io/en/stable/errors.html#w1002
WARNING (W1002): Setting Var 's[None,single].investmentStage[3].representative
Period[2].commitmentPeriod[3].dispatchPeriod[1].storageChargeLevel[1000MW_4000
MWh_1-c]' to a numeric value `0` outside the bounds (800, 4000).
    See also https://pyomo.readthedocs.io/en/stable/errors.html#w1002
WARNING (W1002): Setting Var 's[None,single].investmentStage[3].representative
Period[2].commitmentPeriod[3].dispatchPeriod[1].storageChargeLevel[100MW_400MW
h_2-c]' to a numeric value `0` outside the bounds (80, 400).
    See also https://pyomo.readthedocs.io/en/stable/errors.html#w1002
WARNING (W1002): Setting Var 's[None,single].investmentStage[3].representative
Period[2].commitmentPeriod[3].dispatchPeriod[1].storageChargeLevel[100MW_800MW
h_2-c]' to a numeric value `0` outside the bounds (160, 800).
    See also https://pyomo.readthedocs.io/en/stable/errors.html#w1002
WARNING (W1002): Setting Var 's[None,single].investmentStage[3].representative
Period[2].commitmentPeriod[3].dispatchPeriod[1].storageChargeLevel[1000MW_2000
MWh_2-c]' to a numeric value `0` outside the bounds (400, 2000).
    See also https://pyomo.readthedocs.io/en/stable/errors.html#w1002
WARNING (W1002): Setting Var 's[None,single].investmentStage[3].representative
Period[2].commitmentPeriod[3].dispatchPeriod[1].storageChargeLevel[1000MW_4000
MWh_2-c]' to a numeric value `0` outside the bounds (800, 4000).
    See also https://pyomo.readthedocs.io/en/stable/errors.html#w1002
WARNING (W1002): Setting Var 's[None,single].investmentStage[3].representative
Period[2].commitmentPeriod[3].dispatchPeriod[1].storageChargeLevel[100MW_400MW
h_3-c]' to a numeric value `0` outside the bounds (80, 400).
    See also https://pyomo.readthedocs.io/en/stable/errors.html#w1002
WARNING (W1002): Setting Var 's[None,single].investmentStage[3].representative
Period[2].commitmentPeriod[3].dispatchPeriod[1].storageChargeLevel[100MW_800MW
h_3-c]' to a numeric value `0` outside the bounds (160, 800).
    See also https://pyomo.readthedocs.io/en/stable/errors.html#w1002
WARNING (W1002): Setting Var 's[None,single].investmentStage[3].representative
Period[2].commitmentPeriod[3].dispatchPeriod[1].storageChargeLevel[1000MW_2000
MWh_3-c]' to a numeric value `0` outside the bounds (400, 2000).
    See also https://pyomo.readthedocs.io/en/stable/errors.html#w1002
WARNING (W1002): Setting Var 's[None,single].investmentStage[3].representative
Period[2].commitmentPeriod[3].dispatchPeriod[1].storageChargeLevel[1000MW_4000
MWh_3-c]' to a numeric value `0` outside the bounds (800, 4000).
    See also https://pyomo.readthedocs.io/en/stable/errors.html#w1002
WARNING (W1002): Setting Var 's[None,single].investmentStage[3].representative
Period[2].commitmentPeriod[4].dispatchPeriod[1].storageChargeLevel[100MW_400MW
h_1]' to a numeric value `0` outside the bounds (80, 400).
    See also https://pyomo.readthedocs.io/en/stable/errors.html#w1002
WARNING (W1002): Setting Var 's[None,single].investmentStage[3].representative
Period[2].commitmentPeriod[4].dispatchPeriod[1].storageChargeLevel[100MW_800MW
h-1]' to a numeric value `0` outside the bounds (160, 800).
    See also https://pyomo.readthedocs.io/en/stable/errors.html#w1002
WARNING (W1002): Setting Var 's[None,single].investmentStage[3].representative
Period[2].commitmentPeriod[4].dispatchPeriod[1].storageChargeLevel[1000MW_2000
MWh_1-c]' to a numeric value `0` outside the bounds (400, 2000).
    See also https://pyomo.readthedocs.io/en/stable/errors.html#w1002
WARNING (W1002): Setting Var 's[None,single].investmentStage[3].representative
Period[2].commitmentPeriod[4].dispatchPeriod[1].storageChargeLevel[1000MW_4000
MWh_1-c]' to a numeric value `0` outside the bounds (800, 4000).
    See also https://pyomo.readthedocs.io/en/stable/errors.html#w1002
WARNING (W1002): Setting Var 's[None,single].investmentStage[3].representative
Period[2].commitmentPeriod[4].dispatchPeriod[1].storageChargeLevel[100MW_400MW
h_2-c]' to a numeric value `0` outside the bounds (80, 400).
    See also https://pyomo.readthedocs.io/en/stable/errors.html#w1002
WARNING (W1002): Setting Var 's[None,single].investmentStage[3].representative
Period[2].commitmentPeriod[4].dispatchPeriod[1].storageChargeLevel[100MW_800MW
h_2-c]' to a numeric value `0` outside the bounds (160, 800).
    See also https://pyomo.readthedocs.io/en/stable/errors.html#w1002
WARNING (W1002): Setting Var 's[None,single].investmentStage[3].representative
Period[2].commitmentPeriod[4].dispatchPeriod[1].storageChargeLevel[1000MW_2000
MWh_2-c]' to a numeric value `0` outside the bounds (400, 2000).
    See also https://pyomo.readthedocs.io/en/stable/errors.html#w1002
WARNING (W1002): Setting Var 's[None,single].investmentStage[3].representative
Period[2].commitmentPeriod[4].dispatchPeriod[1].storageChargeLevel[1000MW_4000
MWh_2-c]' to a numeric value `0` outside the bounds (800, 4000).
    See also https://pyomo.readthedocs.io/en/stable/errors.html#w1002
WARNING (W1002): Setting Var 's[None,single].investmentStage[3].representative
Period[2].commitmentPeriod[4].dispatchPeriod[1].storageChargeLevel[100MW_400MW
h_3-c]' to a numeric value `0` outside the bounds (80, 400).
    See also https://pyomo.readthedocs.io/en/stable/errors.html#w1002
WARNING (W1002): Setting Var 's[None,single].investmentStage[3].representative
Period[2].commitmentPeriod[4].dispatchPeriod[1].storageChargeLevel[100MW_800MW
h_3-c]' to a numeric value `0` outside the bounds (160, 800).
    See also https://pyomo.readthedocs.io/en/stable/errors.html#w1002
WARNING (W1002): Setting Var 's[None,single].investmentStage[3].representative
Period[2].commitmentPeriod[4].dispatchPeriod[1].storageChargeLevel[1000MW_2000
MWh_3-c]' to a numeric value `0` outside the bounds (400, 2000).
    See also https://pyomo.readthedocs.io/en/stable/errors.html#w1002
WARNING (W1002): Setting Var 's[None,single].investmentStage[3].representative
Period[2].commitmentPeriod[4].dispatchPeriod[1].storageChargeLevel[1000MW_4000
MWh_3-c]' to a numeric value `0` outside the bounds (800, 4000).
    See also https://pyomo.readthedocs.io/en/stable/errors.html#w1002
WARNING (W1002): Setting Var 's[None,single].investmentStage[3].representative
Period[2].commitmentPeriod[5].dispatchPeriod[1].storageChargeLevel[100MW_400MW
h_1]' to a numeric value `0` outside the bounds (80, 400).
    See also https://pyomo.readthedocs.io/en/stable/errors.html#w1002
WARNING (W1002): Setting Var 's[None,single].investmentStage[3].representative
Period[2].commitmentPeriod[5].dispatchPeriod[1].storageChargeLevel[100MW_800MW
h-1]' to a numeric value `0` outside the bounds (160, 800).
    See also https://pyomo.readthedocs.io/en/stable/errors.html#w1002
WARNING (W1002): Setting Var 's[None,single].investmentStage[3].representative
Period[2].commitmentPeriod[5].dispatchPeriod[1].storageChargeLevel[1000MW_2000
MWh_1-c]' to a numeric value `0` outside the bounds (400, 2000).
    See also https://pyomo.readthedocs.io/en/stable/errors.html#w1002
WARNING (W1002): Setting Var 's[None,single].investmentStage[3].representative
Period[2].commitmentPeriod[5].dispatchPeriod[1].storageChargeLevel[1000MW_4000
MWh_1-c]' to a numeric value `0` outside the bounds (800, 4000).
    See also https://pyomo.readthedocs.io/en/stable/errors.html#w1002
WARNING (W1002): Setting Var 's[None,single].investmentStage[3].representative
Period[2].commitmentPeriod[5].dispatchPeriod[1].storageChargeLevel[100MW_400MW
h_2-c]' to a numeric value `0` outside the bounds (80, 400).
    See also https://pyomo.readthedocs.io/en/stable/errors.html#w1002
WARNING (W1002): Setting Var 's[None,single].investmentStage[3].representative
Period[2].commitmentPeriod[5].dispatchPeriod[1].storageChargeLevel[100MW_800MW
h_2-c]' to a numeric value `0` outside the bounds (160, 800).
    See also https://pyomo.readthedocs.io/en/stable/errors.html#w1002
WARNING (W1002): Setting Var 's[None,single].investmentStage[3].representative
Period[2].commitmentPeriod[5].dispatchPeriod[1].storageChargeLevel[1000MW_2000
MWh_2-c]' to a numeric value `0` outside the bounds (400, 2000).
    See also https://pyomo.readthedocs.io/en/stable/errors.html#w1002
WARNING (W1002): Setting Var 's[None,single].investmentStage[3].representative
Period[2].commitmentPeriod[5].dispatchPeriod[1].storageChargeLevel[1000MW_4000
MWh_2-c]' to a numeric value `0` outside the bounds (800, 4000).
    See also https://pyomo.readthedocs.io/en/stable/errors.html#w1002
WARNING (W1002): Setting Var 's[None,single].investmentStage[3].representative
Period[2].commitmentPeriod[5].dispatchPeriod[1].storageChargeLevel[100MW_400MW
h_3-c]' to a numeric value `0` outside the bounds (80, 400).
    See also https://pyomo.readthedocs.io/en/stable/errors.html#w1002
WARNING (W1002): Setting Var 's[None,single].investmentStage[3].representative
Period[2].commitmentPeriod[5].dispatchPeriod[1].storageChargeLevel[100MW_800MW
h_3-c]' to a numeric value `0` outside the bounds (160, 800).
    See also https://pyomo.readthedocs.io/en/stable/errors.html#w1002
WARNING (W1002): Setting Var 's[None,single].investmentStage[3].representative
Period[2].commitmentPeriod[5].dispatchPeriod[1].storageChargeLevel[1000MW_2000
MWh_3-c]' to a numeric value `0` outside the bounds (400, 2000).
    See also https://pyomo.readthedocs.io/en/stable/errors.html#w1002
WARNING (W1002): Setting Var 's[None,single].investmentStage[3].representative
Period[2].commitmentPeriod[5].dispatchPeriod[1].storageChargeLevel[1000MW_4000
MWh_3-c]' to a numeric value `0` outside the bounds (800, 4000).
    See also https://pyomo.readthedocs.io/en/stable/errors.html#w1002
WARNING (W1002): Setting Var 's[None,single].investmentStage[3].representative
Period[2].commitmentPeriod[6].dispatchPeriod[1].storageChargeLevel[100MW_400MW
h_1]' to a numeric value `0` outside the bounds (80, 400).
    See also https://pyomo.readthedocs.io/en/stable/errors.html#w1002
WARNING (W1002): Setting Var 's[None,single].investmentStage[3].representative
Period[2].commitmentPeriod[6].dispatchPeriod[1].storageChargeLevel[100MW_800MW
h-1]' to a numeric value `0` outside the bounds (160, 800).
    See also https://pyomo.readthedocs.io/en/stable/errors.html#w1002
WARNING (W1002): Setting Var 's[None,single].investmentStage[3].representative
Period[2].commitmentPeriod[6].dispatchPeriod[1].storageChargeLevel[1000MW_2000
MWh_1-c]' to a numeric value `0` outside the bounds (400, 2000).
    See also https://pyomo.readthedocs.io/en/stable/errors.html#w1002
WARNING (W1002): Setting Var 's[None,single].investmentStage[3].representative
Period[2].commitmentPeriod[6].dispatchPeriod[1].storageChargeLevel[1000MW_4000
MWh_1-c]' to a numeric value `0` outside the bounds (800, 4000).
    See also https://pyomo.readthedocs.io/en/stable/errors.html#w1002
WARNING (W1002): Setting Var 's[None,single].investmentStage[3].representative
Period[2].commitmentPeriod[6].dispatchPeriod[1].storageChargeLevel[100MW_400MW
h_2-c]' to a numeric value `0` outside the bounds (80, 400).
    See also https://pyomo.readthedocs.io/en/stable/errors.html#w1002
WARNING (W1002): Setting Var 's[None,single].investmentStage[3].representative
Period[2].commitmentPeriod[6].dispatchPeriod[1].storageChargeLevel[100MW_800MW
h_2-c]' to a numeric value `0` outside the bounds (160, 800).
    See also https://pyomo.readthedocs.io/en/stable/errors.html#w1002
WARNING (W1002): Setting Var 's[None,single].investmentStage[3].representative
Period[2].commitmentPeriod[6].dispatchPeriod[1].storageChargeLevel[1000MW_2000
MWh_2-c]' to a numeric value `0` outside the bounds (400, 2000).
    See also https://pyomo.readthedocs.io/en/stable/errors.html#w1002
WARNING (W1002): Setting Var 's[None,single].investmentStage[3].representative
Period[2].commitmentPeriod[6].dispatchPeriod[1].storageChargeLevel[1000MW_4000
MWh_2-c]' to a numeric value `0` outside the bounds (800, 4000).
    See also https://pyomo.readthedocs.io/en/stable/errors.html#w1002
WARNING (W1002): Setting Var 's[None,single].investmentStage[3].representative
Period[2].commitmentPeriod[6].dispatchPeriod[1].storageChargeLevel[100MW_400MW
h_3-c]' to a numeric value `0` outside the bounds (80, 400).
    See also https://pyomo.readthedocs.io/en/stable/errors.html#w1002
WARNING (W1002): Setting Var 's[None,single].investmentStage[3].representative
Period[2].commitmentPeriod[6].dispatchPeriod[1].storageChargeLevel[100MW_800MW
h_3-c]' to a numeric value `0` outside the bounds (160, 800).
    See also https://pyomo.readthedocs.io/en/stable/errors.html#w1002
WARNING (W1002): Setting Var 's[None,single].investmentStage[3].representative
Period[2].commitmentPeriod[6].dispatchPeriod[1].storageChargeLevel[1000MW_2000
MWh_3-c]' to a numeric value `0` outside the bounds (400, 2000).
    See also https://pyomo.readthedocs.io/en/stable/errors.html#w1002
WARNING (W1002): Setting Var 's[None,single].investmentStage[3].representative
Period[2].commitmentPeriod[6].dispatchPeriod[1].storageChargeLevel[1000MW_4000
MWh_3-c]' to a numeric value `0` outside the bounds (800, 4000).
    See also https://pyomo.readthedocs.io/en/stable/errors.html#w1002
WARNING (W1002): Setting Var 's[None,single].investmentStage[3].representative
Period[2].commitmentPeriod[7].dispatchPeriod[1].storageChargeLevel[100MW_400MW
h_1]' to a numeric value `0` outside the bounds (80, 400).
    See also https://pyomo.readthedocs.io/en/stable/errors.html#w1002
WARNING (W1002): Setting Var 's[None,single].investmentStage[3].representative
Period[2].commitmentPeriod[7].dispatchPeriod[1].storageChargeLevel[100MW_800MW
h-1]' to a numeric value `0` outside the bounds (160, 800).
    See also https://pyomo.readthedocs.io/en/stable/errors.html#w1002
WARNING (W1002): Setting Var 's[None,single].investmentStage[3].representative
Period[2].commitmentPeriod[7].dispatchPeriod[1].storageChargeLevel[1000MW_2000
MWh_1-c]' to a numeric value `0` outside the bounds (400, 2000).
    See also https://pyomo.readthedocs.io/en/stable/errors.html#w1002
WARNING (W1002): Setting Var 's[None,single].investmentStage[3].representative
Period[2].commitmentPeriod[7].dispatchPeriod[1].storageChargeLevel[1000MW_4000
MWh_1-c]' to a numeric value `0` outside the bounds (800, 4000).
    See also https://pyomo.readthedocs.io/en/stable/errors.html#w1002
WARNING (W1002): Setting Var 's[None,single].investmentStage[3].representative
Period[2].commitmentPeriod[7].dispatchPeriod[1].storageChargeLevel[100MW_400MW
h_2-c]' to a numeric value `0` outside the bounds (80, 400).
    See also https://pyomo.readthedocs.io/en/stable/errors.html#w1002
WARNING (W1002): Setting Var 's[None,single].investmentStage[3].representative
Period[2].commitmentPeriod[7].dispatchPeriod[1].storageChargeLevel[100MW_800MW
h_2-c]' to a numeric value `0` outside the bounds (160, 800).
    See also https://pyomo.readthedocs.io/en/stable/errors.html#w1002
WARNING (W1002): Setting Var 's[None,single].investmentStage[3].representative
Period[2].commitmentPeriod[7].dispatchPeriod[1].storageChargeLevel[1000MW_2000
MWh_2-c]' to a numeric value `0` outside the bounds (400, 2000).
    See also https://pyomo.readthedocs.io/en/stable/errors.html#w1002
WARNING (W1002): Setting Var 's[None,single].investmentStage[3].representative
Period[2].commitmentPeriod[7].dispatchPeriod[1].storageChargeLevel[1000MW_4000
MWh_2-c]' to a numeric value `0` outside the bounds (800, 4000).
    See also https://pyomo.readthedocs.io/en/stable/errors.html#w1002
WARNING (W1002): Setting Var 's[None,single].investmentStage[3].representative
Period[2].commitmentPeriod[7].dispatchPeriod[1].storageChargeLevel[100MW_400MW
h_3-c]' to a numeric value `0` outside the bounds (80, 400).
    See also https://pyomo.readthedocs.io/en/stable/errors.html#w1002
WARNING (W1002): Setting Var 's[None,single].investmentStage[3].representative
Period[2].commitmentPeriod[7].dispatchPeriod[1].storageChargeLevel[100MW_800MW
h_3-c]' to a numeric value `0` outside the bounds (160, 800).
    See also https://pyomo.readthedocs.io/en/stable/errors.html#w1002
WARNING (W1002): Setting Var 's[None,single].investmentStage[3].representative
Period[2].commitmentPeriod[7].dispatchPeriod[1].storageChargeLevel[1000MW_2000
MWh_3-c]' to a numeric value `0` outside the bounds (400, 2000).
    See also https://pyomo.readthedocs.io/en/stable/errors.html#w1002
WARNING (W1002): Setting Var 's[None,single].investmentStage[3].representative
Period[2].commitmentPeriod[7].dispatchPeriod[1].storageChargeLevel[1000MW_4000
MWh_3-c]' to a numeric value `0` outside the bounds (800, 4000).
    See also https://pyomo.readthedocs.io/en/stable/errors.html#w1002
WARNING (W1002): Setting Var 's[None,single].investmentStage[3].representative
Period[2].commitmentPeriod[8].dispatchPeriod[1].storageChargeLevel[100MW_400MW
h_1]' to a numeric value `0` outside the bounds (80, 400).
    See also https://pyomo.readthedocs.io/en/stable/errors.html#w1002
WARNING (W1002): Setting Var 's[None,single].investmentStage[3].representative
Period[2].commitmentPeriod[8].dispatchPeriod[1].storageChargeLevel[100MW_800MW
h-1]' to a numeric value `0` outside the bounds (160, 800).
    See also https://pyomo.readthedocs.io/en/stable/errors.html#w1002
WARNING (W1002): Setting Var 's[None,single].investmentStage[3].representative
Period[2].commitmentPeriod[8].dispatchPeriod[1].storageChargeLevel[1000MW_2000
MWh_1-c]' to a numeric value `0` outside the bounds (400, 2000).
    See also https://pyomo.readthedocs.io/en/stable/errors.html#w1002
WARNING (W1002): Setting Var 's[None,single].investmentStage[3].representative
Period[2].commitmentPeriod[8].dispatchPeriod[1].storageChargeLevel[1000MW_4000
MWh_1-c]' to a numeric value `0` outside the bounds (800, 4000).
    See also https://pyomo.readthedocs.io/en/stable/errors.html#w1002
WARNING (W1002): Setting Var 's[None,single].investmentStage[3].representative
Period[2].commitmentPeriod[8].dispatchPeriod[1].storageChargeLevel[100MW_400MW
h_2-c]' to a numeric value `0` outside the bounds (80, 400).
    See also https://pyomo.readthedocs.io/en/stable/errors.html#w1002
WARNING (W1002): Setting Var 's[None,single].investmentStage[3].representative
Period[2].commitmentPeriod[8].dispatchPeriod[1].storageChargeLevel[100MW_800MW
h_2-c]' to a numeric value `0` outside the bounds (160, 800).
    See also https://pyomo.readthedocs.io/en/stable/errors.html#w1002
WARNING (W1002): Setting Var 's[None,single].investmentStage[3].representative
Period[2].commitmentPeriod[8].dispatchPeriod[1].storageChargeLevel[1000MW_2000
MWh_2-c]' to a numeric value `0` outside the bounds (400, 2000).
    See also https://pyomo.readthedocs.io/en/stable/errors.html#w1002
WARNING (W1002): Setting Var 's[None,single].investmentStage[3].representative
Period[2].commitmentPeriod[8].dispatchPeriod[1].storageChargeLevel[1000MW_4000
MWh_2-c]' to a numeric value `0` outside the bounds (800, 4000).
    See also https://pyomo.readthedocs.io/en/stable/errors.html#w1002
WARNING (W1002): Setting Var 's[None,single].investmentStage[3].representative
Period[2].commitmentPeriod[8].dispatchPeriod[1].storageChargeLevel[100MW_400MW
h_3-c]' to a numeric value `0` outside the bounds (80, 400).
    See also https://pyomo.readthedocs.io/en/stable/errors.html#w1002
WARNING (W1002): Setting Var 's[None,single].investmentStage[3].representative
Period[2].commitmentPeriod[8].dispatchPeriod[1].storageChargeLevel[100MW_800MW
h_3-c]' to a numeric value `0` outside the bounds (160, 800).
    See also https://pyomo.readthedocs.io/en/stable/errors.html#w1002
WARNING (W1002): Setting Var 's[None,single].investmentStage[3].representative
Period[2].commitmentPeriod[8].dispatchPeriod[1].storageChargeLevel[1000MW_2000
MWh_3-c]' to a numeric value `0` outside the bounds (400, 2000).
    See also https://pyomo.readthedocs.io/en/stable/errors.html#w1002
WARNING (W1002): Setting Var 's[None,single].investmentStage[3].representative
Period[2].commitmentPeriod[8].dispatchPeriod[1].storageChargeLevel[1000MW_4000
MWh_3-c]' to a numeric value `0` outside the bounds (800, 4000).
    See also https://pyomo.readthedocs.io/en/stable/errors.html#w1002
WARNING (W1002): Setting Var 's[None,single].investmentStage[3].representative
Period[2].commitmentPeriod[9].dispatchPeriod[1].storageChargeLevel[100MW_400MW
h_1]' to a numeric value `0` outside the bounds (80, 400).
    See also https://pyomo.readthedocs.io/en/stable/errors.html#w1002
WARNING (W1002): Setting Var 's[None,single].investmentStage[3].representative
Period[2].commitmentPeriod[9].dispatchPeriod[1].storageChargeLevel[100MW_800MW
h-1]' to a numeric value `0` outside the bounds (160, 800).
    See also https://pyomo.readthedocs.io/en/stable/errors.html#w1002
WARNING (W1002): Setting Var 's[None,single].investmentStage[3].representative
Period[2].commitmentPeriod[9].dispatchPeriod[1].storageChargeLevel[1000MW_2000
MWh_1-c]' to a numeric value `0` outside the bounds (400, 2000).
    See also https://pyomo.readthedocs.io/en/stable/errors.html#w1002
WARNING (W1002): Setting Var 's[None,single].investmentStage[3].representative
Period[2].commitmentPeriod[9].dispatchPeriod[1].storageChargeLevel[1000MW_4000
MWh_1-c]' to a numeric value `0` outside the bounds (800, 4000).
    See also https://pyomo.readthedocs.io/en/stable/errors.html#w1002
WARNING (W1002): Setting Var 's[None,single].investmentStage[3].representative
Period[2].commitmentPeriod[9].dispatchPeriod[1].storageChargeLevel[100MW_400MW
h_2-c]' to a numeric value `0` outside the bounds (80, 400).
    See also https://pyomo.readthedocs.io/en/stable/errors.html#w1002
WARNING (W1002): Setting Var 's[None,single].investmentStage[3].representative
Period[2].commitmentPeriod[9].dispatchPeriod[1].storageChargeLevel[100MW_800MW
h_2-c]' to a numeric value `0` outside the bounds (160, 800).
    See also https://pyomo.readthedocs.io/en/stable/errors.html#w1002
WARNING (W1002): Setting Var 's[None,single].investmentStage[3].representative
Period[2].commitmentPeriod[9].dispatchPeriod[1].storageChargeLevel[1000MW_2000
MWh_2-c]' to a numeric value `0` outside the bounds (400, 2000).
    See also https://pyomo.readthedocs.io/en/stable/errors.html#w1002
WARNING (W1002): Setting Var 's[None,single].investmentStage[3].representative
Period[2].commitmentPeriod[9].dispatchPeriod[1].storageChargeLevel[1000MW_4000
MWh_2-c]' to a numeric value `0` outside the bounds (800, 4000).
    See also https://pyomo.readthedocs.io/en/stable/errors.html#w1002
WARNING (W1002): Setting Var 's[None,single].investmentStage[3].representative
Period[2].commitmentPeriod[9].dispatchPeriod[1].storageChargeLevel[100MW_400MW
h_3-c]' to a numeric value `0` outside the bounds (80, 400).
    See also https://pyomo.readthedocs.io/en/stable/errors.html#w1002
WARNING (W1002): Setting Var 's[None,single].investmentStage[3].representative
Period[2].commitmentPeriod[9].dispatchPeriod[1].storageChargeLevel[100MW_800MW
h_3-c]' to a numeric value `0` outside the bounds (160, 800).
    See also https://pyomo.readthedocs.io/en/stable/errors.html#w1002
WARNING (W1002): Setting Var 's[None,single].investmentStage[3].representative
Period[2].commitmentPeriod[9].dispatchPeriod[1].storageChargeLevel[1000MW_2000
MWh_3-c]' to a numeric value `0` outside the bounds (400, 2000).
    See also https://pyomo.readthedocs.io/en/stable/errors.html#w1002
WARNING (W1002): Setting Var 's[None,single].investmentStage[3].representative
Period[2].commitmentPeriod[9].dispatchPeriod[1].storageChargeLevel[1000MW_4000
MWh_3-c]' to a numeric value `0` outside the bounds (800, 4000).
    See also https://pyomo.readthedocs.io/en/stable/errors.html#w1002
WARNING (W1002): Setting Var 's[None,single].investmentStage[3].representative
Period[2].commitmentPeriod[10].dispatchPeriod[1].storageChargeLevel[100MW_400M
Wh_1]' to a numeric value `0` outside the bounds (80, 400).
    See also https://pyomo.readthedocs.io/en/stable/errors.html#w1002
WARNING (W1002): Setting Var 's[None,single].investmentStage[3].representative
Period[2].commitmentPeriod[10].dispatchPeriod[1].storageChargeLevel[100MW_800M
Wh-1]' to a numeric value `0` outside the bounds (160, 800).
    See also https://pyomo.readthedocs.io/en/stable/errors.html#w1002
WARNING (W1002): Setting Var 's[None,single].investmentStage[3].representative
Period[2].commitmentPeriod[10].dispatchPeriod[1].storageChargeLevel[1000MW_200
0MWh_1-c]' to a numeric value `0` outside the bounds (400, 2000).
    See also https://pyomo.readthedocs.io/en/stable/errors.html#w1002
WARNING (W1002): Setting Var 's[None,single].investmentStage[3].representative
Period[2].commitmentPeriod[10].dispatchPeriod[1].storageChargeLevel[1000MW_400
0MWh_1-c]' to a numeric value `0` outside the bounds (800, 4000).
    See also https://pyomo.readthedocs.io/en/stable/errors.html#w1002
WARNING (W1002): Setting Var 's[None,single].investmentStage[3].representative
Period[2].commitmentPeriod[10].dispatchPeriod[1].storageChargeLevel[100MW_400M
Wh_2-c]' to a numeric value `0` outside the bounds (80, 400).
    See also https://pyomo.readthedocs.io/en/stable/errors.html#w1002
WARNING (W1002): Setting Var 's[None,single].investmentStage[3].representative
Period[2].commitmentPeriod[10].dispatchPeriod[1].storageChargeLevel[100MW_800M
Wh_2-c]' to a numeric value `0` outside the bounds (160, 800).
    See also https://pyomo.readthedocs.io/en/stable/errors.html#w1002
WARNING (W1002): Setting Var 's[None,single].investmentStage[3].representative
Period[2].commitmentPeriod[10].dispatchPeriod[1].storageChargeLevel[1000MW_200
0MWh_2-c]' to a numeric value `0` outside the bounds (400, 2000).
    See also https://pyomo.readthedocs.io/en/stable/errors.html#w1002
WARNING (W1002): Setting Var 's[None,single].investmentStage[3].representative
Period[2].commitmentPeriod[10].dispatchPeriod[1].storageChargeLevel[1000MW_400
0MWh_2-c]' to a numeric value `0` outside the bounds (800, 4000).
    See also https://pyomo.readthedocs.io/en/stable/errors.html#w1002
WARNING (W1002): Setting Var 's[None,single].investmentStage[3].representative
Period[2].commitmentPeriod[10].dispatchPeriod[1].storageChargeLevel[100MW_400M
Wh_3-c]' to a numeric value `0` outside the bounds (80, 400).
    See also https://pyomo.readthedocs.io/en/stable/errors.html#w1002
WARNING (W1002): Setting Var 's[None,single].investmentStage[3].representative
Period[2].commitmentPeriod[10].dispatchPeriod[1].storageChargeLevel[100MW_800M
Wh_3-c]' to a numeric value `0` outside the bounds (160, 800).
    See also https://pyomo.readthedocs.io/en/stable/errors.html#w1002
WARNING (W1002): Setting Var 's[None,single].investmentStage[3].representative
Period[2].commitmentPeriod[10].dispatchPeriod[1].storageChargeLevel[1000MW_200
0MWh_3-c]' to a numeric value `0` outside the bounds (400, 2000).
    See also https://pyomo.readthedocs.io/en/stable/errors.html#w1002
WARNING (W1002): Setting Var 's[None,single].investmentStage[3].representative
Period[2].commitmentPeriod[10].dispatchPeriod[1].storageChargeLevel[1000MW_400
0MWh_3-c]' to a numeric value `0` outside the bounds (800, 4000).
    See also https://pyomo.readthedocs.io/en/stable/errors.html#w1002
WARNING (W1002): Setting Var 's[None,single].investmentStage[3].representative
Period[2].commitmentPeriod[11].dispatchPeriod[1].storageChargeLevel[100MW_400M
Wh_1]' to a numeric value `0` outside the bounds (80, 400).
    See also https://pyomo.readthedocs.io/en/stable/errors.html#w1002
WARNING (W1002): Setting Var 's[None,single].investmentStage[3].representative
Period[2].commitmentPeriod[11].dispatchPeriod[1].storageChargeLevel[100MW_800M
Wh-1]' to a numeric value `0` outside the bounds (160, 800).
    See also https://pyomo.readthedocs.io/en/stable/errors.html#w1002
WARNING (W1002): Setting Var 's[None,single].investmentStage[3].representative
Period[2].commitmentPeriod[11].dispatchPeriod[1].storageChargeLevel[1000MW_200
0MWh_1-c]' to a numeric value `0` outside the bounds (400, 2000).
    See also https://pyomo.readthedocs.io/en/stable/errors.html#w1002
WARNING (W1002): Setting Var 's[None,single].investmentStage[3].representative
Period[2].commitmentPeriod[11].dispatchPeriod[1].storageChargeLevel[1000MW_400
0MWh_1-c]' to a numeric value `0` outside the bounds (800, 4000).
    See also https://pyomo.readthedocs.io/en/stable/errors.html#w1002
WARNING (W1002): Setting Var 's[None,single].investmentStage[3].representative
Period[2].commitmentPeriod[11].dispatchPeriod[1].storageChargeLevel[100MW_400M
Wh_2-c]' to a numeric value `0` outside the bounds (80, 400).
    See also https://pyomo.readthedocs.io/en/stable/errors.html#w1002
WARNING (W1002): Setting Var 's[None,single].investmentStage[3].representative
Period[2].commitmentPeriod[11].dispatchPeriod[1].storageChargeLevel[100MW_800M
Wh_2-c]' to a numeric value `0` outside the bounds (160, 800).
    See also https://pyomo.readthedocs.io/en/stable/errors.html#w1002
WARNING (W1002): Setting Var 's[None,single].investmentStage[3].representative
Period[2].commitmentPeriod[11].dispatchPeriod[1].storageChargeLevel[1000MW_200
0MWh_2-c]' to a numeric value `0` outside the bounds (400, 2000).
    See also https://pyomo.readthedocs.io/en/stable/errors.html#w1002
WARNING (W1002): Setting Var 's[None,single].investmentStage[3].representative
Period[2].commitmentPeriod[11].dispatchPeriod[1].storageChargeLevel[1000MW_400
0MWh_2-c]' to a numeric value `0` outside the bounds (800, 4000).
    See also https://pyomo.readthedocs.io/en/stable/errors.html#w1002
WARNING (W1002): Setting Var 's[None,single].investmentStage[3].representative
Period[2].commitmentPeriod[11].dispatchPeriod[1].storageChargeLevel[100MW_400M
Wh_3-c]' to a numeric value `0` outside the bounds (80, 400).
    See also https://pyomo.readthedocs.io/en/stable/errors.html#w1002
WARNING (W1002): Setting Var 's[None,single].investmentStage[3].representative
Period[2].commitmentPeriod[11].dispatchPeriod[1].storageChargeLevel[100MW_800M
Wh_3-c]' to a numeric value `0` outside the bounds (160, 800).
    See also https://pyomo.readthedocs.io/en/stable/errors.html#w1002
WARNING (W1002): Setting Var 's[None,single].investmentStage[3].representative
Period[2].commitmentPeriod[11].dispatchPeriod[1].storageChargeLevel[1000MW_200
0MWh_3-c]' to a numeric value `0` outside the bounds (400, 2000).
    See also https://pyomo.readthedocs.io/en/stable/errors.html#w1002
WARNING (W1002): Setting Var 's[None,single].investmentStage[3].representative
Period[2].commitmentPeriod[11].dispatchPeriod[1].storageChargeLevel[1000MW_400
0MWh_3-c]' to a numeric value `0` outside the bounds (800, 4000).
    See also https://pyomo.readthedocs.io/en/stable/errors.html#w1002
WARNING (W1002): Setting Var 's[None,single].investmentStage[3].representative
Period[2].commitmentPeriod[12].dispatchPeriod[1].storageChargeLevel[100MW_400M
Wh_1]' to a numeric value `0` outside the bounds (80, 400).
    See also https://pyomo.readthedocs.io/en/stable/errors.html#w1002
WARNING (W1002): Setting Var 's[None,single].investmentStage[3].representative
Period[2].commitmentPeriod[12].dispatchPeriod[1].storageChargeLevel[100MW_800M
Wh-1]' to a numeric value `0` outside the bounds (160, 800).
    See also https://pyomo.readthedocs.io/en/stable/errors.html#w1002
WARNING (W1002): Setting Var 's[None,single].investmentStage[3].representative
Period[2].commitmentPeriod[12].dispatchPeriod[1].storageChargeLevel[1000MW_200
0MWh_1-c]' to a numeric value `0` outside the bounds (400, 2000).
    See also https://pyomo.readthedocs.io/en/stable/errors.html#w1002
WARNING (W1002): Setting Var 's[None,single].investmentStage[3].representative
Period[2].commitmentPeriod[12].dispatchPeriod[1].storageChargeLevel[1000MW_400
0MWh_1-c]' to a numeric value `0` outside the bounds (800, 4000).
    See also https://pyomo.readthedocs.io/en/stable/errors.html#w1002
WARNING (W1002): Setting Var 's[None,single].investmentStage[3].representative
Period[2].commitmentPeriod[12].dispatchPeriod[1].storageChargeLevel[100MW_400M
Wh_2-c]' to a numeric value `0` outside the bounds (80, 400).
    See also https://pyomo.readthedocs.io/en/stable/errors.html#w1002
WARNING (W1002): Setting Var 's[None,single].investmentStage[3].representative
Period[2].commitmentPeriod[12].dispatchPeriod[1].storageChargeLevel[100MW_800M
Wh_2-c]' to a numeric value `0` outside the bounds (160, 800).
    See also https://pyomo.readthedocs.io/en/stable/errors.html#w1002
WARNING (W1002): Setting Var 's[None,single].investmentStage[3].representative
Period[2].commitmentPeriod[12].dispatchPeriod[1].storageChargeLevel[1000MW_200
0MWh_2-c]' to a numeric value `0` outside the bounds (400, 2000).
    See also https://pyomo.readthedocs.io/en/stable/errors.html#w1002
WARNING (W1002): Setting Var 's[None,single].investmentStage[3].representative
Period[2].commitmentPeriod[12].dispatchPeriod[1].storageChargeLevel[1000MW_400
0MWh_2-c]' to a numeric value `0` outside the bounds (800, 4000).
    See also https://pyomo.readthedocs.io/en/stable/errors.html#w1002
WARNING (W1002): Setting Var 's[None,single].investmentStage[3].representative
Period[2].commitmentPeriod[12].dispatchPeriod[1].storageChargeLevel[100MW_400M
Wh_3-c]' to a numeric value `0` outside the bounds (80, 400).
    See also https://pyomo.readthedocs.io/en/stable/errors.html#w1002
WARNING (W1002): Setting Var 's[None,single].investmentStage[3].representative
Period[2].commitmentPeriod[12].dispatchPeriod[1].storageChargeLevel[100MW_800M
Wh_3-c]' to a numeric value `0` outside the bounds (160, 800).
    See also https://pyomo.readthedocs.io/en/stable/errors.html#w1002
WARNING (W1002): Setting Var 's[None,single].investmentStage[3].representative
Period[2].commitmentPeriod[12].dispatchPeriod[1].storageChargeLevel[1000MW_200
0MWh_3-c]' to a numeric value `0` outside the bounds (400, 2000).
    See also https://pyomo.readthedocs.io/en/stable/errors.html#w1002
WARNING (W1002): Setting Var 's[None,single].investmentStage[3].representative
Period[2].commitmentPeriod[12].dispatchPeriod[1].storageChargeLevel[1000MW_400
0MWh_3-c]' to a numeric value `0` outside the bounds (800, 4000).
    See also https://pyomo.readthedocs.io/en/stable/errors.html#w1002
WARNING (W1002): Setting Var 's[None,single].investmentStage[3].representative
Period[2].commitmentPeriod[13].dispatchPeriod[1].storageChargeLevel[100MW_400M
Wh_1]' to a numeric value `0` outside the bounds (80, 400).
    See also https://pyomo.readthedocs.io/en/stable/errors.html#w1002
WARNING (W1002): Setting Var 's[None,single].investmentStage[3].representative
Period[2].commitmentPeriod[13].dispatchPeriod[1].storageChargeLevel[100MW_800M
Wh-1]' to a numeric value `0` outside the bounds (160, 800).
    See also https://pyomo.readthedocs.io/en/stable/errors.html#w1002
WARNING (W1002): Setting Var 's[None,single].investmentStage[3].representative
Period[2].commitmentPeriod[13].dispatchPeriod[1].storageChargeLevel[1000MW_200
0MWh_1-c]' to a numeric value `0` outside the bounds (400, 2000).
    See also https://pyomo.readthedocs.io/en/stable/errors.html#w1002
WARNING (W1002): Setting Var 's[None,single].investmentStage[3].representative
Period[2].commitmentPeriod[13].dispatchPeriod[1].storageChargeLevel[1000MW_400
0MWh_1-c]' to a numeric value `0` outside the bounds (800, 4000).
    See also https://pyomo.readthedocs.io/en/stable/errors.html#w1002
WARNING (W1002): Setting Var 's[None,single].investmentStage[3].representative
Period[2].commitmentPeriod[13].dispatchPeriod[1].storageChargeLevel[100MW_400M
Wh_2-c]' to a numeric value `0` outside the bounds (80, 400).
    See also https://pyomo.readthedocs.io/en/stable/errors.html#w1002
WARNING (W1002): Setting Var 's[None,single].investmentStage[3].representative
Period[2].commitmentPeriod[13].dispatchPeriod[1].storageChargeLevel[100MW_800M
Wh_2-c]' to a numeric value `0` outside the bounds (160, 800).
    See also https://pyomo.readthedocs.io/en/stable/errors.html#w1002
WARNING (W1002): Setting Var 's[None,single].investmentStage[3].representative
Period[2].commitmentPeriod[13].dispatchPeriod[1].storageChargeLevel[1000MW_200
0MWh_2-c]' to a numeric value `0` outside the bounds (400, 2000).
    See also https://pyomo.readthedocs.io/en/stable/errors.html#w1002
WARNING (W1002): Setting Var 's[None,single].investmentStage[3].representative
Period[2].commitmentPeriod[13].dispatchPeriod[1].storageChargeLevel[1000MW_400
0MWh_2-c]' to a numeric value `0` outside the bounds (800, 4000).
    See also https://pyomo.readthedocs.io/en/stable/errors.html#w1002
WARNING (W1002): Setting Var 's[None,single].investmentStage[3].representative
Period[2].commitmentPeriod[13].dispatchPeriod[1].storageChargeLevel[100MW_400M
Wh_3-c]' to a numeric value `0` outside the bounds (80, 400).
    See also https://pyomo.readthedocs.io/en/stable/errors.html#w1002
WARNING (W1002): Setting Var 's[None,single].investmentStage[3].representative
Period[2].commitmentPeriod[13].dispatchPeriod[1].storageChargeLevel[100MW_800M
Wh_3-c]' to a numeric value `0` outside the bounds (160, 800).
    See also https://pyomo.readthedocs.io/en/stable/errors.html#w1002
WARNING (W1002): Setting Var 's[None,single].investmentStage[3].representative
Period[2].commitmentPeriod[13].dispatchPeriod[1].storageChargeLevel[1000MW_200
0MWh_3-c]' to a numeric value `0` outside the bounds (400, 2000).
    See also https://pyomo.readthedocs.io/en/stable/errors.html#w1002
WARNING (W1002): Setting Var 's[None,single].investmentStage[3].representative
Period[2].commitmentPeriod[13].dispatchPeriod[1].storageChargeLevel[1000MW_400
0MWh_3-c]' to a numeric value `0` outside the bounds (800, 4000).
    See also https://pyomo.readthedocs.io/en/stable/errors.html#w1002
WARNING (W1002): Setting Var 's[None,single].investmentStage[3].representative
Period[2].commitmentPeriod[14].dispatchPeriod[1].storageChargeLevel[100MW_400M
Wh_1]' to a numeric value `0` outside the bounds (80, 400).
    See also https://pyomo.readthedocs.io/en/stable/errors.html#w1002
WARNING (W1002): Setting Var 's[None,single].investmentStage[3].representative
Period[2].commitmentPeriod[14].dispatchPeriod[1].storageChargeLevel[100MW_800M
Wh-1]' to a numeric value `0` outside the bounds (160, 800).
    See also https://pyomo.readthedocs.io/en/stable/errors.html#w1002
WARNING (W1002): Setting Var 's[None,single].investmentStage[3].representative
Period[2].commitmentPeriod[14].dispatchPeriod[1].storageChargeLevel[1000MW_200
0MWh_1-c]' to a numeric value `0` outside the bounds (400, 2000).
    See also https://pyomo.readthedocs.io/en/stable/errors.html#w1002
WARNING (W1002): Setting Var 's[None,single].investmentStage[3].representative
Period[2].commitmentPeriod[14].dispatchPeriod[1].storageChargeLevel[1000MW_400
0MWh_1-c]' to a numeric value `0` outside the bounds (800, 4000).
    See also https://pyomo.readthedocs.io/en/stable/errors.html#w1002
WARNING (W1002): Setting Var 's[None,single].investmentStage[3].representative
Period[2].commitmentPeriod[14].dispatchPeriod[1].storageChargeLevel[100MW_400M
Wh_2-c]' to a numeric value `0` outside the bounds (80, 400).
    See also https://pyomo.readthedocs.io/en/stable/errors.html#w1002
WARNING (W1002): Setting Var 's[None,single].investmentStage[3].representative
Period[2].commitmentPeriod[14].dispatchPeriod[1].storageChargeLevel[100MW_800M
Wh_2-c]' to a numeric value `0` outside the bounds (160, 800).
    See also https://pyomo.readthedocs.io/en/stable/errors.html#w1002
WARNING (W1002): Setting Var 's[None,single].investmentStage[3].representative
Period[2].commitmentPeriod[14].dispatchPeriod[1].storageChargeLevel[1000MW_200
0MWh_2-c]' to a numeric value `0` outside the bounds (400, 2000).
    See also https://pyomo.readthedocs.io/en/stable/errors.html#w1002
WARNING (W1002): Setting Var 's[None,single].investmentStage[3].representative
Period[2].commitmentPeriod[14].dispatchPeriod[1].storageChargeLevel[1000MW_400
0MWh_2-c]' to a numeric value `0` outside the bounds (800, 4000).
    See also https://pyomo.readthedocs.io/en/stable/errors.html#w1002
WARNING (W1002): Setting Var 's[None,single].investmentStage[3].representative
Period[2].commitmentPeriod[14].dispatchPeriod[1].storageChargeLevel[100MW_400M
Wh_3-c]' to a numeric value `0` outside the bounds (80, 400).
    See also https://pyomo.readthedocs.io/en/stable/errors.html#w1002
WARNING (W1002): Setting Var 's[None,single].investmentStage[3].representative
Period[2].commitmentPeriod[14].dispatchPeriod[1].storageChargeLevel[100MW_800M
Wh_3-c]' to a numeric value `0` outside the bounds (160, 800).
    See also https://pyomo.readthedocs.io/en/stable/errors.html#w1002
WARNING (W1002): Setting Var 's[None,single].investmentStage[3].representative
Period[2].commitmentPeriod[14].dispatchPeriod[1].storageChargeLevel[1000MW_200
0MWh_3-c]' to a numeric value `0` outside the bounds (400, 2000).
    See also https://pyomo.readthedocs.io/en/stable/errors.html#w1002
WARNING (W1002): Setting Var 's[None,single].investmentStage[3].representative
Period[2].commitmentPeriod[14].dispatchPeriod[1].storageChargeLevel[1000MW_400
0MWh_3-c]' to a numeric value `0` outside the bounds (800, 4000).
    See also https://pyomo.readthedocs.io/en/stable/errors.html#w1002
WARNING (W1002): Setting Var 's[None,single].investmentStage[3].representative
Period[2].commitmentPeriod[15].dispatchPeriod[1].storageChargeLevel[100MW_400M
Wh_1]' to a numeric value `0` outside the bounds (80, 400).
    See also https://pyomo.readthedocs.io/en/stable/errors.html#w1002
WARNING (W1002): Setting Var 's[None,single].investmentStage[3].representative
Period[2].commitmentPeriod[15].dispatchPeriod[1].storageChargeLevel[100MW_800M
Wh-1]' to a numeric value `0` outside the bounds (160, 800).
    See also https://pyomo.readthedocs.io/en/stable/errors.html#w1002
WARNING (W1002): Setting Var 's[None,single].investmentStage[3].representative
Period[2].commitmentPeriod[15].dispatchPeriod[1].storageChargeLevel[1000MW_200
0MWh_1-c]' to a numeric value `0` outside the bounds (400, 2000).
    See also https://pyomo.readthedocs.io/en/stable/errors.html#w1002
WARNING (W1002): Setting Var 's[None,single].investmentStage[3].representative
Period[2].commitmentPeriod[15].dispatchPeriod[1].storageChargeLevel[1000MW_400
0MWh_1-c]' to a numeric value `0` outside the bounds (800, 4000).
    See also https://pyomo.readthedocs.io/en/stable/errors.html#w1002
WARNING (W1002): Setting Var 's[None,single].investmentStage[3].representative
Period[2].commitmentPeriod[15].dispatchPeriod[1].storageChargeLevel[100MW_400M
Wh_2-c]' to a numeric value `0` outside the bounds (80, 400).
    See also https://pyomo.readthedocs.io/en/stable/errors.html#w1002
WARNING (W1002): Setting Var 's[None,single].investmentStage[3].representative
Period[2].commitmentPeriod[15].dispatchPeriod[1].storageChargeLevel[100MW_800M
Wh_2-c]' to a numeric value `0` outside the bounds (160, 800).
    See also https://pyomo.readthedocs.io/en/stable/errors.html#w1002
WARNING (W1002): Setting Var 's[None,single].investmentStage[3].representative
Period[2].commitmentPeriod[15].dispatchPeriod[1].storageChargeLevel[1000MW_200
0MWh_2-c]' to a numeric value `0` outside the bounds (400, 2000).
    See also https://pyomo.readthedocs.io/en/stable/errors.html#w1002
WARNING (W1002): Setting Var 's[None,single].investmentStage[3].representative
Period[2].commitmentPeriod[15].dispatchPeriod[1].storageChargeLevel[1000MW_400
0MWh_2-c]' to a numeric value `0` outside the bounds (800, 4000).
    See also https://pyomo.readthedocs.io/en/stable/errors.html#w1002
WARNING (W1002): Setting Var 's[None,single].investmentStage[3].representative
Period[2].commitmentPeriod[15].dispatchPeriod[1].storageChargeLevel[100MW_400M
Wh_3-c]' to a numeric value `0` outside the bounds (80, 400).
    See also https://pyomo.readthedocs.io/en/stable/errors.html#w1002
WARNING (W1002): Setting Var 's[None,single].investmentStage[3].representative
Period[2].commitmentPeriod[15].dispatchPeriod[1].storageChargeLevel[100MW_800M
Wh_3-c]' to a numeric value `0` outside the bounds (160, 800).
    See also https://pyomo.readthedocs.io/en/stable/errors.html#w1002
WARNING (W1002): Setting Var 's[None,single].investmentStage[3].representative
Period[2].commitmentPeriod[15].dispatchPeriod[1].storageChargeLevel[1000MW_200
0MWh_3-c]' to a numeric value `0` outside the bounds (400, 2000).
    See also https://pyomo.readthedocs.io/en/stable/errors.html#w1002
WARNING (W1002): Setting Var 's[None,single].investmentStage[3].representative
Period[2].commitmentPeriod[15].dispatchPeriod[1].storageChargeLevel[1000MW_400
0MWh_3-c]' to a numeric value `0` outside the bounds (800, 4000).
    See also https://pyomo.readthedocs.io/en/stable/errors.html#w1002
WARNING (W1002): Setting Var 's[None,single].investmentStage[3].representative
Period[2].commitmentPeriod[16].dispatchPeriod[1].storageChargeLevel[100MW_400M
Wh_1]' to a numeric value `0` outside the bounds (80, 400).
    See also https://pyomo.readthedocs.io/en/stable/errors.html#w1002
WARNING (W1002): Setting Var 's[None,single].investmentStage[3].representative
Period[2].commitmentPeriod[16].dispatchPeriod[1].storageChargeLevel[100MW_800M
Wh-1]' to a numeric value `0` outside the bounds (160, 800).
    See also https://pyomo.readthedocs.io/en/stable/errors.html#w1002
WARNING (W1002): Setting Var 's[None,single].investmentStage[3].representative
Period[2].commitmentPeriod[16].dispatchPeriod[1].storageChargeLevel[1000MW_200
0MWh_1-c]' to a numeric value `0` outside the bounds (400, 2000).
    See also https://pyomo.readthedocs.io/en/stable/errors.html#w1002
WARNING (W1002): Setting Var 's[None,single].investmentStage[3].representative
Period[2].commitmentPeriod[16].dispatchPeriod[1].storageChargeLevel[1000MW_400
0MWh_1-c]' to a numeric value `0` outside the bounds (800, 4000).
    See also https://pyomo.readthedocs.io/en/stable/errors.html#w1002
WARNING (W1002): Setting Var 's[None,single].investmentStage[3].representative
Period[2].commitmentPeriod[16].dispatchPeriod[1].storageChargeLevel[100MW_400M
Wh_2-c]' to a numeric value `0` outside the bounds (80, 400).
    See also https://pyomo.readthedocs.io/en/stable/errors.html#w1002
WARNING (W1002): Setting Var 's[None,single].investmentStage[3].representative
Period[2].commitmentPeriod[16].dispatchPeriod[1].storageChargeLevel[100MW_800M
Wh_2-c]' to a numeric value `0` outside the bounds (160, 800).
    See also https://pyomo.readthedocs.io/en/stable/errors.html#w1002
WARNING (W1002): Setting Var 's[None,single].investmentStage[3].representative
Period[2].commitmentPeriod[16].dispatchPeriod[1].storageChargeLevel[1000MW_200
0MWh_2-c]' to a numeric value `0` outside the bounds (400, 2000).
    See also https://pyomo.readthedocs.io/en/stable/errors.html#w1002
WARNING (W1002): Setting Var 's[None,single].investmentStage[3].representative
Period[2].commitmentPeriod[16].dispatchPeriod[1].storageChargeLevel[1000MW_400
0MWh_2-c]' to a numeric value `0` outside the bounds (800, 4000).
    See also https://pyomo.readthedocs.io/en/stable/errors.html#w1002
WARNING (W1002): Setting Var 's[None,single].investmentStage[3].representative
Period[2].commitmentPeriod[16].dispatchPeriod[1].storageChargeLevel[100MW_400M
Wh_3-c]' to a numeric value `0` outside the bounds (80, 400).
    See also https://pyomo.readthedocs.io/en/stable/errors.html#w1002
WARNING (W1002): Setting Var 's[None,single].investmentStage[3].representative
Period[2].commitmentPeriod[16].dispatchPeriod[1].storageChargeLevel[100MW_800M
Wh_3-c]' to a numeric value `0` outside the bounds (160, 800).
    See also https://pyomo.readthedocs.io/en/stable/errors.html#w1002
WARNING (W1002): Setting Var 's[None,single].investmentStage[3].representative
Period[2].commitmentPeriod[16].dispatchPeriod[1].storageChargeLevel[1000MW_200
0MWh_3-c]' to a numeric value `0` outside the bounds (400, 2000).
    See also https://pyomo.readthedocs.io/en/stable/errors.html#w1002
WARNING (W1002): Setting Var 's[None,single].investmentStage[3].representative
Period[2].commitmentPeriod[16].dispatchPeriod[1].storageChargeLevel[1000MW_400
0MWh_3-c]' to a numeric value `0` outside the bounds (800, 4000).
    See also https://pyomo.readthedocs.io/en/stable/errors.html#w1002
WARNING (W1002): Setting Var 's[None,single].investmentStage[3].representative
Period[2].commitmentPeriod[17].dispatchPeriod[1].storageChargeLevel[100MW_400M
Wh_1]' to a numeric value `0` outside the bounds (80, 400).
    See also https://pyomo.readthedocs.io/en/stable/errors.html#w1002
WARNING (W1002): Setting Var 's[None,single].investmentStage[3].representative
Period[2].commitmentPeriod[17].dispatchPeriod[1].storageChargeLevel[100MW_800M
Wh-1]' to a numeric value `0` outside the bounds (160, 800).
    See also https://pyomo.readthedocs.io/en/stable/errors.html#w1002
WARNING (W1002): Setting Var 's[None,single].investmentStage[3].representative
Period[2].commitmentPeriod[17].dispatchPeriod[1].storageChargeLevel[1000MW_200
0MWh_1-c]' to a numeric value `0` outside the bounds (400, 2000).
    See also https://pyomo.readthedocs.io/en/stable/errors.html#w1002
WARNING (W1002): Setting Var 's[None,single].investmentStage[3].representative
Period[2].commitmentPeriod[17].dispatchPeriod[1].storageChargeLevel[1000MW_400
0MWh_1-c]' to a numeric value `0` outside the bounds (800, 4000).
    See also https://pyomo.readthedocs.io/en/stable/errors.html#w1002
WARNING (W1002): Setting Var 's[None,single].investmentStage[3].representative
Period[2].commitmentPeriod[17].dispatchPeriod[1].storageChargeLevel[100MW_400M
Wh_2-c]' to a numeric value `0` outside the bounds (80, 400).
    See also https://pyomo.readthedocs.io/en/stable/errors.html#w1002
WARNING (W1002): Setting Var 's[None,single].investmentStage[3].representative
Period[2].commitmentPeriod[17].dispatchPeriod[1].storageChargeLevel[100MW_800M
Wh_2-c]' to a numeric value `0` outside the bounds (160, 800).
    See also https://pyomo.readthedocs.io/en/stable/errors.html#w1002
WARNING (W1002): Setting Var 's[None,single].investmentStage[3].representative
Period[2].commitmentPeriod[17].dispatchPeriod[1].storageChargeLevel[1000MW_200
0MWh_2-c]' to a numeric value `0` outside the bounds (400, 2000).
    See also https://pyomo.readthedocs.io/en/stable/errors.html#w1002
WARNING (W1002): Setting Var 's[None,single].investmentStage[3].representative
Period[2].commitmentPeriod[17].dispatchPeriod[1].storageChargeLevel[1000MW_400
0MWh_2-c]' to a numeric value `0` outside the bounds (800, 4000).
    See also https://pyomo.readthedocs.io/en/stable/errors.html#w1002
WARNING (W1002): Setting Var 's[None,single].investmentStage[3].representative
Period[2].commitmentPeriod[17].dispatchPeriod[1].storageChargeLevel[100MW_400M
Wh_3-c]' to a numeric value `0` outside the bounds (80, 400).
    See also https://pyomo.readthedocs.io/en/stable/errors.html#w1002
WARNING (W1002): Setting Var 's[None,single].investmentStage[3].representative
Period[2].commitmentPeriod[17].dispatchPeriod[1].storageChargeLevel[100MW_800M
Wh_3-c]' to a numeric value `0` outside the bounds (160, 800).
    See also https://pyomo.readthedocs.io/en/stable/errors.html#w1002
WARNING (W1002): Setting Var 's[None,single].investmentStage[3].representative
Period[2].commitmentPeriod[17].dispatchPeriod[1].storageChargeLevel[1000MW_200
0MWh_3-c]' to a numeric value `0` outside the bounds (400, 2000).
    See also https://pyomo.readthedocs.io/en/stable/errors.html#w1002
WARNING (W1002): Setting Var 's[None,single].investmentStage[3].representative
Period[2].commitmentPeriod[17].dispatchPeriod[1].storageChargeLevel[1000MW_400
0MWh_3-c]' to a numeric value `0` outside the bounds (800, 4000).
    See also https://pyomo.readthedocs.io/en/stable/errors.html#w1002
WARNING (W1002): Setting Var 's[None,single].investmentStage[3].representative
Period[2].commitmentPeriod[18].dispatchPeriod[1].storageChargeLevel[100MW_400M
Wh_1]' to a numeric value `0` outside the bounds (80, 400).
    See also https://pyomo.readthedocs.io/en/stable/errors.html#w1002
WARNING (W1002): Setting Var 's[None,single].investmentStage[3].representative
Period[2].commitmentPeriod[18].dispatchPeriod[1].storageChargeLevel[100MW_800M
Wh-1]' to a numeric value `0` outside the bounds (160, 800).
    See also https://pyomo.readthedocs.io/en/stable/errors.html#w1002
WARNING (W1002): Setting Var 's[None,single].investmentStage[3].representative
Period[2].commitmentPeriod[18].dispatchPeriod[1].storageChargeLevel[1000MW_200
0MWh_1-c]' to a numeric value `0` outside the bounds (400, 2000).
    See also https://pyomo.readthedocs.io/en/stable/errors.html#w1002
WARNING (W1002): Setting Var 's[None,single].investmentStage[3].representative
Period[2].commitmentPeriod[18].dispatchPeriod[1].storageChargeLevel[1000MW_400
0MWh_1-c]' to a numeric value `0` outside the bounds (800, 4000).
    See also https://pyomo.readthedocs.io/en/stable/errors.html#w1002
WARNING (W1002): Setting Var 's[None,single].investmentStage[3].representative
Period[2].commitmentPeriod[18].dispatchPeriod[1].storageChargeLevel[100MW_400M
Wh_2-c]' to a numeric value `0` outside the bounds (80, 400).
    See also https://pyomo.readthedocs.io/en/stable/errors.html#w1002
WARNING (W1002): Setting Var 's[None,single].investmentStage[3].representative
Period[2].commitmentPeriod[18].dispatchPeriod[1].storageChargeLevel[100MW_800M
Wh_2-c]' to a numeric value `0` outside the bounds (160, 800).
    See also https://pyomo.readthedocs.io/en/stable/errors.html#w1002
WARNING (W1002): Setting Var 's[None,single].investmentStage[3].representative
Period[2].commitmentPeriod[18].dispatchPeriod[1].storageChargeLevel[1000MW_200
0MWh_2-c]' to a numeric value `0` outside the bounds (400, 2000).
    See also https://pyomo.readthedocs.io/en/stable/errors.html#w1002
WARNING (W1002): Setting Var 's[None,single].investmentStage[3].representative
Period[2].commitmentPeriod[18].dispatchPeriod[1].storageChargeLevel[1000MW_400
0MWh_2-c]' to a numeric value `0` outside the bounds (800, 4000).
    See also https://pyomo.readthedocs.io/en/stable/errors.html#w1002
WARNING (W1002): Setting Var 's[None,single].investmentStage[3].representative
Period[2].commitmentPeriod[18].dispatchPeriod[1].storageChargeLevel[100MW_400M
Wh_3-c]' to a numeric value `0` outside the bounds (80, 400).
    See also https://pyomo.readthedocs.io/en/stable/errors.html#w1002
WARNING (W1002): Setting Var 's[None,single].investmentStage[3].representative
Period[2].commitmentPeriod[18].dispatchPeriod[1].storageChargeLevel[100MW_800M
Wh_3-c]' to a numeric value `0` outside the bounds (160, 800).
    See also https://pyomo.readthedocs.io/en/stable/errors.html#w1002
WARNING (W1002): Setting Var 's[None,single].investmentStage[3].representative
Period[2].commitmentPeriod[18].dispatchPeriod[1].storageChargeLevel[1000MW_200
0MWh_3-c]' to a numeric value `0` outside the bounds (400, 2000).
    See also https://pyomo.readthedocs.io/en/stable/errors.html#w1002
WARNING (W1002): Setting Var 's[None,single].investmentStage[3].representative
Period[2].commitmentPeriod[18].dispatchPeriod[1].storageChargeLevel[1000MW_400
0MWh_3-c]' to a numeric value `0` outside the bounds (800, 4000).
    See also https://pyomo.readthedocs.io/en/stable/errors.html#w1002
WARNING (W1002): Setting Var 's[None,single].investmentStage[3].representative
Period[2].commitmentPeriod[19].dispatchPeriod[1].storageChargeLevel[100MW_400M
Wh_1]' to a numeric value `0` outside the bounds (80, 400).
    See also https://pyomo.readthedocs.io/en/stable/errors.html#w1002
WARNING (W1002): Setting Var 's[None,single].investmentStage[3].representative
Period[2].commitmentPeriod[19].dispatchPeriod[1].storageChargeLevel[100MW_800M
Wh-1]' to a numeric value `0` outside the bounds (160, 800).
    See also https://pyomo.readthedocs.io/en/stable/errors.html#w1002
WARNING (W1002): Setting Var 's[None,single].investmentStage[3].representative
Period[2].commitmentPeriod[19].dispatchPeriod[1].storageChargeLevel[1000MW_200
0MWh_1-c]' to a numeric value `0` outside the bounds (400, 2000).
    See also https://pyomo.readthedocs.io/en/stable/errors.html#w1002
WARNING (W1002): Setting Var 's[None,single].investmentStage[3].representative
Period[2].commitmentPeriod[19].dispatchPeriod[1].storageChargeLevel[1000MW_400
0MWh_1-c]' to a numeric value `0` outside the bounds (800, 4000).
    See also https://pyomo.readthedocs.io/en/stable/errors.html#w1002
WARNING (W1002): Setting Var 's[None,single].investmentStage[3].representative
Period[2].commitmentPeriod[19].dispatchPeriod[1].storageChargeLevel[100MW_400M
Wh_2-c]' to a numeric value `0` outside the bounds (80, 400).
    See also https://pyomo.readthedocs.io/en/stable/errors.html#w1002
WARNING (W1002): Setting Var 's[None,single].investmentStage[3].representative
Period[2].commitmentPeriod[19].dispatchPeriod[1].storageChargeLevel[100MW_800M
Wh_2-c]' to a numeric value `0` outside the bounds (160, 800).
    See also https://pyomo.readthedocs.io/en/stable/errors.html#w1002
WARNING (W1002): Setting Var 's[None,single].investmentStage[3].representative
Period[2].commitmentPeriod[19].dispatchPeriod[1].storageChargeLevel[1000MW_200
0MWh_2-c]' to a numeric value `0` outside the bounds (400, 2000).
    See also https://pyomo.readthedocs.io/en/stable/errors.html#w1002
WARNING (W1002): Setting Var 's[None,single].investmentStage[3].representative
Period[2].commitmentPeriod[19].dispatchPeriod[1].storageChargeLevel[1000MW_400
0MWh_2-c]' to a numeric value `0` outside the bounds (800, 4000).
    See also https://pyomo.readthedocs.io/en/stable/errors.html#w1002
WARNING (W1002): Setting Var 's[None,single].investmentStage[3].representative
Period[2].commitmentPeriod[19].dispatchPeriod[1].storageChargeLevel[100MW_400M
Wh_3-c]' to a numeric value `0` outside the bounds (80, 400).
    See also https://pyomo.readthedocs.io/en/stable/errors.html#w1002
WARNING (W1002): Setting Var 's[None,single].investmentStage[3].representative
Period[2].commitmentPeriod[19].dispatchPeriod[1].storageChargeLevel[100MW_800M
Wh_3-c]' to a numeric value `0` outside the bounds (160, 800).
    See also https://pyomo.readthedocs.io/en/stable/errors.html#w1002
WARNING (W1002): Setting Var 's[None,single].investmentStage[3].representative
Period[2].commitmentPeriod[19].dispatchPeriod[1].storageChargeLevel[1000MW_200
0MWh_3-c]' to a numeric value `0` outside the bounds (400, 2000).
    See also https://pyomo.readthedocs.io/en/stable/errors.html#w1002
WARNING (W1002): Setting Var 's[None,single].investmentStage[3].representative
Period[2].commitmentPeriod[19].dispatchPeriod[1].storageChargeLevel[1000MW_400
0MWh_3-c]' to a numeric value `0` outside the bounds (800, 4000).
    See also https://pyomo.readthedocs.io/en/stable/errors.html#w1002
WARNING (W1002): Setting Var 's[None,single].investmentStage[3].representative
Period[2].commitmentPeriod[20].dispatchPeriod[1].storageChargeLevel[100MW_400M
Wh_1]' to a numeric value `0` outside the bounds (80, 400).
    See also https://pyomo.readthedocs.io/en/stable/errors.html#w1002
WARNING (W1002): Setting Var 's[None,single].investmentStage[3].representative
Period[2].commitmentPeriod[20].dispatchPeriod[1].storageChargeLevel[100MW_800M
Wh-1]' to a numeric value `0` outside the bounds (160, 800).
    See also https://pyomo.readthedocs.io/en/stable/errors.html#w1002
WARNING (W1002): Setting Var 's[None,single].investmentStage[3].representative
Period[2].commitmentPeriod[20].dispatchPeriod[1].storageChargeLevel[1000MW_200
0MWh_1-c]' to a numeric value `0` outside the bounds (400, 2000).
    See also https://pyomo.readthedocs.io/en/stable/errors.html#w1002
WARNING (W1002): Setting Var 's[None,single].investmentStage[3].representative
Period[2].commitmentPeriod[20].dispatchPeriod[1].storageChargeLevel[1000MW_400
0MWh_1-c]' to a numeric value `0` outside the bounds (800, 4000).
    See also https://pyomo.readthedocs.io/en/stable/errors.html#w1002
WARNING (W1002): Setting Var 's[None,single].investmentStage[3].representative
Period[2].commitmentPeriod[20].dispatchPeriod[1].storageChargeLevel[100MW_400M
Wh_2-c]' to a numeric value `0` outside the bounds (80, 400).
    See also https://pyomo.readthedocs.io/en/stable/errors.html#w1002
WARNING (W1002): Setting Var 's[None,single].investmentStage[3].representative
Period[2].commitmentPeriod[20].dispatchPeriod[1].storageChargeLevel[100MW_800M
Wh_2-c]' to a numeric value `0` outside the bounds (160, 800).
    See also https://pyomo.readthedocs.io/en/stable/errors.html#w1002
WARNING (W1002): Setting Var 's[None,single].investmentStage[3].representative
Period[2].commitmentPeriod[20].dispatchPeriod[1].storageChargeLevel[1000MW_200
0MWh_2-c]' to a numeric value `0` outside the bounds (400, 2000).
    See also https://pyomo.readthedocs.io/en/stable/errors.html#w1002
WARNING (W1002): Setting Var 's[None,single].investmentStage[3].representative
Period[2].commitmentPeriod[20].dispatchPeriod[1].storageChargeLevel[1000MW_400
0MWh_2-c]' to a numeric value `0` outside the bounds (800, 4000).
    See also https://pyomo.readthedocs.io/en/stable/errors.html#w1002
WARNING (W1002): Setting Var 's[None,single].investmentStage[3].representative
Period[2].commitmentPeriod[20].dispatchPeriod[1].storageChargeLevel[100MW_400M
Wh_3-c]' to a numeric value `0` outside the bounds (80, 400).
    See also https://pyomo.readthedocs.io/en/stable/errors.html#w1002
WARNING (W1002): Setting Var 's[None,single].investmentStage[3].representative
Period[2].commitmentPeriod[20].dispatchPeriod[1].storageChargeLevel[100MW_800M
Wh_3-c]' to a numeric value `0` outside the bounds (160, 800).
    See also https://pyomo.readthedocs.io/en/stable/errors.html#w1002
WARNING (W1002): Setting Var 's[None,single].investmentStage[3].representative
Period[2].commitmentPeriod[20].dispatchPeriod[1].storageChargeLevel[1000MW_200
0MWh_3-c]' to a numeric value `0` outside the bounds (400, 2000).
    See also https://pyomo.readthedocs.io/en/stable/errors.html#w1002
WARNING (W1002): Setting Var 's[None,single].investmentStage[3].representative
Period[2].commitmentPeriod[20].dispatchPeriod[1].storageChargeLevel[1000MW_400
0MWh_3-c]' to a numeric value `0` outside the bounds (800, 4000).
    See also https://pyomo.readthedocs.io/en/stable/errors.html#w1002
WARNING (W1002): Setting Var 's[None,single].investmentStage[3].representative
Period[2].commitmentPeriod[21].dispatchPeriod[1].storageChargeLevel[100MW_400M
Wh_1]' to a numeric value `0` outside the bounds (80, 400).
    See also https://pyomo.readthedocs.io/en/stable/errors.html#w1002
WARNING (W1002): Setting Var 's[None,single].investmentStage[3].representative
Period[2].commitmentPeriod[21].dispatchPeriod[1].storageChargeLevel[100MW_800M
Wh-1]' to a numeric value `0` outside the bounds (160, 800).
    See also https://pyomo.readthedocs.io/en/stable/errors.html#w1002
WARNING (W1002): Setting Var 's[None,single].investmentStage[3].representative
Period[2].commitmentPeriod[21].dispatchPeriod[1].storageChargeLevel[1000MW_200
0MWh_1-c]' to a numeric value `0` outside the bounds (400, 2000).
    See also https://pyomo.readthedocs.io/en/stable/errors.html#w1002
WARNING (W1002): Setting Var 's[None,single].investmentStage[3].representative
Period[2].commitmentPeriod[21].dispatchPeriod[1].storageChargeLevel[1000MW_400
0MWh_1-c]' to a numeric value `0` outside the bounds (800, 4000).
    See also https://pyomo.readthedocs.io/en/stable/errors.html#w1002
WARNING (W1002): Setting Var 's[None,single].investmentStage[3].representative
Period[2].commitmentPeriod[21].dispatchPeriod[1].storageChargeLevel[100MW_400M
Wh_2-c]' to a numeric value `0` outside the bounds (80, 400).
    See also https://pyomo.readthedocs.io/en/stable/errors.html#w1002
WARNING (W1002): Setting Var 's[None,single].investmentStage[3].representative
Period[2].commitmentPeriod[21].dispatchPeriod[1].storageChargeLevel[100MW_800M
Wh_2-c]' to a numeric value `0` outside the bounds (160, 800).
    See also https://pyomo.readthedocs.io/en/stable/errors.html#w1002
WARNING (W1002): Setting Var 's[None,single].investmentStage[3].representative
Period[2].commitmentPeriod[21].dispatchPeriod[1].storageChargeLevel[1000MW_200
0MWh_2-c]' to a numeric value `0` outside the bounds (400, 2000).
    See also https://pyomo.readthedocs.io/en/stable/errors.html#w1002
WARNING (W1002): Setting Var 's[None,single].investmentStage[3].representative
Period[2].commitmentPeriod[21].dispatchPeriod[1].storageChargeLevel[1000MW_400
0MWh_2-c]' to a numeric value `0` outside the bounds (800, 4000).
    See also https://pyomo.readthedocs.io/en/stable/errors.html#w1002
WARNING (W1002): Setting Var 's[None,single].investmentStage[3].representative
Period[2].commitmentPeriod[21].dispatchPeriod[1].storageChargeLevel[100MW_400M
Wh_3-c]' to a numeric value `0` outside the bounds (80, 400).
    See also https://pyomo.readthedocs.io/en/stable/errors.html#w1002
WARNING (W1002): Setting Var 's[None,single].investmentStage[3].representative
Period[2].commitmentPeriod[21].dispatchPeriod[1].storageChargeLevel[100MW_800M
Wh_3-c]' to a numeric value `0` outside the bounds (160, 800).
    See also https://pyomo.readthedocs.io/en/stable/errors.html#w1002
WARNING (W1002): Setting Var 's[None,single].investmentStage[3].representative
Period[2].commitmentPeriod[21].dispatchPeriod[1].storageChargeLevel[1000MW_200
0MWh_3-c]' to a numeric value `0` outside the bounds (400, 2000).
    See also https://pyomo.readthedocs.io/en/stable/errors.html#w1002
WARNING (W1002): Setting Var 's[None,single].investmentStage[3].representative
Period[2].commitmentPeriod[21].dispatchPeriod[1].storageChargeLevel[1000MW_400
0MWh_3-c]' to a numeric value `0` outside the bounds (800, 4000).
    See also https://pyomo.readthedocs.io/en/stable/errors.html#w1002
WARNING (W1002): Setting Var 's[None,single].investmentStage[3].representative
Period[2].commitmentPeriod[22].dispatchPeriod[1].storageChargeLevel[100MW_400M
Wh_1]' to a numeric value `0` outside the bounds (80, 400).
    See also https://pyomo.readthedocs.io/en/stable/errors.html#w1002
WARNING (W1002): Setting Var 's[None,single].investmentStage[3].representative
Period[2].commitmentPeriod[22].dispatchPeriod[1].storageChargeLevel[100MW_800M
Wh-1]' to a numeric value `0` outside the bounds (160, 800).
    See also https://pyomo.readthedocs.io/en/stable/errors.html#w1002
WARNING (W1002): Setting Var 's[None,single].investmentStage[3].representative
Period[2].commitmentPeriod[22].dispatchPeriod[1].storageChargeLevel[1000MW_200
0MWh_1-c]' to a numeric value `0` outside the bounds (400, 2000).
    See also https://pyomo.readthedocs.io/en/stable/errors.html#w1002
WARNING (W1002): Setting Var 's[None,single].investmentStage[3].representative
Period[2].commitmentPeriod[22].dispatchPeriod[1].storageChargeLevel[1000MW_400
0MWh_1-c]' to a numeric value `0` outside the bounds (800, 4000).
    See also https://pyomo.readthedocs.io/en/stable/errors.html#w1002
WARNING (W1002): Setting Var 's[None,single].investmentStage[3].representative
Period[2].commitmentPeriod[22].dispatchPeriod[1].storageChargeLevel[100MW_400M
Wh_2-c]' to a numeric value `0` outside the bounds (80, 400).
    See also https://pyomo.readthedocs.io/en/stable/errors.html#w1002
WARNING (W1002): Setting Var 's[None,single].investmentStage[3].representative
Period[2].commitmentPeriod[22].dispatchPeriod[1].storageChargeLevel[100MW_800M
Wh_2-c]' to a numeric value `0` outside the bounds (160, 800).
    See also https://pyomo.readthedocs.io/en/stable/errors.html#w1002
WARNING (W1002): Setting Var 's[None,single].investmentStage[3].representative
Period[2].commitmentPeriod[22].dispatchPeriod[1].storageChargeLevel[1000MW_200
0MWh_2-c]' to a numeric value `0` outside the bounds (400, 2000).
    See also https://pyomo.readthedocs.io/en/stable/errors.html#w1002
WARNING (W1002): Setting Var 's[None,single].investmentStage[3].representative
Period[2].commitmentPeriod[22].dispatchPeriod[1].storageChargeLevel[1000MW_400
0MWh_2-c]' to a numeric value `0` outside the bounds (800, 4000).
    See also https://pyomo.readthedocs.io/en/stable/errors.html#w1002
WARNING (W1002): Setting Var 's[None,single].investmentStage[3].representative
Period[2].commitmentPeriod[22].dispatchPeriod[1].storageChargeLevel[100MW_400M
Wh_3-c]' to a numeric value `0` outside the bounds (80, 400).
    See also https://pyomo.readthedocs.io/en/stable/errors.html#w1002
WARNING (W1002): Setting Var 's[None,single].investmentStage[3].representative
Period[2].commitmentPeriod[22].dispatchPeriod[1].storageChargeLevel[100MW_800M
Wh_3-c]' to a numeric value `0` outside the bounds (160, 800).
    See also https://pyomo.readthedocs.io/en/stable/errors.html#w1002
WARNING (W1002): Setting Var 's[None,single].investmentStage[3].representative
Period[2].commitmentPeriod[22].dispatchPeriod[1].storageChargeLevel[1000MW_200
0MWh_3-c]' to a numeric value `0` outside the bounds (400, 2000).
    See also https://pyomo.readthedocs.io/en/stable/errors.html#w1002
WARNING (W1002): Setting Var 's[None,single].investmentStage[3].representative
Period[2].commitmentPeriod[22].dispatchPeriod[1].storageChargeLevel[1000MW_400
0MWh_3-c]' to a numeric value `0` outside the bounds (800, 4000).
    See also https://pyomo.readthedocs.io/en/stable/errors.html#w1002
WARNING (W1002): Setting Var 's[None,single].investmentStage[3].representative
Period[2].commitmentPeriod[23].dispatchPeriod[1].storageChargeLevel[100MW_400M
Wh_1]' to a numeric value `0` outside the bounds (80, 400).
    See also https://pyomo.readthedocs.io/en/stable/errors.html#w1002
WARNING (W1002): Setting Var 's[None,single].investmentStage[3].representative
Period[2].commitmentPeriod[23].dispatchPeriod[1].storageChargeLevel[100MW_800M
Wh-1]' to a numeric value `0` outside the bounds (160, 800).
    See also https://pyomo.readthedocs.io/en/stable/errors.html#w1002
WARNING (W1002): Setting Var 's[None,single].investmentStage[3].representative
Period[2].commitmentPeriod[23].dispatchPeriod[1].storageChargeLevel[1000MW_200
0MWh_1-c]' to a numeric value `0` outside the bounds (400, 2000).
    See also https://pyomo.readthedocs.io/en/stable/errors.html#w1002
WARNING (W1002): Setting Var 's[None,single].investmentStage[3].representative
Period[2].commitmentPeriod[23].dispatchPeriod[1].storageChargeLevel[1000MW_400
0MWh_1-c]' to a numeric value `0` outside the bounds (800, 4000).
    See also https://pyomo.readthedocs.io/en/stable/errors.html#w1002
WARNING (W1002): Setting Var 's[None,single].investmentStage[3].representative
Period[2].commitmentPeriod[23].dispatchPeriod[1].storageChargeLevel[100MW_400M
Wh_2-c]' to a numeric value `0` outside the bounds (80, 400).
    See also https://pyomo.readthedocs.io/en/stable/errors.html#w1002
WARNING (W1002): Setting Var 's[None,single].investmentStage[3].representative
Period[2].commitmentPeriod[23].dispatchPeriod[1].storageChargeLevel[100MW_800M
Wh_2-c]' to a numeric value `0` outside the bounds (160, 800).
    See also https://pyomo.readthedocs.io/en/stable/errors.html#w1002
WARNING (W1002): Setting Var 's[None,single].investmentStage[3].representative
Period[2].commitmentPeriod[23].dispatchPeriod[1].storageChargeLevel[1000MW_200
0MWh_2-c]' to a numeric value `0` outside the bounds (400, 2000).
    See also https://pyomo.readthedocs.io/en/stable/errors.html#w1002
WARNING (W1002): Setting Var 's[None,single].investmentStage[3].representative
Period[2].commitmentPeriod[23].dispatchPeriod[1].storageChargeLevel[1000MW_400
0MWh_2-c]' to a numeric value `0` outside the bounds (800, 4000).
    See also https://pyomo.readthedocs.io/en/stable/errors.html#w1002
WARNING (W1002): Setting Var 's[None,single].investmentStage[3].representative
Period[2].commitmentPeriod[23].dispatchPeriod[1].storageChargeLevel[100MW_400M
Wh_3-c]' to a numeric value `0` outside the bounds (80, 400).
    See also https://pyomo.readthedocs.io/en/stable/errors.html#w1002
WARNING (W1002): Setting Var 's[None,single].investmentStage[3].representative
Period[2].commitmentPeriod[23].dispatchPeriod[1].storageChargeLevel[100MW_800M
Wh_3-c]' to a numeric value `0` outside the bounds (160, 800).
    See also https://pyomo.readthedocs.io/en/stable/errors.html#w1002
WARNING (W1002): Setting Var 's[None,single].investmentStage[3].representative
Period[2].commitmentPeriod[23].dispatchPeriod[1].storageChargeLevel[1000MW_200
0MWh_3-c]' to a numeric value `0` outside the bounds (400, 2000).
    See also https://pyomo.readthedocs.io/en/stable/errors.html#w1002
WARNING (W1002): Setting Var 's[None,single].investmentStage[3].representative
Period[2].commitmentPeriod[23].dispatchPeriod[1].storageChargeLevel[1000MW_400
0MWh_3-c]' to a numeric value `0` outside the bounds (800, 4000).
    See also https://pyomo.readthedocs.io/en/stable/errors.html#w1002
WARNING (W1002): Setting Var 's[None,single].investmentStage[3].representative
Period[2].commitmentPeriod[24].dispatchPeriod[1].storageChargeLevel[100MW_400M
Wh_1]' to a numeric value `0` outside the bounds (80, 400).
    See also https://pyomo.readthedocs.io/en/stable/errors.html#w1002
WARNING (W1002): Setting Var 's[None,single].investmentStage[3].representative
Period[2].commitmentPeriod[24].dispatchPeriod[1].storageChargeLevel[100MW_800M
Wh-1]' to a numeric value `0` outside the bounds (160, 800).
    See also https://pyomo.readthedocs.io/en/stable/errors.html#w1002
WARNING (W1002): Setting Var 's[None,single].investmentStage[3].representative
Period[2].commitmentPeriod[24].dispatchPeriod[1].storageChargeLevel[1000MW_200
0MWh_1-c]' to a numeric value `0` outside the bounds (400, 2000).
    See also https://pyomo.readthedocs.io/en/stable/errors.html#w1002
WARNING (W1002): Setting Var 's[None,single].investmentStage[3].representative
Period[2].commitmentPeriod[24].dispatchPeriod[1].storageChargeLevel[1000MW_400
0MWh_1-c]' to a numeric value `0` outside the bounds (800, 4000).
    See also https://pyomo.readthedocs.io/en/stable/errors.html#w1002
WARNING (W1002): Setting Var 's[None,single].investmentStage[3].representative
Period[2].commitmentPeriod[24].dispatchPeriod[1].storageChargeLevel[100MW_400M
Wh_2-c]' to a numeric value `0` outside the bounds (80, 400).
    See also https://pyomo.readthedocs.io/en/stable/errors.html#w1002
WARNING (W1002): Setting Var 's[None,single].investmentStage[3].representative
Period[2].commitmentPeriod[24].dispatchPeriod[1].storageChargeLevel[100MW_800M
Wh_2-c]' to a numeric value `0` outside the bounds (160, 800).
    See also https://pyomo.readthedocs.io/en/stable/errors.html#w1002
WARNING (W1002): Setting Var 's[None,single].investmentStage[3].representative
Period[2].commitmentPeriod[24].dispatchPeriod[1].storageChargeLevel[1000MW_200
0MWh_2-c]' to a numeric value `0` outside the bounds (400, 2000).
    See also https://pyomo.readthedocs.io/en/stable/errors.html#w1002
WARNING (W1002): Setting Var 's[None,single].investmentStage[3].representative
Period[2].commitmentPeriod[24].dispatchPeriod[1].storageChargeLevel[1000MW_400
0MWh_2-c]' to a numeric value `0` outside the bounds (800, 4000).
    See also https://pyomo.readthedocs.io/en/stable/errors.html#w1002
WARNING (W1002): Setting Var 's[None,single].investmentStage[3].representative
Period[2].commitmentPeriod[24].dispatchPeriod[1].storageChargeLevel[100MW_400M
Wh_3-c]' to a numeric value `0` outside the bounds (80, 400).
    See also https://pyomo.readthedocs.io/en/stable/errors.html#w1002
WARNING (W1002): Setting Var 's[None,single].investmentStage[3].representative
Period[2].commitmentPeriod[24].dispatchPeriod[1].storageChargeLevel[100MW_800M
Wh_3-c]' to a numeric value `0` outside the bounds (160, 800).
    See also https://pyomo.readthedocs.io/en/stable/errors.html#w1002
WARNING (W1002): Setting Var 's[None,single].investmentStage[3].representative
Period[2].commitmentPeriod[24].dispatchPeriod[1].storageChargeLevel[1000MW_200
0MWh_3-c]' to a numeric value `0` outside the bounds (400, 2000).
    See also https://pyomo.readthedocs.io/en/stable/errors.html#w1002
WARNING (W1002): Setting Var 's[None,single].investmentStage[3].representative
Period[2].commitmentPeriod[24].dispatchPeriod[1].storageChargeLevel[1000MW_400
0MWh_3-c]' to a numeric value `0` outside the bounds (800, 4000).
    See also https://pyomo.readthedocs.io/en/stable/errors.html#w1002
WARNING: Implicitly replacing the Component attribute obj (type=<class
'pyomo.core.base.objective.ScalarObjective'>) on block unknown with a new
Component (type=<class 'pyomo.core.base.objective.AbstractScalarObjective'>).
This is usually indicative of a modelling error. To avoid this warning, use
block.del_component() and block.add_component().
Set parameter Username
Set parameter LicenseID to value 2756878
Academic license - for non-commercial use only - expires 2026-12-19
Did not find reserves.csv; assuming no reserves
Setting default t0 state in RTS-GMLC parser
[    0.00] Creating GTEP Model
WARNING: Implicitly replacing the Component attribute storageCostInvestment
(type=<class 'pyomo.core.base.var.ScalarVar'>) on block investmentStage[1]
with a new Component (type=<class
'pyomo.core.base.expression.ScalarExpression'>). This is usually indicative of
a modelling error. To avoid this warning, use block.del_component() and
block.add_component().
WARNING: Implicitly replacing the Component attribute storageCostInvestment
(type=<class 'pyomo.core.base.var.ScalarVar'>) on block investmentStage[2]
with a new Component (type=<class
'pyomo.core.base.expression.ScalarExpression'>). This is usually indicative of
a modelling error. To avoid this warning, use block.del_component() and
block.add_component().
WARNING: Implicitly replacing the Component attribute storageCostInvestment
(type=<class 'pyomo.core.base.var.ScalarVar'>) on block investmentStage[3]
with a new Component (type=<class
'pyomo.core.base.expression.ScalarExpression'>). This is usually indicative of
a modelling error. To avoid this warning, use block.del_component() and
block.add_component().
WARNING: Implicitly replacing the Component attribute obj (type=<class
'pyomo.core.base.objective.ScalarObjective'>) on block unknown with a new
Component (type=<class 'pyomo.core.base.objective.AbstractScalarObjective'>).
This is usually indicative of a modelling error. To avoid this warning, use
block.del_component() and block.add_component().
Set parameter InfUnbdInfo to value 1
Set parameter DualReductions to value 0
