
=== STAGE 0: Environment ===
  Pyomo OK  (/opt/miniconda3/envs/topas_sparow_dev/lib/python3.13/site-packages/pyomo/__init__.py)
  SPAROW OK (/Users/matthewviens/Optimization/sparow/sparow/__init__.py)
  relax_second_stage importable
  OR-Topas OK
  EGRET OK  (/opt/miniconda3/envs/topas_sparow_dev/lib/python3.13/site-packages/egret/__init__.py)
  Stage 0 PASSED

=== STAGE 1: Build GTEP model ===
  force_minimal=True → stages=1, reps=1, len_reps=4, commit=2, disp=1, flow=CP
  create_gtep_model from: /Users/matthewviens/Optimization/sparow_examples/sparow_examples/aos_gtep_benders_minimal/scale_tests/single/driver_gtep.py
  data/ resolved to:      /Users/matthewviens/Optimization/sparow_examples/sparow_examples/aos_gtep_benders_minimal/scale_tests/single/data
Did not find reserves.csv; assuming no reserves
WARNING | Did not find reserves.csv; assuming no reserves
Setting default t0 state in RTS-GMLC parser
WARNING | Setting default t0 state in RTS-GMLC parser
WARNING | DEPRECATED: Using __getitem__ to return a set value from its (ordered)
position is deprecated.  Please use at()  (deprecated in 6.1, will be
removed in (or after) 7.0)
(called from /Users/matthewviens/Optimization/sparow_examples/sparow_examples/aos_gtep_benders_minimal/scale_tests/single/gtep_model.py:1282)
WARNING | DEPRECATED: Using __getitem__ to return a set value from its (ordered)
position is deprecated.  Please use at()  (deprecated in 6.1, will be
removed in (or after) 7.0)
(called from /Users/matthewviens/Optimization/sparow_examples/sparow_examples/aos_gtep_benders_minimal/scale_tests/single/gtep_model.py:1352)
WARNING | DEPRECATED: Using __getitem__ to return a set value from its (ordered)
position is deprecated.  Please use at()  (deprecated in 6.1, will be
removed in (or after) 7.0)
(called from /Users/matthewviens/Optimization/sparow_examples/sparow_examples/aos_gtep_benders_minimal/scale_tests/single/gtep_model.py:1391)
WARNING | Implicitly replacing the Component attribute storageCostInvestment (type=<class 'pyomo.core.base.var.ScalarVar'>) on block investmentStage[1] with a new Component (type=<class 'pyomo.core.base.expression.ScalarExpression'>).
This is usually indicative of a modelling error.
To avoid this warning, use block.del_component() and block.add_component().
[    0.00] Creating GTEP Model
  Model type: <class 'pyomo.core.base.PyomoModel.ConcreteModel'>
  Model name: unknown
  Active objectives: ['total_cost_objective_rule']
  Component stages: length 1
  Component investmentStage: length 1
  Component representativePeriods: length 1
  Component thermalGenerators: length 33
  Component renewableGenerators: length 33
  Component storage: length 12
  Component transmission: length 9
  Total active Binary VarData (after bigM): 1776
  Stage 1 PASSED

=== STAGE 2: Inspect binary / integer variables ===
  Binary components:
    investmentStage[1].representativePeriod[1].commitmentPeriod[1].dispatchPeriod[1]._logical_to_disjunctive.auxiliary_vars  n=   36  sample_idx=[1, 2, 3]
    investmentStage[1].representativePeriod[1].commitmentPeriod[1].dispatchPeriod[1]._pyomo_gdp_bigm_reformulation.relaxedDisjuncts[0].localVarReferences.binary_indicator_var  n=    1  sample_idx=[None]
    investmentStage[1].representativePeriod[1].commitmentPeriod[1].dispatchPeriod[1]._pyomo_gdp_bigm_reformulation.relaxedDisjuncts[1].localVarReferences.binary_indicator_var  n=    1  sample_idx=[None]
    investmentStage[1].representativePeriod[1].commitmentPeriod[1].dispatchPeriod[1]._pyomo_gdp_bigm_reformulation.relaxedDisjuncts[2].localVarReferences.binary_indicator_var  n=    1  sample_idx=[None]
    investmentStage[1].representativePeriod[1].commitmentPeriod[1].dispatchPeriod[1]._pyomo_gdp_bigm_reformulation.relaxedDisjuncts[3].localVarReferences.binary_indicator_var  n=    1  sample_idx=[None]
    investmentStage[1].representativePeriod[1].commitmentPeriod[1].dispatchPeriod[1]._pyomo_gdp_bigm_reformulation.relaxedDisjuncts[4].localVarReferences.binary_indicator_var  n=    1  sample_idx=[None]
    investmentStage[1].representativePeriod[1].commitmentPeriod[1].dispatchPeriod[1]._pyomo_gdp_bigm_reformulation.relaxedDisjuncts[5].localVarReferences.binary_indicator_var  n=    1  sample_idx=[None]
    investmentStage[1].representativePeriod[1].commitmentPeriod[1].dispatchPeriod[1]._pyomo_gdp_bigm_reformulation.relaxedDisjuncts[6].localVarReferences.binary_indicator_var  n=    1  sample_idx=[None]
    investmentStage[1].representativePeriod[1].commitmentPeriod[1].dispatchPeriod[1]._pyomo_gdp_bigm_reformulation.relaxedDisjuncts[7].localVarReferences.binary_indicator_var  n=    1  sample_idx=[None]
    investmentStage[1].representativePeriod[1].commitmentPeriod[1].dispatchPeriod[1]._pyomo_gdp_bigm_reformulation.relaxedDisjuncts[8].localVarReferences.binary_indicator_var  n=    1  sample_idx=[None]
    investmentStage[1].representativePeriod[1].commitmentPeriod[1].dispatchPeriod[1]._pyomo_gdp_bigm_reformulation.relaxedDisjuncts[9].localVarReferences.binary_indicator_var  n=    1  sample_idx=[None]
    investmentStage[1].representativePeriod[1].commitmentPeriod[1].dispatchPeriod[1]._pyomo_gdp_bigm_reformulation.relaxedDisjuncts[10].localVarReferences.binary_indicator_var  n=    1  sample_idx=[None]
    investmentStage[1].representativePeriod[1].commitmentPeriod[1].dispatchPeriod[1]._pyomo_gdp_bigm_reformulation.relaxedDisjuncts[11].localVarReferences.binary_indicator_var  n=    1  sample_idx=[None]
    investmentStage[1].representativePeriod[1].commitmentPeriod[1].dispatchPeriod[1]._pyomo_gdp_bigm_reformulation.relaxedDisjuncts[12].localVarReferences.binary_indicator_var  n=    1  sample_idx=[None]
    investmentStage[1].representativePeriod[1].commitmentPeriod[1].dispatchPeriod[1]._pyomo_gdp_bigm_reformulation.relaxedDisjuncts[13].localVarReferences.binary_indicator_var  n=    1  sample_idx=[None]
    investmentStage[1].representativePeriod[1].commitmentPeriod[1].dispatchPeriod[1]._pyomo_gdp_bigm_reformulation.relaxedDisjuncts[14].localVarReferences.binary_indicator_var  n=    1  sample_idx=[None]
    investmentStage[1].representativePeriod[1].commitmentPeriod[1].dispatchPeriod[1]._pyomo_gdp_bigm_reformulation.relaxedDisjuncts[15].localVarReferences.binary_indicator_var  n=    1  sample_idx=[None]
    investmentStage[1].representativePeriod[1].commitmentPeriod[1].dispatchPeriod[1]._pyomo_gdp_bigm_reformulation.relaxedDisjuncts[16].localVarReferences.binary_indicator_var  n=    1  sample_idx=[None]
    investmentStage[1].representativePeriod[1].commitmentPeriod[1].dispatchPeriod[1]._pyomo_gdp_bigm_reformulation.relaxedDisjuncts[17].localVarReferences.binary_indicator_var  n=    1  sample_idx=[None]
    investmentStage[1].representativePeriod[1].commitmentPeriod[1]._logical_to_disjunctive.auxiliary_vars  n=  135  sample_idx=[1, 2, 3]
    investmentStage[1].representativePeriod[1].commitmentPeriod[1]._pyomo_gdp_bigm_reformulation.relaxedDisjuncts[0].localVarReferences.binary_indicator_var  n=    1  sample_idx=[None]
    investmentStage[1].representativePeriod[1].commitmentPeriod[1]._pyomo_gdp_bigm_reformulation.relaxedDisjuncts[1].localVarReferences.binary_indicator_var  n=    1  sample_idx=[None]
    investmentStage[1].representativePeriod[1].commitmentPeriod[1]._pyomo_gdp_bigm_reformulation.relaxedDisjuncts[2].localVarReferences.binary_indicator_var  n=    1  sample_idx=[None]
    investmentStage[1].representativePeriod[1].commitmentPeriod[1]._pyomo_gdp_bigm_reformulation.relaxedDisjuncts[3].localVarReferences.binary_indicator_var  n=    1  sample_idx=[None]
    investmentStage[1].representativePeriod[1].commitmentPeriod[1]._pyomo_gdp_bigm_reformulation.relaxedDisjuncts[4].localVarReferences.binary_indicator_var  n=    1  sample_idx=[None]
    investmentStage[1].representativePeriod[1].commitmentPeriod[1]._pyomo_gdp_bigm_reformulation.relaxedDisjuncts[5].localVarReferences.binary_indicator_var  n=    1  sample_idx=[None]
    investmentStage[1].representativePeriod[1].commitmentPeriod[1]._pyomo_gdp_bigm_reformulation.relaxedDisjuncts[6].localVarReferences.binary_indicator_var  n=    1  sample_idx=[None]
    investmentStage[1].representativePeriod[1].commitmentPeriod[1]._pyomo_gdp_bigm_reformulation.relaxedDisjuncts[7].localVarReferences.binary_indicator_var  n=    1  sample_idx=[None]
    investmentStage[1].representativePeriod[1].commitmentPeriod[1]._pyomo_gdp_bigm_reformulation.relaxedDisjuncts[8].localVarReferences.binary_indicator_var  n=    1  sample_idx=[None]
    investmentStage[1].representativePeriod[1].commitmentPeriod[1]._pyomo_gdp_bigm_reformulation.relaxedDisjuncts[9].localVarReferences.binary_indicator_var  n=    1  sample_idx=[None]
    investmentStage[1].representativePeriod[1].commitmentPeriod[1]._pyomo_gdp_bigm_reformulation.relaxedDisjuncts[10].localVarReferences.binary_indicator_var  n=    1  sample_idx=[None]
    investmentStage[1].representativePeriod[1].commitmentPeriod[1]._pyomo_gdp_bigm_reformulation.relaxedDisjuncts[11].localVarReferences.binary_indicator_var  n=    1  sample_idx=[None]
    investmentStage[1].representativePeriod[1].commitmentPeriod[1]._pyomo_gdp_bigm_reformulation.relaxedDisjuncts[12].localVarReferences.binary_indicator_var  n=    1  sample_idx=[None]
    investmentStage[1].representativePeriod[1].commitmentPeriod[1]._pyomo_gdp_bigm_reformulation.relaxedDisjuncts[13].localVarReferences.binary_indicator_var  n=    1  sample_idx=[None]
    investmentStage[1].representativePeriod[1].commitmentPeriod[1]._pyomo_gdp_bigm_reformulation.relaxedDisjuncts[14].localVarReferences.binary_indicator_var  n=    1  sample_idx=[None]
    investmentStage[1].representativePeriod[1].commitmentPeriod[1]._pyomo_gdp_bigm_reformulation.relaxedDisjuncts[15].localVarReferences.binary_indicator_var  n=    1  sample_idx=[None]
    investmentStage[1].representativePeriod[1].commitmentPeriod[1]._pyomo_gdp_bigm_reformulation.relaxedDisjuncts[16].localVarReferences.binary_indicator_var  n=    1  sample_idx=[None]
    investmentStage[1].representativePeriod[1].commitmentPeriod[1]._pyomo_gdp_bigm_reformulation.relaxedDisjuncts[17].localVarReferences.binary_indicator_var  n=    1  sample_idx=[None]
    investmentStage[1].representativePeriod[1].commitmentPeriod[1]._pyomo_gdp_bigm_reformulation.relaxedDisjuncts[18].localVarReferences.binary_indicator_var  n=    1  sample_idx=[None]
    investmentStage[1].representativePeriod[1].commitmentPeriod[1]._pyomo_gdp_bigm_reformulation.relaxedDisjuncts[19].localVarReferences.binary_indicator_var  n=    1  sample_idx=[None]
    investmentStage[1].representativePeriod[1].commitmentPeriod[1]._pyomo_gdp_bigm_reformulation.relaxedDisjuncts[20].localVarReferences.binary_indicator_var  n=    1  sample_idx=[None]
    investmentStage[1].representativePeriod[1].commitmentPeriod[1]._pyomo_gdp_bigm_reformulation.relaxedDisjuncts[21].localVarReferences.binary_indicator_var  n=    1  sample_idx=[None]
    investmentStage[1].representativePeriod[1].commitmentPeriod[1]._pyomo_gdp_bigm_reformulation.relaxedDisjuncts[22].localVarReferences.binary_indicator_var  n=    1  sample_idx=[None]
    investmentStage[1].representativePeriod[1].commitmentPeriod[1]._pyomo_gdp_bigm_reformulation.relaxedDisjuncts[23].localVarReferences.binary_indicator_var  n=    1  sample_idx=[None]
    investmentStage[1].representativePeriod[1].commitmentPeriod[1]._pyomo_gdp_bigm_reformulation.relaxedDisjuncts[24].localVarReferences.binary_indicator_var  n=    1  sample_idx=[None]
    investmentStage[1].representativePeriod[1].commitmentPeriod[1]._pyomo_gdp_bigm_reformulation.relaxedDisjuncts[25].localVarReferences.binary_indicator_var  n=    1  sample_idx=[None]
    investmentStage[1].representativePeriod[1].commitmentPeriod[1]._pyomo_gdp_bigm_reformulation.relaxedDisjuncts[26].localVarReferences.binary_indicator_var  n=    1  sample_idx=[None]
    investmentStage[1].representativePeriod[1].commitmentPeriod[1]._pyomo_gdp_bigm_reformulation.relaxedDisjuncts[27].localVarReferences.binary_indicator_var  n=    1  sample_idx=[None]
    investmentStage[1].representativePeriod[1].commitmentPeriod[1]._pyomo_gdp_bigm_reformulation.relaxedDisjuncts[28].localVarReferences.binary_indicator_var  n=    1  sample_idx=[None]
    investmentStage[1].representativePeriod[1].commitmentPeriod[1]._pyomo_gdp_bigm_reformulation.relaxedDisjuncts[29].localVarReferences.binary_indicator_var  n=    1  sample_idx=[None]
    investmentStage[1].representativePeriod[1].commitmentPeriod[1]._pyomo_gdp_bigm_reformulation.relaxedDisjuncts[30].localVarReferences.binary_indicator_var  n=    1  sample_idx=[None]
    investmentStage[1].representativePeriod[1].commitmentPeriod[1]._pyomo_gdp_bigm_reformulation.relaxedDisjuncts[31].localVarReferences.binary_indicator_var  n=    1  sample_idx=[None]
    investmentStage[1].representativePeriod[1].commitmentPeriod[1]._pyomo_gdp_bigm_reformulation.relaxedDisjuncts[32].localVarReferences.binary_indicator_var  n=    1  sample_idx=[None]
    investmentStage[1].representativePeriod[1].commitmentPeriod[1]._pyomo_gdp_bigm_reformulation.relaxedDisjuncts[33].localVarReferences.binary_indicator_var  n=    1  sample_idx=[None]
    investmentStage[1].representativePeriod[1].commitmentPeriod[1]._pyomo_gdp_bigm_reformulation.relaxedDisjuncts[34].localVarReferences.binary_indicator_var  n=    1  sample_idx=[None]
    investmentStage[1].representativePeriod[1].commitmentPeriod[1]._pyomo_gdp_bigm_reformulation.relaxedDisjuncts[35].localVarReferences.binary_indicator_var  n=    1  sample_idx=[None]
    investmentStage[1].representativePeriod[1].commitmentPeriod[1]._pyomo_gdp_bigm_reformulation.relaxedDisjuncts[36].localVarReferences.binary_indicator_var  n=    1  sample_idx=[None]
    investmentStage[1].representativePeriod[1].commitmentPeriod[1]._pyomo_gdp_bigm_reformulation.relaxedDisjuncts[37].localVarReferences.binary_indicator_var  n=    1  sample_idx=[None]
    investmentStage[1].representativePeriod[1].commitmentPeriod[1]._pyomo_gdp_bigm_reformulation.relaxedDisjuncts[38].localVarReferences.binary_indicator_var  n=    1  sample_idx=[None]
    investmentStage[1].representativePeriod[1].commitmentPeriod[1]._pyomo_gdp_bigm_reformulation.relaxedDisjuncts[39].localVarReferences.binary_indicator_var  n=    1  sample_idx=[None]
    investmentStage[1].representativePeriod[1].commitmentPeriod[1]._pyomo_gdp_bigm_reformulation.relaxedDisjuncts[40].localVarReferences.binary_indicator_var  n=    1  sample_idx=[None]
    investmentStage[1].representativePeriod[1].commitmentPeriod[1]._pyomo_gdp_bigm_reformulation.relaxedDisjuncts[41].localVarReferences.binary_indicator_var  n=    1  sample_idx=[None]
    investmentStage[1].representativePeriod[1].commitmentPeriod[1]._pyomo_gdp_bigm_reformulation.relaxedDisjuncts[42].localVarReferences.binary_indicator_var  n=    1  sample_idx=[None]
    investmentStage[1].representativePeriod[1].commitmentPeriod[1]._pyomo_gdp_bigm_reformulation.relaxedDisjuncts[43].localVarReferences.binary_indicator_var  n=    1  sample_idx=[None]
    investmentStage[1].representativePeriod[1].commitmentPeriod[1]._pyomo_gdp_bigm_reformulation.relaxedDisjuncts[44].localVarReferences.binary_indicator_var  n=    1  sample_idx=[None]
    investmentStage[1].representativePeriod[1].commitmentPeriod[1]._pyomo_gdp_bigm_reformulation.relaxedDisjuncts[45].localVarReferences.binary_indicator_var  n=    1  sample_idx=[None]
    investmentStage[1].representativePeriod[1].commitmentPeriod[1]._pyomo_gdp_bigm_reformulation.relaxedDisjuncts[46].localVarReferences.binary_indicator_var  n=    1  sample_idx=[None]
    investmentStage[1].representativePeriod[1].commitmentPeriod[1]._pyomo_gdp_bigm_reformulation.relaxedDisjuncts[47].localVarReferences.binary_indicator_var  n=    1  sample_idx=[None]
    investmentStage[1].representativePeriod[1].commitmentPeriod[1]._pyomo_gdp_bigm_reformulation.relaxedDisjuncts[48].localVarReferences.binary_indicator_var  n=    1  sample_idx=[None]
    investmentStage[1].representativePeriod[1].commitmentPeriod[1]._pyomo_gdp_bigm_reformulation.relaxedDisjuncts[49].localVarReferences.binary_indicator_var  n=    1  sample_idx=[None]
    investmentStage[1].representativePeriod[1].commitmentPeriod[1]._pyomo_gdp_bigm_reformulation.relaxedDisjuncts[50].localVarReferences.binary_indicator_var  n=    1  sample_idx=[None]
    investmentStage[1].representativePeriod[1].commitmentPeriod[1]._pyomo_gdp_bigm_reformulation.relaxedDisjuncts[51].localVarReferences.binary_indicator_var  n=    1  sample_idx=[None]
    investmentStage[1].representativePeriod[1].commitmentPeriod[1]._pyomo_gdp_bigm_reformulation.relaxedDisjuncts[52].localVarReferences.binary_indicator_var  n=    1  sample_idx=[None]
    investmentStage[1].representativePeriod[1].commitmentPeriod[1]._pyomo_gdp_bigm_reformulation.relaxedDisjuncts[53].localVarReferences.binary_indicator_var  n=    1  sample_idx=[None]
    investmentStage[1].representativePeriod[1].commitmentPeriod[1]._pyomo_gdp_bigm_reformulation.relaxedDisjuncts[54].localVarReferences.binary_indicator_var  n=    1  sample_idx=[None]
    investmentStage[1].representativePeriod[1].commitmentPeriod[1]._pyomo_gdp_bigm_reformulation.relaxedDisjuncts[55].localVarReferences.binary_indicator_var  n=    1  sample_idx=[None]
    investmentStage[1].representativePeriod[1].commitmentPeriod[1]._pyomo_gdp_bigm_reformulation.relaxedDisjuncts[56].localVarReferences.binary_indicator_var  n=    1  sample_idx=[None]
    investmentStage[1].representativePeriod[1].commitmentPeriod[1]._pyomo_gdp_bigm_reformulation.relaxedDisjuncts[57].localVarReferences.binary_indicator_var  n=    1  sample_idx=[None]
    investmentStage[1].representativePeriod[1].commitmentPeriod[1]._pyomo_gdp_bigm_reformulation.relaxedDisjuncts[58].localVarReferences.binary_indicator_var  n=    1  sample_idx=[None]
    investmentStage[1].representativePeriod[1].commitmentPeriod[1]._pyomo_gdp_bigm_reformulation.relaxedDisjuncts[59].localVarReferences.binary_indicator_var  n=    1  sample_idx=[None]
    investmentStage[1].representativePeriod[1].commitmentPeriod[1]._pyomo_gdp_bigm_reformulation.relaxedDisjuncts[60].localVarReferences.binary_indicator_var  n=    1  sample_idx=[None]
    investmentStage[1].representativePeriod[1].commitmentPeriod[1]._pyomo_gdp_bigm_reformulation.relaxedDisjuncts[61].localVarReferences.binary_indicator_var  n=    1  sample_idx=[None]
    investmentStage[1].representativePeriod[1].commitmentPeriod[1]._pyomo_gdp_bigm_reformulation.relaxedDisjuncts[62].localVarReferences.binary_indicator_var  n=    1  sample_idx=[None]
    investmentStage[1].representativePeriod[1].commitmentPeriod[1]._pyomo_gdp_bigm_reformulation.relaxedDisjuncts[63].localVarReferences.binary_indicator_var  n=    1  sample_idx=[None]
    investmentStage[1].representativePeriod[1].commitmentPeriod[1]._pyomo_gdp_bigm_reformulation.relaxedDisjuncts[64].localVarReferences.binary_indicator_var  n=    1  sample_idx=[None]
    investmentStage[1].representativePeriod[1].commitmentPeriod[1]._pyomo_gdp_bigm_reformulation.relaxedDisjuncts[65].localVarReferences.binary_indicator_var  n=    1  sample_idx=[None]
    investmentStage[1].representativePeriod[1].commitmentPeriod[1]._pyomo_gdp_bigm_reformulation.relaxedDisjuncts[66].localVarReferences.binary_indicator_var  n=    1  sample_idx=[None]
    investmentStage[1].representativePeriod[1].commitmentPeriod[1]._pyomo_gdp_bigm_reformulation.relaxedDisjuncts[67].localVarReferences.binary_indicator_var  n=    1  sample_idx=[None]
    investmentStage[1].representativePeriod[1].commitmentPeriod[1]._pyomo_gdp_bigm_reformulation.relaxedDisjuncts[68].localVarReferences.binary_indicator_var  n=    1  sample_idx=[None]
    investmentStage[1].representativePeriod[1].commitmentPeriod[1]._pyomo_gdp_bigm_reformulation.relaxedDisjuncts[69].localVarReferences.binary_indicator_var  n=    1  sample_idx=[None]
    investmentStage[1].representativePeriod[1].commitmentPeriod[1]._pyomo_gdp_bigm_reformulation.relaxedDisjuncts[70].localVarReferences.binary_indicator_var  n=    1  sample_idx=[None]
    investmentStage[1].representativePeriod[1].commitmentPeriod[1]._pyomo_gdp_bigm_reformulation.relaxedDisjuncts[71].localVarReferences.binary_indicator_var  n=    1  sample_idx=[None]
    investmentStage[1].representativePeriod[1].commitmentPeriod[1]._pyomo_gdp_bigm_reformulation.relaxedDisjuncts[72].localVarReferences.binary_indicator_var  n=    1  sample_idx=[None]
    investmentStage[1].representativePeriod[1].commitmentPeriod[1]._pyomo_gdp_bigm_reformulation.relaxedDisjuncts[73].localVarReferences.binary_indicator_var  n=    1  sample_idx=[None]
    investmentStage[1].representativePeriod[1].commitmentPeriod[1]._pyomo_gdp_bigm_reformulation.relaxedDisjuncts[74].localVarReferences.binary_indicator_var  n=    1  sample_idx=[None]
    investmentStage[1].representativePeriod[1].commitmentPeriod[1]._pyomo_gdp_bigm_reformulation.relaxedDisjuncts[75].localVarReferences.binary_indicator_var  n=    1  sample_idx=[None]
    investmentStage[1].representativePeriod[1].commitmentPeriod[1]._pyomo_gdp_bigm_reformulation.relaxedDisjuncts[76].localVarReferences.binary_indicator_var  n=    1  sample_idx=[None]
    investmentStage[1].representativePeriod[1].commitmentPeriod[1]._pyomo_gdp_bigm_reformulation.relaxedDisjuncts[77].localVarReferences.binary_indicator_var  n=    1  sample_idx=[None]
    investmentStage[1].representativePeriod[1].commitmentPeriod[1]._pyomo_gdp_bigm_reformulation.relaxedDisjuncts[78].localVarReferences.binary_indicator_var  n=    1  sample_idx=[None]
    investmentStage[1].representativePeriod[1].commitmentPeriod[1]._pyomo_gdp_bigm_reformulation.relaxedDisjuncts[79].localVarReferences.binary_indicator_var  n=    1  sample_idx=[None]
    investmentStage[1].representativePeriod[1].commitmentPeriod[1]._pyomo_gdp_bigm_reformulation.relaxedDisjuncts[80].localVarReferences.binary_indicator_var  n=    1  sample_idx=[None]
    investmentStage[1].representativePeriod[1].commitmentPeriod[1]._pyomo_gdp_bigm_reformulation.relaxedDisjuncts[81].localVarReferences.binary_indicator_var  n=    1  sample_idx=[None]
    investmentStage[1].representativePeriod[1].commitmentPeriod[1]._pyomo_gdp_bigm_reformulation.relaxedDisjuncts[82].localVarReferences.binary_indicator_var  n=    1  sample_idx=[None]
    investmentStage[1].representativePeriod[1].commitmentPeriod[1]._pyomo_gdp_bigm_reformulation.relaxedDisjuncts[83].localVarReferences.binary_indicator_var  n=    1  sample_idx=[None]
    investmentStage[1].representativePeriod[1].commitmentPeriod[1]._pyomo_gdp_bigm_reformulation.relaxedDisjuncts[84].localVarReferences.binary_indicator_var  n=    1  sample_idx=[None]
    investmentStage[1].representativePeriod[1].commitmentPeriod[1]._pyomo_gdp_bigm_reformulation.relaxedDisjuncts[85].localVarReferences.binary_indicator_var  n=    1  sample_idx=[None]
    investmentStage[1].representativePeriod[1].commitmentPeriod[1]._pyomo_gdp_bigm_reformulation.relaxedDisjuncts[86].localVarReferences.binary_indicator_var  n=    1  sample_idx=[None]
    investmentStage[1].representativePeriod[1].commitmentPeriod[1]._pyomo_gdp_bigm_reformulation.relaxedDisjuncts[87].localVarReferences.binary_indicator_var  n=    1  sample_idx=[None]
    investmentStage[1].representativePeriod[1].commitmentPeriod[1]._pyomo_gdp_bigm_reformulation.relaxedDisjuncts[88].localVarReferences.binary_indicator_var  n=    1  sample_idx=[None]
    investmentStage[1].representativePeriod[1].commitmentPeriod[1]._pyomo_gdp_bigm_reformulation.relaxedDisjuncts[89].localVarReferences.binary_indicator_var  n=    1  sample_idx=[None]
    investmentStage[1].representativePeriod[1].commitmentPeriod[1]._pyomo_gdp_bigm_reformulation.relaxedDisjuncts[90].localVarReferences.binary_indicator_var  n=    1  sample_idx=[None]
    investmentStage[1].representativePeriod[1].commitmentPeriod[1]._pyomo_gdp_bigm_reformulation.relaxedDisjuncts[91].localVarReferences.binary_indicator_var  n=    1  sample_idx=[None]
    investmentStage[1].representativePeriod[1].commitmentPeriod[1]._pyomo_gdp_bigm_reformulation.relaxedDisjuncts[92].localVarReferences.binary_indicator_var  n=    1  sample_idx=[None]
    investmentStage[1].representativePeriod[1].commitmentPeriod[1]._pyomo_gdp_bigm_reformulation.relaxedDisjuncts[93].localVarReferences.binary_indicator_var  n=    1  sample_idx=[None]
    investmentStage[1].representativePeriod[1].commitmentPeriod[1]._pyomo_gdp_bigm_reformulation.relaxedDisjuncts[94].localVarReferences.binary_indicator_var  n=    1  sample_idx=[None]
    investmentStage[1].representativePeriod[1].commitmentPeriod[1]._pyomo_gdp_bigm_reformulation.relaxedDisjuncts[95].localVarReferences.binary_indicator_var  n=    1  sample_idx=[None]
    investmentStage[1].representativePeriod[1].commitmentPeriod[1]._pyomo_gdp_bigm_reformulation.relaxedDisjuncts[96].localVarReferences.binary_indicator_var  n=    1  sample_idx=[None]
    investmentStage[1].representativePeriod[1].commitmentPeriod[1]._pyomo_gdp_bigm_reformulation.relaxedDisjuncts[97].localVarReferences.binary_indicator_var  n=    1  sample_idx=[None]
    investmentStage[1].representativePeriod[1].commitmentPeriod[1]._pyomo_gdp_bigm_reformulation.relaxedDisjuncts[98].localVarReferences.binary_indicator_var  n=    1  sample_idx=[None]
    investmentStage[1].representativePeriod[1].commitmentPeriod[1]._pyomo_gdp_bigm_reformulation.relaxedDisjuncts[99].localVarReferences.binary_indicator_var  n=    1  sample_idx=[None]
    investmentStage[1].representativePeriod[1].commitmentPeriod[1]._pyomo_gdp_bigm_reformulation.relaxedDisjuncts[100].localVarReferences.binary_indicator_var  n=    1  sample_idx=[None]
    investmentStage[1].representativePeriod[1].commitmentPeriod[1]._pyomo_gdp_bigm_reformulation.relaxedDisjuncts[101].localVarReferences.binary_indicator_var  n=    1  sample_idx=[None]
    investmentStage[1].representativePeriod[1].commitmentPeriod[1]._pyomo_gdp_bigm_reformulation.relaxedDisjuncts[102].localVarReferences.binary_indicator_var  n=    1  sample_idx=[None]
    investmentStage[1].representativePeriod[1].commitmentPeriod[1]._pyomo_gdp_bigm_reformulation.relaxedDisjuncts[103].localVarReferences.binary_indicator_var  n=    1  sample_idx=[None]
    investmentStage[1].representativePeriod[1].commitmentPeriod[1]._pyomo_gdp_bigm_reformulation.relaxedDisjuncts[104].localVarReferences.binary_indicator_var  n=    1  sample_idx=[None]
    investmentStage[1].representativePeriod[1].commitmentPeriod[1]._pyomo_gdp_bigm_reformulation.relaxedDisjuncts[105].localVarReferences.binary_indicator_var  n=    1  sample_idx=[None]
    investmentStage[1].representativePeriod[1].commitmentPeriod[1]._pyomo_gdp_bigm_reformulation.relaxedDisjuncts[106].localVarReferences.binary_indicator_var  n=    1  sample_idx=[None]
    investmentStage[1].representativePeriod[1].commitmentPeriod[1]._pyomo_gdp_bigm_reformulation.relaxedDisjuncts[107].localVarReferences.binary_indicator_var  n=    1  sample_idx=[None]
    investmentStage[1].representativePeriod[1].commitmentPeriod[1]._pyomo_gdp_bigm_reformulation.relaxedDisjuncts[108].localVarReferences.binary_indicator_var  n=    1  sample_idx=[None]
    investmentStage[1].representativePeriod[1].commitmentPeriod[1]._pyomo_gdp_bigm_reformulation.relaxedDisjuncts[109].localVarReferences.binary_indicator_var  n=    1  sample_idx=[None]
    investmentStage[1].representativePeriod[1].commitmentPeriod[1]._pyomo_gdp_bigm_reformulation.relaxedDisjuncts[110].localVarReferences.binary_indicator_var  n=    1  sample_idx=[None]
    investmentStage[1].representativePeriod[1].commitmentPeriod[1]._pyomo_gdp_bigm_reformulation.relaxedDisjuncts[111].localVarReferences.binary_indicator_var  n=    1  sample_idx=[None]
    investmentStage[1].representativePeriod[1].commitmentPeriod[1]._pyomo_gdp_bigm_reformulation.relaxedDisjuncts[112].localVarReferences.binary_indicator_var  n=    1  sample_idx=[None]
    investmentStage[1].representativePeriod[1].commitmentPeriod[1]._pyomo_gdp_bigm_reformulation.relaxedDisjuncts[113].localVarReferences.binary_indicator_var  n=    1  sample_idx=[None]
    investmentStage[1].representativePeriod[1].commitmentPeriod[1]._pyomo_gdp_bigm_reformulation.relaxedDisjuncts[114].localVarReferences.binary_indicator_var  n=    1  sample_idx=[None]
    investmentStage[1].representativePeriod[1].commitmentPeriod[1]._pyomo_gdp_bigm_reformulation.relaxedDisjuncts[115].localVarReferences.binary_indicator_var  n=    1  sample_idx=[None]
    investmentStage[1].representativePeriod[1].commitmentPeriod[1]._pyomo_gdp_bigm_reformulation.relaxedDisjuncts[116].localVarReferences.binary_indicator_var  n=    1  sample_idx=[None]
    investmentStage[1].representativePeriod[1].commitmentPeriod[1]._pyomo_gdp_bigm_reformulation.relaxedDisjuncts[117].localVarReferences.binary_indicator_var  n=    1  sample_idx=[None]
    investmentStage[1].representativePeriod[1].commitmentPeriod[1]._pyomo_gdp_bigm_reformulation.relaxedDisjuncts[118].localVarReferences.binary_indicator_var  n=    1  sample_idx=[None]
    investmentStage[1].representativePeriod[1].commitmentPeriod[1]._pyomo_gdp_bigm_reformulation.relaxedDisjuncts[119].localVarReferences.binary_indicator_var  n=    1  sample_idx=[None]
    investmentStage[1].representativePeriod[1].commitmentPeriod[1]._pyomo_gdp_bigm_reformulation.relaxedDisjuncts[120].localVarReferences.binary_indicator_var  n=    1  sample_idx=[None]
    investmentStage[1].representativePeriod[1].commitmentPeriod[1]._pyomo_gdp_bigm_reformulation.relaxedDisjuncts[121].localVarReferences.binary_indicator_var  n=    1  sample_idx=[None]
    investmentStage[1].representativePeriod[1].commitmentPeriod[1]._pyomo_gdp_bigm_reformulation.relaxedDisjuncts[122].localVarReferences.binary_indicator_var  n=    1  sample_idx=[None]
    investmentStage[1].representativePeriod[1].commitmentPeriod[1]._pyomo_gdp_bigm_reformulation.relaxedDisjuncts[123].localVarReferences.binary_indicator_var  n=    1  sample_idx=[None]
    investmentStage[1].representativePeriod[1].commitmentPeriod[1]._pyomo_gdp_bigm_reformulation.relaxedDisjuncts[124].localVarReferences.binary_indicator_var  n=    1  sample_idx=[None]
    investmentStage[1].representativePeriod[1].commitmentPeriod[1]._pyomo_gdp_bigm_reformulation.relaxedDisjuncts[125].localVarReferences.binary_indicator_var  n=    1  sample_idx=[None]
    investmentStage[1].representativePeriod[1].commitmentPeriod[1]._pyomo_gdp_bigm_reformulation.relaxedDisjuncts[126].localVarReferences.binary_indicator_var  n=    1  sample_idx=[None]
    investmentStage[1].representativePeriod[1].commitmentPeriod[1]._pyomo_gdp_bigm_reformulation.relaxedDisjuncts[127].localVarReferences.binary_indicator_var  n=    1  sample_idx=[None]
    investmentStage[1].representativePeriod[1].commitmentPeriod[1]._pyomo_gdp_bigm_reformulation.relaxedDisjuncts[128].localVarReferences.binary_indicator_var  n=    1  sample_idx=[None]
    investmentStage[1].representativePeriod[1].commitmentPeriod[1]._pyomo_gdp_bigm_reformulation.relaxedDisjuncts[129].localVarReferences.binary_indicator_var  n=    1  sample_idx=[None]
    investmentStage[1].representativePeriod[1].commitmentPeriod[1]._pyomo_gdp_bigm_reformulation.relaxedDisjuncts[130].localVarReferences.binary_indicator_var  n=    1  sample_idx=[None]
    investmentStage[1].representativePeriod[1].commitmentPeriod[1]._pyomo_gdp_bigm_reformulation.relaxedDisjuncts[131].localVarReferences.binary_indicator_var  n=    1  sample_idx=[None]
    investmentStage[1].representativePeriod[1].commitmentPeriod[1]._pyomo_gdp_bigm_reformulation.relaxedDisjuncts[132].localVarReferences.binary_indicator_var  n=    1  sample_idx=[None]
    investmentStage[1].representativePeriod[1].commitmentPeriod[1]._pyomo_gdp_bigm_reformulation.relaxedDisjuncts[133].localVarReferences.binary_indicator_var  n=    1  sample_idx=[None]
    investmentStage[1].representativePeriod[1].commitmentPeriod[1]._pyomo_gdp_bigm_reformulation.relaxedDisjuncts[134].localVarReferences.binary_indicator_var  n=    1  sample_idx=[None]
    investmentStage[1].representativePeriod[1].commitmentPeriod[1]._pyomo_gdp_bigm_reformulation.relaxedDisjuncts[135].localVarReferences.binary_indicator_var  n=    1  sample_idx=[None]
    investmentStage[1].representativePeriod[1].commitmentPeriod[1]._pyomo_gdp_bigm_reformulation.relaxedDisjuncts[136].localVarReferences.binary_indicator_var  n=    1  sample_idx=[None]
    investmentStage[1].representativePeriod[1].commitmentPeriod[1]._pyomo_gdp_bigm_reformulation.relaxedDisjuncts[137].localVarReferences.binary_indicator_var  n=    1  sample_idx=[None]
    investmentStage[1].representativePeriod[1].commitmentPeriod[1]._pyomo_gdp_bigm_reformulation.relaxedDisjuncts[138].localVarReferences.binary_indicator_var  n=    1  sample_idx=[None]
    investmentStage[1].representativePeriod[1].commitmentPeriod[1]._pyomo_gdp_bigm_reformulation.relaxedDisjuncts[139].localVarReferences.binary_indicator_var  n=    1  sample_idx=[None]
    investmentStage[1].representativePeriod[1].commitmentPeriod[1]._pyomo_gdp_bigm_reformulation.relaxedDisjuncts[140].localVarReferences.binary_indicator_var  n=    1  sample_idx=[None]
    investmentStage[1].representativePeriod[1].commitmentPeriod[1]._pyomo_gdp_bigm_reformulation.relaxedDisjuncts[141].localVarReferences.binary_indicator_var  n=    1  sample_idx=[None]
    investmentStage[1].representativePeriod[1].commitmentPeriod[1]._pyomo_gdp_bigm_reformulation.relaxedDisjuncts[142].localVarReferences.binary_indicator_var  n=    1  sample_idx=[None]
    investmentStage[1].representativePeriod[1].commitmentPeriod[1]._pyomo_gdp_bigm_reformulation.relaxedDisjuncts[143].localVarReferences.binary_indicator_var  n=    1  sample_idx=[None]
    investmentStage[1].representativePeriod[1].commitmentPeriod[1]._pyomo_gdp_bigm_reformulation.relaxedDisjuncts[144].localVarReferences.binary_indicator_var  n=    1  sample_idx=[None]
    investmentStage[1].representativePeriod[1].commitmentPeriod[1]._pyomo_gdp_bigm_reformulation.relaxedDisjuncts[145].localVarReferences.binary_indicator_var  n=    1  sample_idx=[None]
    investmentStage[1].representativePeriod[1].commitmentPeriod[1]._pyomo_gdp_bigm_reformulation.relaxedDisjuncts[146].localVarReferences.binary_indicator_var  n=    1  sample_idx=[None]
    investmentStage[1].representativePeriod[1].commitmentPeriod[1]._pyomo_gdp_bigm_reformulation.relaxedDisjuncts[147].localVarReferences.binary_indicator_var  n=    1  sample_idx=[None]
    investmentStage[1].representativePeriod[1].commitmentPeriod[1]._pyomo_gdp_bigm_reformulation.relaxedDisjuncts[148].localVarReferences.binary_indicator_var  n=    1  sample_idx=[None]
    investmentStage[1].representativePeriod[1].commitmentPeriod[1]._pyomo_gdp_bigm_reformulation.relaxedDisjuncts[149].localVarReferences.binary_indicator_var  n=    1  sample_idx=[None]
    investmentStage[1].representativePeriod[1].commitmentPeriod[1]._pyomo_gdp_bigm_reformulation.relaxedDisjuncts[150].localVarReferences.binary_indicator_var  n=    1  sample_idx=[None]
    investmentStage[1].representativePeriod[1].commitmentPeriod[1]._pyomo_gdp_bigm_reformulation.relaxedDisjuncts[151].localVarReferences.binary_indicator_var  n=    1  sample_idx=[None]
    investmentStage[1].representativePeriod[1].commitmentPeriod[1]._pyomo_gdp_bigm_reformulation.relaxedDisjuncts[152].localVarReferences.binary_indicator_var  n=    1  sample_idx=[None]
    investmentStage[1].representativePeriod[1].commitmentPeriod[1]._pyomo_gdp_bigm_reformulation.relaxedDisjuncts[153].localVarReferences.binary_indicator_var  n=    1  sample_idx=[None]
    investmentStage[1].representativePeriod[1].commitmentPeriod[1]._pyomo_gdp_bigm_reformulation.relaxedDisjuncts[154].localVarReferences.binary_indicator_var  n=    1  sample_idx=[None]
    investmentStage[1].representativePeriod[1].commitmentPeriod[1]._pyomo_gdp_bigm_reformulation.relaxedDisjuncts[155].localVarReferences.binary_indicator_var  n=    1  sample_idx=[None]
    investmentStage[1].representativePeriod[1].commitmentPeriod[1]._pyomo_gdp_bigm_reformulation.relaxedDisjuncts[156].localVarReferences.binary_indicator_var  n=    1  sample_idx=[None]
    investmentStage[1].representativePeriod[1].commitmentPeriod[1]._pyomo_gdp_bigm_reformulation.relaxedDisjuncts[157].localVarReferences.binary_indicator_var  n=    1  sample_idx=[None]
    investmentStage[1].representativePeriod[1].commitmentPeriod[1]._pyomo_gdp_bigm_reformulation.relaxedDisjuncts[158].localVarReferences.binary_indicator_var  n=    1  sample_idx=[None]
    investmentStage[1].representativePeriod[1].commitmentPeriod[1]._pyomo_gdp_bigm_reformulation.relaxedDisjuncts[159].localVarReferences.binary_indicator_var  n=    1  sample_idx=[None]
    investmentStage[1].representativePeriod[1].commitmentPeriod[1]._pyomo_gdp_bigm_reformulation.relaxedDisjuncts[160].localVarReferences.binary_indicator_var  n=    1  sample_idx=[None]
    investmentStage[1].representativePeriod[1].commitmentPeriod[1]._pyomo_gdp_bigm_reformulation.relaxedDisjuncts[161].localVarReferences.binary_indicator_var  n=    1  sample_idx=[None]
    investmentStage[1].representativePeriod[1].commitmentPeriod[1]._pyomo_gdp_bigm_reformulation.relaxedDisjuncts[162].localVarReferences.binary_indicator_var  n=    1  sample_idx=[None]
    investmentStage[1].representativePeriod[1].commitmentPeriod[1]._pyomo_gdp_bigm_reformulation.relaxedDisjuncts[163].localVarReferences.binary_indicator_var  n=    1  sample_idx=[None]
    investmentStage[1].representativePeriod[1].commitmentPeriod[1]._pyomo_gdp_bigm_reformulation.relaxedDisjuncts[164].localVarReferences.binary_indicator_var  n=    1  sample_idx=[None]
    investmentStage[1].representativePeriod[1].commitmentPeriod[1]._pyomo_gdp_bigm_reformulation.relaxedDisjuncts[165].localVarReferences.binary_indicator_var  n=    1  sample_idx=[None]
    investmentStage[1].representativePeriod[1].commitmentPeriod[1]._pyomo_gdp_bigm_reformulation.relaxedDisjuncts[166].localVarReferences.binary_indicator_var  n=    1  sample_idx=[None]
    investmentStage[1].representativePeriod[1].commitmentPeriod[1]._pyomo_gdp_bigm_reformulation.relaxedDisjuncts[167].localVarReferences.binary_indicator_var  n=    1  sample_idx=[None]
    investmentStage[1].representativePeriod[1].commitmentPeriod[2].dispatchPeriod[1]._logical_to_disjunctive.auxiliary_vars  n=   36  sample_idx=[1, 2, 3]
    investmentStage[1].representativePeriod[1].commitmentPeriod[2].dispatchPeriod[1]._pyomo_gdp_bigm_reformulation.relaxedDisjuncts[0].localVarReferences.binary_indicator_var  n=    1  sample_idx=[None]
    investmentStage[1].representativePeriod[1].commitmentPeriod[2].dispatchPeriod[1]._pyomo_gdp_bigm_reformulation.relaxedDisjuncts[1].localVarReferences.binary_indicator_var  n=    1  sample_idx=[None]
    investmentStage[1].representativePeriod[1].commitmentPeriod[2].dispatchPeriod[1]._pyomo_gdp_bigm_reformulation.relaxedDisjuncts[2].localVarReferences.binary_indicator_var  n=    1  sample_idx=[None]
    investmentStage[1].representativePeriod[1].commitmentPeriod[2].dispatchPeriod[1]._pyomo_gdp_bigm_reformulation.relaxedDisjuncts[3].localVarReferences.binary_indicator_var  n=    1  sample_idx=[None]
    investmentStage[1].representativePeriod[1].commitmentPeriod[2].dispatchPeriod[1]._pyomo_gdp_bigm_reformulation.relaxedDisjuncts[4].localVarReferences.binary_indicator_var  n=    1  sample_idx=[None]
    investmentStage[1].representativePeriod[1].commitmentPeriod[2].dispatchPeriod[1]._pyomo_gdp_bigm_reformulation.relaxedDisjuncts[5].localVarReferences.binary_indicator_var  n=    1  sample_idx=[None]
    investmentStage[1].representativePeriod[1].commitmentPeriod[2].dispatchPeriod[1]._pyomo_gdp_bigm_reformulation.relaxedDisjuncts[6].localVarReferences.binary_indicator_var  n=    1  sample_idx=[None]
    investmentStage[1].representativePeriod[1].commitmentPeriod[2].dispatchPeriod[1]._pyomo_gdp_bigm_reformulation.relaxedDisjuncts[7].localVarReferences.binary_indicator_var  n=    1  sample_idx=[None]
    investmentStage[1].representativePeriod[1].commitmentPeriod[2].dispatchPeriod[1]._pyomo_gdp_bigm_reformulation.relaxedDisjuncts[8].localVarReferences.binary_indicator_var  n=    1  sample_idx=[None]
    investmentStage[1].representativePeriod[1].commitmentPeriod[2].dispatchPeriod[1]._pyomo_gdp_bigm_reformulation.relaxedDisjuncts[9].localVarReferences.binary_indicator_var  n=    1  sample_idx=[None]
    investmentStage[1].representativePeriod[1].commitmentPeriod[2].dispatchPeriod[1]._pyomo_gdp_bigm_reformulation.relaxedDisjuncts[10].localVarReferences.binary_indicator_var  n=    1  sample_idx=[None]
    investmentStage[1].representativePeriod[1].commitmentPeriod[2].dispatchPeriod[1]._pyomo_gdp_bigm_reformulation.relaxedDisjuncts[11].localVarReferences.binary_indicator_var  n=    1  sample_idx=[None]
    investmentStage[1].representativePeriod[1].commitmentPeriod[2].dispatchPeriod[1]._pyomo_gdp_bigm_reformulation.relaxedDisjuncts[12].localVarReferences.binary_indicator_var  n=    1  sample_idx=[None]
    investmentStage[1].representativePeriod[1].commitmentPeriod[2].dispatchPeriod[1]._pyomo_gdp_bigm_reformulation.relaxedDisjuncts[13].localVarReferences.binary_indicator_var  n=    1  sample_idx=[None]
    investmentStage[1].representativePeriod[1].commitmentPeriod[2].dispatchPeriod[1]._pyomo_gdp_bigm_reformulation.relaxedDisjuncts[14].localVarReferences.binary_indicator_var  n=    1  sample_idx=[None]
    investmentStage[1].representativePeriod[1].commitmentPeriod[2].dispatchPeriod[1]._pyomo_gdp_bigm_reformulation.relaxedDisjuncts[15].localVarReferences.binary_indicator_var  n=    1  sample_idx=[None]
    investmentStage[1].representativePeriod[1].commitmentPeriod[2].dispatchPeriod[1]._pyomo_gdp_bigm_reformulation.relaxedDisjuncts[16].localVarReferences.binary_indicator_var  n=    1  sample_idx=[None]
    investmentStage[1].representativePeriod[1].commitmentPeriod[2].dispatchPeriod[1]._pyomo_gdp_bigm_reformulation.relaxedDisjuncts[17].localVarReferences.binary_indicator_var  n=    1  sample_idx=[None]
    investmentStage[1].representativePeriod[1].commitmentPeriod[2]._logical_to_disjunctive.auxiliary_vars  n=  135  sample_idx=[1, 2, 3]
    investmentStage[1].representativePeriod[1].commitmentPeriod[2]._pyomo_gdp_bigm_reformulation.relaxedDisjuncts[0].localVarReferences.binary_indicator_var  n=    1  sample_idx=[None]
    investmentStage[1].representativePeriod[1].commitmentPeriod[2]._pyomo_gdp_bigm_reformulation.relaxedDisjuncts[1].localVarReferences.binary_indicator_var  n=    1  sample_idx=[None]
    investmentStage[1].representativePeriod[1].commitmentPeriod[2]._pyomo_gdp_bigm_reformulation.relaxedDisjuncts[2].localVarReferences.binary_indicator_var  n=    1  sample_idx=[None]
    investmentStage[1].representativePeriod[1].commitmentPeriod[2]._pyomo_gdp_bigm_reformulation.relaxedDisjuncts[3].localVarReferences.binary_indicator_var  n=    1  sample_idx=[None]
    investmentStage[1].representativePeriod[1].commitmentPeriod[2]._pyomo_gdp_bigm_reformulation.relaxedDisjuncts[4].localVarReferences.binary_indicator_var  n=    1  sample_idx=[None]
    investmentStage[1].representativePeriod[1].commitmentPeriod[2]._pyomo_gdp_bigm_reformulation.relaxedDisjuncts[5].localVarReferences.binary_indicator_var  n=    1  sample_idx=[None]
    investmentStage[1].representativePeriod[1].commitmentPeriod[2]._pyomo_gdp_bigm_reformulation.relaxedDisjuncts[6].localVarReferences.binary_indicator_var  n=    1  sample_idx=[None]
    investmentStage[1].representativePeriod[1].commitmentPeriod[2]._pyomo_gdp_bigm_reformulation.relaxedDisjuncts[7].localVarReferences.binary_indicator_var  n=    1  sample_idx=[None]
    investmentStage[1].representativePeriod[1].commitmentPeriod[2]._pyomo_gdp_bigm_reformulation.relaxedDisjuncts[8].localVarReferences.binary_indicator_var  n=    1  sample_idx=[None]
    investmentStage[1].representativePeriod[1].commitmentPeriod[2]._pyomo_gdp_bigm_reformulation.relaxedDisjuncts[9].localVarReferences.binary_indicator_var  n=    1  sample_idx=[None]
    investmentStage[1].representativePeriod[1].commitmentPeriod[2]._pyomo_gdp_bigm_reformulation.relaxedDisjuncts[10].localVarReferences.binary_indicator_var  n=    1  sample_idx=[None]
    investmentStage[1].representativePeriod[1].commitmentPeriod[2]._pyomo_gdp_bigm_reformulation.relaxedDisjuncts[11].localVarReferences.binary_indicator_var  n=    1  sample_idx=[None]
    investmentStage[1].representativePeriod[1].commitmentPeriod[2]._pyomo_gdp_bigm_reformulation.relaxedDisjuncts[12].localVarReferences.binary_indicator_var  n=    1  sample_idx=[None]
    investmentStage[1].representativePeriod[1].commitmentPeriod[2]._pyomo_gdp_bigm_reformulation.relaxedDisjuncts[13].localVarReferences.binary_indicator_var  n=    1  sample_idx=[None]
    investmentStage[1].representativePeriod[1].commitmentPeriod[2]._pyomo_gdp_bigm_reformulation.relaxedDisjuncts[14].localVarReferences.binary_indicator_var  n=    1  sample_idx=[None]
    investmentStage[1].representativePeriod[1].commitmentPeriod[2]._pyomo_gdp_bigm_reformulation.relaxedDisjuncts[15].localVarReferences.binary_indicator_var  n=    1  sample_idx=[None]
    investmentStage[1].representativePeriod[1].commitmentPeriod[2]._pyomo_gdp_bigm_reformulation.relaxedDisjuncts[16].localVarReferences.binary_indicator_var  n=    1  sample_idx=[None]
    investmentStage[1].representativePeriod[1].commitmentPeriod[2]._pyomo_gdp_bigm_reformulation.relaxedDisjuncts[17].localVarReferences.binary_indicator_var  n=    1  sample_idx=[None]
    investmentStage[1].representativePeriod[1].commitmentPeriod[2]._pyomo_gdp_bigm_reformulation.relaxedDisjuncts[18].localVarReferences.binary_indicator_var  n=    1  sample_idx=[None]
    investmentStage[1].representativePeriod[1].commitmentPeriod[2]._pyomo_gdp_bigm_reformulation.relaxedDisjuncts[19].localVarReferences.binary_indicator_var  n=    1  sample_idx=[None]
    investmentStage[1].representativePeriod[1].commitmentPeriod[2]._pyomo_gdp_bigm_reformulation.relaxedDisjuncts[20].localVarReferences.binary_indicator_var  n=    1  sample_idx=[None]
    investmentStage[1].representativePeriod[1].commitmentPeriod[2]._pyomo_gdp_bigm_reformulation.relaxedDisjuncts[21].localVarReferences.binary_indicator_var  n=    1  sample_idx=[None]
    investmentStage[1].representativePeriod[1].commitmentPeriod[2]._pyomo_gdp_bigm_reformulation.relaxedDisjuncts[22].localVarReferences.binary_indicator_var  n=    1  sample_idx=[None]
    investmentStage[1].representativePeriod[1].commitmentPeriod[2]._pyomo_gdp_bigm_reformulation.relaxedDisjuncts[23].localVarReferences.binary_indicator_var  n=    1  sample_idx=[None]
    investmentStage[1].representativePeriod[1].commitmentPeriod[2]._pyomo_gdp_bigm_reformulation.relaxedDisjuncts[24].localVarReferences.binary_indicator_var  n=    1  sample_idx=[None]
    investmentStage[1].representativePeriod[1].commitmentPeriod[2]._pyomo_gdp_bigm_reformulation.relaxedDisjuncts[25].localVarReferences.binary_indicator_var  n=    1  sample_idx=[None]
    investmentStage[1].representativePeriod[1].commitmentPeriod[2]._pyomo_gdp_bigm_reformulation.relaxedDisjuncts[26].localVarReferences.binary_indicator_var  n=    1  sample_idx=[None]
    investmentStage[1].representativePeriod[1].commitmentPeriod[2]._pyomo_gdp_bigm_reformulation.relaxedDisjuncts[27].localVarReferences.binary_indicator_var  n=    1  sample_idx=[None]
    investmentStage[1].representativePeriod[1].commitmentPeriod[2]._pyomo_gdp_bigm_reformulation.relaxedDisjuncts[28].localVarReferences.binary_indicator_var  n=    1  sample_idx=[None]
    investmentStage[1].representativePeriod[1].commitmentPeriod[2]._pyomo_gdp_bigm_reformulation.relaxedDisjuncts[29].localVarReferences.binary_indicator_var  n=    1  sample_idx=[None]
    investmentStage[1].representativePeriod[1].commitmentPeriod[2]._pyomo_gdp_bigm_reformulation.relaxedDisjuncts[30].localVarReferences.binary_indicator_var  n=    1  sample_idx=[None]
    investmentStage[1].representativePeriod[1].commitmentPeriod[2]._pyomo_gdp_bigm_reformulation.relaxedDisjuncts[31].localVarReferences.binary_indicator_var  n=    1  sample_idx=[None]
    investmentStage[1].representativePeriod[1].commitmentPeriod[2]._pyomo_gdp_bigm_reformulation.relaxedDisjuncts[32].localVarReferences.binary_indicator_var  n=    1  sample_idx=[None]
    investmentStage[1].representativePeriod[1].commitmentPeriod[2]._pyomo_gdp_bigm_reformulation.relaxedDisjuncts[33].localVarReferences.binary_indicator_var  n=    1  sample_idx=[None]
    investmentStage[1].representativePeriod[1].commitmentPeriod[2]._pyomo_gdp_bigm_reformulation.relaxedDisjuncts[34].localVarReferences.binary_indicator_var  n=    1  sample_idx=[None]
    investmentStage[1].representativePeriod[1].commitmentPeriod[2]._pyomo_gdp_bigm_reformulation.relaxedDisjuncts[35].localVarReferences.binary_indicator_var  n=    1  sample_idx=[None]
    investmentStage[1].representativePeriod[1].commitmentPeriod[2]._pyomo_gdp_bigm_reformulation.relaxedDisjuncts[36].localVarReferences.binary_indicator_var  n=    1  sample_idx=[None]
    investmentStage[1].representativePeriod[1].commitmentPeriod[2]._pyomo_gdp_bigm_reformulation.relaxedDisjuncts[37].localVarReferences.binary_indicator_var  n=    1  sample_idx=[None]
    investmentStage[1].representativePeriod[1].commitmentPeriod[2]._pyomo_gdp_bigm_reformulation.relaxedDisjuncts[38].localVarReferences.binary_indicator_var  n=    1  sample_idx=[None]
    investmentStage[1].representativePeriod[1].commitmentPeriod[2]._pyomo_gdp_bigm_reformulation.relaxedDisjuncts[39].localVarReferences.binary_indicator_var  n=    1  sample_idx=[None]
    investmentStage[1].representativePeriod[1].commitmentPeriod[2]._pyomo_gdp_bigm_reformulation.relaxedDisjuncts[40].localVarReferences.binary_indicator_var  n=    1  sample_idx=[None]
    investmentStage[1].representativePeriod[1].commitmentPeriod[2]._pyomo_gdp_bigm_reformulation.relaxedDisjuncts[41].localVarReferences.binary_indicator_var  n=    1  sample_idx=[None]
    investmentStage[1].representativePeriod[1].commitmentPeriod[2]._pyomo_gdp_bigm_reformulation.relaxedDisjuncts[42].localVarReferences.binary_indicator_var  n=    1  sample_idx=[None]
    investmentStage[1].representativePeriod[1].commitmentPeriod[2]._pyomo_gdp_bigm_reformulation.relaxedDisjuncts[43].localVarReferences.binary_indicator_var  n=    1  sample_idx=[None]
    investmentStage[1].representativePeriod[1].commitmentPeriod[2]._pyomo_gdp_bigm_reformulation.relaxedDisjuncts[44].localVarReferences.binary_indicator_var  n=    1  sample_idx=[None]
    investmentStage[1].representativePeriod[1].commitmentPeriod[2]._pyomo_gdp_bigm_reformulation.relaxedDisjuncts[45].localVarReferences.binary_indicator_var  n=    1  sample_idx=[None]
    investmentStage[1].representativePeriod[1].commitmentPeriod[2]._pyomo_gdp_bigm_reformulation.relaxedDisjuncts[46].localVarReferences.binary_indicator_var  n=    1  sample_idx=[None]
    investmentStage[1].representativePeriod[1].commitmentPeriod[2]._pyomo_gdp_bigm_reformulation.relaxedDisjuncts[47].localVarReferences.binary_indicator_var  n=    1  sample_idx=[None]
    investmentStage[1].representativePeriod[1].commitmentPeriod[2]._pyomo_gdp_bigm_reformulation.relaxedDisjuncts[48].localVarReferences.binary_indicator_var  n=    1  sample_idx=[None]
    investmentStage[1].representativePeriod[1].commitmentPeriod[2]._pyomo_gdp_bigm_reformulation.relaxedDisjuncts[49].localVarReferences.binary_indicator_var  n=    1  sample_idx=[None]
    investmentStage[1].representativePeriod[1].commitmentPeriod[2]._pyomo_gdp_bigm_reformulation.relaxedDisjuncts[50].localVarReferences.binary_indicator_var  n=    1  sample_idx=[None]
    investmentStage[1].representativePeriod[1].commitmentPeriod[2]._pyomo_gdp_bigm_reformulation.relaxedDisjuncts[51].localVarReferences.binary_indicator_var  n=    1  sample_idx=[None]
    investmentStage[1].representativePeriod[1].commitmentPeriod[2]._pyomo_gdp_bigm_reformulation.relaxedDisjuncts[52].localVarReferences.binary_indicator_var  n=    1  sample_idx=[None]
    investmentStage[1].representativePeriod[1].commitmentPeriod[2]._pyomo_gdp_bigm_reformulation.relaxedDisjuncts[53].localVarReferences.binary_indicator_var  n=    1  sample_idx=[None]
    investmentStage[1].representativePeriod[1].commitmentPeriod[2]._pyomo_gdp_bigm_reformulation.relaxedDisjuncts[54].localVarReferences.binary_indicator_var  n=    1  sample_idx=[None]
    investmentStage[1].representativePeriod[1].commitmentPeriod[2]._pyomo_gdp_bigm_reformulation.relaxedDisjuncts[55].localVarReferences.binary_indicator_var  n=    1  sample_idx=[None]
    investmentStage[1].representativePeriod[1].commitmentPeriod[2]._pyomo_gdp_bigm_reformulation.relaxedDisjuncts[56].localVarReferences.binary_indicator_var  n=    1  sample_idx=[None]
    investmentStage[1].representativePeriod[1].commitmentPeriod[2]._pyomo_gdp_bigm_reformulation.relaxedDisjuncts[57].localVarReferences.binary_indicator_var  n=    1  sample_idx=[None]
    investmentStage[1].representativePeriod[1].commitmentPeriod[2]._pyomo_gdp_bigm_reformulation.relaxedDisjuncts[58].localVarReferences.binary_indicator_var  n=    1  sample_idx=[None]
    investmentStage[1].representativePeriod[1].commitmentPeriod[2]._pyomo_gdp_bigm_reformulation.relaxedDisjuncts[59].localVarReferences.binary_indicator_var  n=    1  sample_idx=[None]
    investmentStage[1].representativePeriod[1].commitmentPeriod[2]._pyomo_gdp_bigm_reformulation.relaxedDisjuncts[60].localVarReferences.binary_indicator_var  n=    1  sample_idx=[None]
    investmentStage[1].representativePeriod[1].commitmentPeriod[2]._pyomo_gdp_bigm_reformulation.relaxedDisjuncts[61].localVarReferences.binary_indicator_var  n=    1  sample_idx=[None]
    investmentStage[1].representativePeriod[1].commitmentPeriod[2]._pyomo_gdp_bigm_reformulation.relaxedDisjuncts[62].localVarReferences.binary_indicator_var  n=    1  sample_idx=[None]
    investmentStage[1].representativePeriod[1].commitmentPeriod[2]._pyomo_gdp_bigm_reformulation.relaxedDisjuncts[63].localVarReferences.binary_indicator_var  n=    1  sample_idx=[None]
    investmentStage[1].representativePeriod[1].commitmentPeriod[2]._pyomo_gdp_bigm_reformulation.relaxedDisjuncts[64].localVarReferences.binary_indicator_var  n=    1  sample_idx=[None]
    investmentStage[1].representativePeriod[1].commitmentPeriod[2]._pyomo_gdp_bigm_reformulation.relaxedDisjuncts[65].localVarReferences.binary_indicator_var  n=    1  sample_idx=[None]
    investmentStage[1].representativePeriod[1].commitmentPeriod[2]._pyomo_gdp_bigm_reformulation.relaxedDisjuncts[66].localVarReferences.binary_indicator_var  n=    1  sample_idx=[None]
    investmentStage[1].representativePeriod[1].commitmentPeriod[2]._pyomo_gdp_bigm_reformulation.relaxedDisjuncts[67].localVarReferences.binary_indicator_var  n=    1  sample_idx=[None]
    investmentStage[1].representativePeriod[1].commitmentPeriod[2]._pyomo_gdp_bigm_reformulation.relaxedDisjuncts[68].localVarReferences.binary_indicator_var  n=    1  sample_idx=[None]
    investmentStage[1].representativePeriod[1].commitmentPeriod[2]._pyomo_gdp_bigm_reformulation.relaxedDisjuncts[69].localVarReferences.binary_indicator_var  n=    1  sample_idx=[None]
    investmentStage[1].representativePeriod[1].commitmentPeriod[2]._pyomo_gdp_bigm_reformulation.relaxedDisjuncts[70].localVarReferences.binary_indicator_var  n=    1  sample_idx=[None]
    investmentStage[1].representativePeriod[1].commitmentPeriod[2]._pyomo_gdp_bigm_reformulation.relaxedDisjuncts[71].localVarReferences.binary_indicator_var  n=    1  sample_idx=[None]
    investmentStage[1].representativePeriod[1].commitmentPeriod[2]._pyomo_gdp_bigm_reformulation.relaxedDisjuncts[72].localVarReferences.binary_indicator_var  n=    1  sample_idx=[None]
    investmentStage[1].representativePeriod[1].commitmentPeriod[2]._pyomo_gdp_bigm_reformulation.relaxedDisjuncts[73].localVarReferences.binary_indicator_var  n=    1  sample_idx=[None]
    investmentStage[1].representativePeriod[1].commitmentPeriod[2]._pyomo_gdp_bigm_reformulation.relaxedDisjuncts[74].localVarReferences.binary_indicator_var  n=    1  sample_idx=[None]
    investmentStage[1].representativePeriod[1].commitmentPeriod[2]._pyomo_gdp_bigm_reformulation.relaxedDisjuncts[75].localVarReferences.binary_indicator_var  n=    1  sample_idx=[None]
    investmentStage[1].representativePeriod[1].commitmentPeriod[2]._pyomo_gdp_bigm_reformulation.relaxedDisjuncts[76].localVarReferences.binary_indicator_var  n=    1  sample_idx=[None]
    investmentStage[1].representativePeriod[1].commitmentPeriod[2]._pyomo_gdp_bigm_reformulation.relaxedDisjuncts[77].localVarReferences.binary_indicator_var  n=    1  sample_idx=[None]
    investmentStage[1].representativePeriod[1].commitmentPeriod[2]._pyomo_gdp_bigm_reformulation.relaxedDisjuncts[78].localVarReferences.binary_indicator_var  n=    1  sample_idx=[None]
    investmentStage[1].representativePeriod[1].commitmentPeriod[2]._pyomo_gdp_bigm_reformulation.relaxedDisjuncts[79].localVarReferences.binary_indicator_var  n=    1  sample_idx=[None]
    investmentStage[1].representativePeriod[1].commitmentPeriod[2]._pyomo_gdp_bigm_reformulation.relaxedDisjuncts[80].localVarReferences.binary_indicator_var  n=    1  sample_idx=[None]
    investmentStage[1].representativePeriod[1].commitmentPeriod[2]._pyomo_gdp_bigm_reformulation.relaxedDisjuncts[81].localVarReferences.binary_indicator_var  n=    1  sample_idx=[None]
    investmentStage[1].representativePeriod[1].commitmentPeriod[2]._pyomo_gdp_bigm_reformulation.relaxedDisjuncts[82].localVarReferences.binary_indicator_var  n=    1  sample_idx=[None]
    investmentStage[1].representativePeriod[1].commitmentPeriod[2]._pyomo_gdp_bigm_reformulation.relaxedDisjuncts[83].localVarReferences.binary_indicator_var  n=    1  sample_idx=[None]
    investmentStage[1].representativePeriod[1].commitmentPeriod[2]._pyomo_gdp_bigm_reformulation.relaxedDisjuncts[84].localVarReferences.binary_indicator_var  n=    1  sample_idx=[None]
    investmentStage[1].representativePeriod[1].commitmentPeriod[2]._pyomo_gdp_bigm_reformulation.relaxedDisjuncts[85].localVarReferences.binary_indicator_var  n=    1  sample_idx=[None]
    investmentStage[1].representativePeriod[1].commitmentPeriod[2]._pyomo_gdp_bigm_reformulation.relaxedDisjuncts[86].localVarReferences.binary_indicator_var  n=    1  sample_idx=[None]
    investmentStage[1].representativePeriod[1].commitmentPeriod[2]._pyomo_gdp_bigm_reformulation.relaxedDisjuncts[87].localVarReferences.binary_indicator_var  n=    1  sample_idx=[None]
    investmentStage[1].representativePeriod[1].commitmentPeriod[2]._pyomo_gdp_bigm_reformulation.relaxedDisjuncts[88].localVarReferences.binary_indicator_var  n=    1  sample_idx=[None]
    investmentStage[1].representativePeriod[1].commitmentPeriod[2]._pyomo_gdp_bigm_reformulation.relaxedDisjuncts[89].localVarReferences.binary_indicator_var  n=    1  sample_idx=[None]
    investmentStage[1].representativePeriod[1].commitmentPeriod[2]._pyomo_gdp_bigm_reformulation.relaxedDisjuncts[90].localVarReferences.binary_indicator_var  n=    1  sample_idx=[None]
    investmentStage[1].representativePeriod[1].commitmentPeriod[2]._pyomo_gdp_bigm_reformulation.relaxedDisjuncts[91].localVarReferences.binary_indicator_var  n=    1  sample_idx=[None]
    investmentStage[1].representativePeriod[1].commitmentPeriod[2]._pyomo_gdp_bigm_reformulation.relaxedDisjuncts[92].localVarReferences.binary_indicator_var  n=    1  sample_idx=[None]
    investmentStage[1].representativePeriod[1].commitmentPeriod[2]._pyomo_gdp_bigm_reformulation.relaxedDisjuncts[93].localVarReferences.binary_indicator_var  n=    1  sample_idx=[None]
    investmentStage[1].representativePeriod[1].commitmentPeriod[2]._pyomo_gdp_bigm_reformulation.relaxedDisjuncts[94].localVarReferences.binary_indicator_var  n=    1  sample_idx=[None]
    investmentStage[1].representativePeriod[1].commitmentPeriod[2]._pyomo_gdp_bigm_reformulation.relaxedDisjuncts[95].localVarReferences.binary_indicator_var  n=    1  sample_idx=[None]
    investmentStage[1].representativePeriod[1].commitmentPeriod[2]._pyomo_gdp_bigm_reformulation.relaxedDisjuncts[96].localVarReferences.binary_indicator_var  n=    1  sample_idx=[None]
    investmentStage[1].representativePeriod[1].commitmentPeriod[2]._pyomo_gdp_bigm_reformulation.relaxedDisjuncts[97].localVarReferences.binary_indicator_var  n=    1  sample_idx=[None]
    investmentStage[1].representativePeriod[1].commitmentPeriod[2]._pyomo_gdp_bigm_reformulation.relaxedDisjuncts[98].localVarReferences.binary_indicator_var  n=    1  sample_idx=[None]
    investmentStage[1].representativePeriod[1].commitmentPeriod[2]._pyomo_gdp_bigm_reformulation.relaxedDisjuncts[99].localVarReferences.binary_indicator_var  n=    1  sample_idx=[None]
    investmentStage[1].representativePeriod[1].commitmentPeriod[2]._pyomo_gdp_bigm_reformulation.relaxedDisjuncts[100].localVarReferences.binary_indicator_var  n=    1  sample_idx=[None]
    investmentStage[1].representativePeriod[1].commitmentPeriod[2]._pyomo_gdp_bigm_reformulation.relaxedDisjuncts[101].localVarReferences.binary_indicator_var  n=    1  sample_idx=[None]
    investmentStage[1].representativePeriod[1].commitmentPeriod[2]._pyomo_gdp_bigm_reformulation.relaxedDisjuncts[102].localVarReferences.binary_indicator_var  n=    1  sample_idx=[None]
    investmentStage[1].representativePeriod[1].commitmentPeriod[2]._pyomo_gdp_bigm_reformulation.relaxedDisjuncts[103].localVarReferences.binary_indicator_var  n=    1  sample_idx=[None]
    investmentStage[1].representativePeriod[1].commitmentPeriod[2]._pyomo_gdp_bigm_reformulation.relaxedDisjuncts[104].localVarReferences.binary_indicator_var  n=    1  sample_idx=[None]
    investmentStage[1].representativePeriod[1].commitmentPeriod[2]._pyomo_gdp_bigm_reformulation.relaxedDisjuncts[105].localVarReferences.binary_indicator_var  n=    1  sample_idx=[None]
    investmentStage[1].representativePeriod[1].commitmentPeriod[2]._pyomo_gdp_bigm_reformulation.relaxedDisjuncts[106].localVarReferences.binary_indicator_var  n=    1  sample_idx=[None]
    investmentStage[1].representativePeriod[1].commitmentPeriod[2]._pyomo_gdp_bigm_reformulation.relaxedDisjuncts[107].localVarReferences.binary_indicator_var  n=    1  sample_idx=[None]
    investmentStage[1].representativePeriod[1].commitmentPeriod[2]._pyomo_gdp_bigm_reformulation.relaxedDisjuncts[108].localVarReferences.binary_indicator_var  n=    1  sample_idx=[None]
    investmentStage[1].representativePeriod[1].commitmentPeriod[2]._pyomo_gdp_bigm_reformulation.relaxedDisjuncts[109].localVarReferences.binary_indicator_var  n=    1  sample_idx=[None]
    investmentStage[1].representativePeriod[1].commitmentPeriod[2]._pyomo_gdp_bigm_reformulation.relaxedDisjuncts[110].localVarReferences.binary_indicator_var  n=    1  sample_idx=[None]
    investmentStage[1].representativePeriod[1].commitmentPeriod[2]._pyomo_gdp_bigm_reformulation.relaxedDisjuncts[111].localVarReferences.binary_indicator_var  n=    1  sample_idx=[None]
    investmentStage[1].representativePeriod[1].commitmentPeriod[2]._pyomo_gdp_bigm_reformulation.relaxedDisjuncts[112].localVarReferences.binary_indicator_var  n=    1  sample_idx=[None]
    investmentStage[1].representativePeriod[1].commitmentPeriod[2]._pyomo_gdp_bigm_reformulation.relaxedDisjuncts[113].localVarReferences.binary_indicator_var  n=    1  sample_idx=[None]
    investmentStage[1].representativePeriod[1].commitmentPeriod[2]._pyomo_gdp_bigm_reformulation.relaxedDisjuncts[114].localVarReferences.binary_indicator_var  n=    1  sample_idx=[None]
    investmentStage[1].representativePeriod[1].commitmentPeriod[2]._pyomo_gdp_bigm_reformulation.relaxedDisjuncts[115].localVarReferences.binary_indicator_var  n=    1  sample_idx=[None]
    investmentStage[1].representativePeriod[1].commitmentPeriod[2]._pyomo_gdp_bigm_reformulation.relaxedDisjuncts[116].localVarReferences.binary_indicator_var  n=    1  sample_idx=[None]
    investmentStage[1].representativePeriod[1].commitmentPeriod[2]._pyomo_gdp_bigm_reformulation.relaxedDisjuncts[117].localVarReferences.binary_indicator_var  n=    1  sample_idx=[None]
    investmentStage[1].representativePeriod[1].commitmentPeriod[2]._pyomo_gdp_bigm_reformulation.relaxedDisjuncts[118].localVarReferences.binary_indicator_var  n=    1  sample_idx=[None]
    investmentStage[1].representativePeriod[1].commitmentPeriod[2]._pyomo_gdp_bigm_reformulation.relaxedDisjuncts[119].localVarReferences.binary_indicator_var  n=    1  sample_idx=[None]
    investmentStage[1].representativePeriod[1].commitmentPeriod[2]._pyomo_gdp_bigm_reformulation.relaxedDisjuncts[120].localVarReferences.binary_indicator_var  n=    1  sample_idx=[None]
    investmentStage[1].representativePeriod[1].commitmentPeriod[2]._pyomo_gdp_bigm_reformulation.relaxedDisjuncts[121].localVarReferences.binary_indicator_var  n=    1  sample_idx=[None]
    investmentStage[1].representativePeriod[1].commitmentPeriod[2]._pyomo_gdp_bigm_reformulation.relaxedDisjuncts[122].localVarReferences.binary_indicator_var  n=    1  sample_idx=[None]
    investmentStage[1].representativePeriod[1].commitmentPeriod[2]._pyomo_gdp_bigm_reformulation.relaxedDisjuncts[123].localVarReferences.binary_indicator_var  n=    1  sample_idx=[None]
    investmentStage[1].representativePeriod[1].commitmentPeriod[2]._pyomo_gdp_bigm_reformulation.relaxedDisjuncts[124].localVarReferences.binary_indicator_var  n=    1  sample_idx=[None]
    investmentStage[1].representativePeriod[1].commitmentPeriod[2]._pyomo_gdp_bigm_reformulation.relaxedDisjuncts[125].localVarReferences.binary_indicator_var  n=    1  sample_idx=[None]
    investmentStage[1].representativePeriod[1].commitmentPeriod[2]._pyomo_gdp_bigm_reformulation.relaxedDisjuncts[126].localVarReferences.binary_indicator_var  n=    1  sample_idx=[None]
    investmentStage[1].representativePeriod[1].commitmentPeriod[2]._pyomo_gdp_bigm_reformulation.relaxedDisjuncts[127].localVarReferences.binary_indicator_var  n=    1  sample_idx=[None]
    investmentStage[1].representativePeriod[1].commitmentPeriod[2]._pyomo_gdp_bigm_reformulation.relaxedDisjuncts[128].localVarReferences.binary_indicator_var  n=    1  sample_idx=[None]
    investmentStage[1].representativePeriod[1].commitmentPeriod[2]._pyomo_gdp_bigm_reformulation.relaxedDisjuncts[129].localVarReferences.binary_indicator_var  n=    1  sample_idx=[None]
    investmentStage[1].representativePeriod[1].commitmentPeriod[2]._pyomo_gdp_bigm_reformulation.relaxedDisjuncts[130].localVarReferences.binary_indicator_var  n=    1  sample_idx=[None]
    investmentStage[1].representativePeriod[1].commitmentPeriod[2]._pyomo_gdp_bigm_reformulation.relaxedDisjuncts[131].localVarReferences.binary_indicator_var  n=    1  sample_idx=[None]
    investmentStage[1].representativePeriod[1].commitmentPeriod[2]._pyomo_gdp_bigm_reformulation.relaxedDisjuncts[132].localVarReferences.binary_indicator_var  n=    1  sample_idx=[None]
    investmentStage[1].representativePeriod[1].commitmentPeriod[2]._pyomo_gdp_bigm_reformulation.relaxedDisjuncts[133].localVarReferences.binary_indicator_var  n=    1  sample_idx=[None]
    investmentStage[1].representativePeriod[1].commitmentPeriod[2]._pyomo_gdp_bigm_reformulation.relaxedDisjuncts[134].localVarReferences.binary_indicator_var  n=    1  sample_idx=[None]
    investmentStage[1].representativePeriod[1].commitmentPeriod[2]._pyomo_gdp_bigm_reformulation.relaxedDisjuncts[135].localVarReferences.binary_indicator_var  n=    1  sample_idx=[None]
    investmentStage[1].representativePeriod[1].commitmentPeriod[2]._pyomo_gdp_bigm_reformulation.relaxedDisjuncts[136].localVarReferences.binary_indicator_var  n=    1  sample_idx=[None]
    investmentStage[1].representativePeriod[1].commitmentPeriod[2]._pyomo_gdp_bigm_reformulation.relaxedDisjuncts[137].localVarReferences.binary_indicator_var  n=    1  sample_idx=[None]
    investmentStage[1].representativePeriod[1].commitmentPeriod[2]._pyomo_gdp_bigm_reformulation.relaxedDisjuncts[138].localVarReferences.binary_indicator_var  n=    1  sample_idx=[None]
    investmentStage[1].representativePeriod[1].commitmentPeriod[2]._pyomo_gdp_bigm_reformulation.relaxedDisjuncts[139].localVarReferences.binary_indicator_var  n=    1  sample_idx=[None]
    investmentStage[1].representativePeriod[1].commitmentPeriod[2]._pyomo_gdp_bigm_reformulation.relaxedDisjuncts[140].localVarReferences.binary_indicator_var  n=    1  sample_idx=[None]
    investmentStage[1].representativePeriod[1].commitmentPeriod[2]._pyomo_gdp_bigm_reformulation.relaxedDisjuncts[141].localVarReferences.binary_indicator_var  n=    1  sample_idx=[None]
    investmentStage[1].representativePeriod[1].commitmentPeriod[2]._pyomo_gdp_bigm_reformulation.relaxedDisjuncts[142].localVarReferences.binary_indicator_var  n=    1  sample_idx=[None]
    investmentStage[1].representativePeriod[1].commitmentPeriod[2]._pyomo_gdp_bigm_reformulation.relaxedDisjuncts[143].localVarReferences.binary_indicator_var  n=    1  sample_idx=[None]
    investmentStage[1].representativePeriod[1].commitmentPeriod[2]._pyomo_gdp_bigm_reformulation.relaxedDisjuncts[144].localVarReferences.binary_indicator_var  n=    1  sample_idx=[None]
    investmentStage[1].representativePeriod[1].commitmentPeriod[2]._pyomo_gdp_bigm_reformulation.relaxedDisjuncts[145].localVarReferences.binary_indicator_var  n=    1  sample_idx=[None]
    investmentStage[1].representativePeriod[1].commitmentPeriod[2]._pyomo_gdp_bigm_reformulation.relaxedDisjuncts[146].localVarReferences.binary_indicator_var  n=    1  sample_idx=[None]
    investmentStage[1].representativePeriod[1].commitmentPeriod[2]._pyomo_gdp_bigm_reformulation.relaxedDisjuncts[147].localVarReferences.binary_indicator_var  n=    1  sample_idx=[None]
    investmentStage[1].representativePeriod[1].commitmentPeriod[2]._pyomo_gdp_bigm_reformulation.relaxedDisjuncts[148].localVarReferences.binary_indicator_var  n=    1  sample_idx=[None]
    investmentStage[1].representativePeriod[1].commitmentPeriod[2]._pyomo_gdp_bigm_reformulation.relaxedDisjuncts[149].localVarReferences.binary_indicator_var  n=    1  sample_idx=[None]
    investmentStage[1].representativePeriod[1].commitmentPeriod[2]._pyomo_gdp_bigm_reformulation.relaxedDisjuncts[150].localVarReferences.binary_indicator_var  n=    1  sample_idx=[None]
    investmentStage[1].representativePeriod[1].commitmentPeriod[2]._pyomo_gdp_bigm_reformulation.relaxedDisjuncts[151].localVarReferences.binary_indicator_var  n=    1  sample_idx=[None]
    investmentStage[1].representativePeriod[1].commitmentPeriod[2]._pyomo_gdp_bigm_reformulation.relaxedDisjuncts[152].localVarReferences.binary_indicator_var  n=    1  sample_idx=[None]
    investmentStage[1].representativePeriod[1].commitmentPeriod[2]._pyomo_gdp_bigm_reformulation.relaxedDisjuncts[153].localVarReferences.binary_indicator_var  n=    1  sample_idx=[None]
    investmentStage[1].representativePeriod[1].commitmentPeriod[2]._pyomo_gdp_bigm_reformulation.relaxedDisjuncts[154].localVarReferences.binary_indicator_var  n=    1  sample_idx=[None]
    investmentStage[1].representativePeriod[1].commitmentPeriod[2]._pyomo_gdp_bigm_reformulation.relaxedDisjuncts[155].localVarReferences.binary_indicator_var  n=    1  sample_idx=[None]
    investmentStage[1].representativePeriod[1].commitmentPeriod[2]._pyomo_gdp_bigm_reformulation.relaxedDisjuncts[156].localVarReferences.binary_indicator_var  n=    1  sample_idx=[None]
    investmentStage[1].representativePeriod[1].commitmentPeriod[2]._pyomo_gdp_bigm_reformulation.relaxedDisjuncts[157].localVarReferences.binary_indicator_var  n=    1  sample_idx=[None]
    investmentStage[1].representativePeriod[1].commitmentPeriod[2]._pyomo_gdp_bigm_reformulation.relaxedDisjuncts[158].localVarReferences.binary_indicator_var  n=    1  sample_idx=[None]
    investmentStage[1].representativePeriod[1].commitmentPeriod[2]._pyomo_gdp_bigm_reformulation.relaxedDisjuncts[159].localVarReferences.binary_indicator_var  n=    1  sample_idx=[None]
    investmentStage[1].representativePeriod[1].commitmentPeriod[2]._pyomo_gdp_bigm_reformulation.relaxedDisjuncts[160].localVarReferences.binary_indicator_var  n=    1  sample_idx=[None]
    investmentStage[1].representativePeriod[1].commitmentPeriod[2]._pyomo_gdp_bigm_reformulation.relaxedDisjuncts[161].localVarReferences.binary_indicator_var  n=    1  sample_idx=[None]
    investmentStage[1].representativePeriod[1].commitmentPeriod[2]._pyomo_gdp_bigm_reformulation.relaxedDisjuncts[162].localVarReferences.binary_indicator_var  n=    1  sample_idx=[None]
    investmentStage[1].representativePeriod[1].commitmentPeriod[2]._pyomo_gdp_bigm_reformulation.relaxedDisjuncts[163].localVarReferences.binary_indicator_var  n=    1  sample_idx=[None]
    investmentStage[1].representativePeriod[1].commitmentPeriod[2]._pyomo_gdp_bigm_reformulation.relaxedDisjuncts[164].localVarReferences.binary_indicator_var  n=    1  sample_idx=[None]
    investmentStage[1].representativePeriod[1].commitmentPeriod[2]._pyomo_gdp_bigm_reformulation.relaxedDisjuncts[165].localVarReferences.binary_indicator_var  n=    1  sample_idx=[None]
    investmentStage[1].representativePeriod[1].commitmentPeriod[2]._pyomo_gdp_bigm_reformulation.relaxedDisjuncts[166].localVarReferences.binary_indicator_var  n=    1  sample_idx=[None]
    investmentStage[1].representativePeriod[1].commitmentPeriod[2]._pyomo_gdp_bigm_reformulation.relaxedDisjuncts[167].localVarReferences.binary_indicator_var  n=    1  sample_idx=[None]
    investmentStage[1].representativePeriod[1]._logical_to_disjunctive.auxiliary_vars  n=  396  sample_idx=[1, 2, 3]
    investmentStage[1].representativePeriod[1]._logical_to_disjunctive._pyomo_gdp_bigm_reformulation.relaxedDisjuncts[0].localVarReferences.binary_indicator_var  n=    1  sample_idx=[None]
    investmentStage[1].representativePeriod[1]._logical_to_disjunctive._pyomo_gdp_bigm_reformulation.relaxedDisjuncts[1].localVarReferences.binary_indicator_var  n=    1  sample_idx=[None]
    investmentStage[1].representativePeriod[1]._logical_to_disjunctive._pyomo_gdp_bigm_reformulation.relaxedDisjuncts[2].localVarReferences.binary_indicator_var  n=    1  sample_idx=[None]
    investmentStage[1].representativePeriod[1]._logical_to_disjunctive._pyomo_gdp_bigm_reformulation.relaxedDisjuncts[3].localVarReferences.binary_indicator_var  n=    1  sample_idx=[None]
    investmentStage[1].representativePeriod[1]._logical_to_disjunctive._pyomo_gdp_bigm_reformulation.relaxedDisjuncts[4].localVarReferences.binary_indicator_var  n=    1  sample_idx=[None]
    investmentStage[1].representativePeriod[1]._logical_to_disjunctive._pyomo_gdp_bigm_reformulation.relaxedDisjuncts[5].localVarReferences.binary_indicator_var  n=    1  sample_idx=[None]
    investmentStage[1].representativePeriod[1]._logical_to_disjunctive._pyomo_gdp_bigm_reformulation.relaxedDisjuncts[6].localVarReferences.binary_indicator_var  n=    1  sample_idx=[None]
    investmentStage[1].representativePeriod[1]._logical_to_disjunctive._pyomo_gdp_bigm_reformulation.relaxedDisjuncts[7].localVarReferences.binary_indicator_var  n=    1  sample_idx=[None]
    investmentStage[1].representativePeriod[1]._logical_to_disjunctive._pyomo_gdp_bigm_reformulation.relaxedDisjuncts[8].localVarReferences.binary_indicator_var  n=    1  sample_idx=[None]
    investmentStage[1].representativePeriod[1]._logical_to_disjunctive._pyomo_gdp_bigm_reformulation.relaxedDisjuncts[9].localVarReferences.binary_indicator_var  n=    1  sample_idx=[None]
    investmentStage[1].representativePeriod[1]._logical_to_disjunctive._pyomo_gdp_bigm_reformulation.relaxedDisjuncts[10].localVarReferences.binary_indicator_var  n=    1  sample_idx=[None]
    investmentStage[1].representativePeriod[1]._logical_to_disjunctive._pyomo_gdp_bigm_reformulation.relaxedDisjuncts[11].localVarReferences.binary_indicator_var  n=    1  sample_idx=[None]
    investmentStage[1].representativePeriod[1]._logical_to_disjunctive._pyomo_gdp_bigm_reformulation.relaxedDisjuncts[12].localVarReferences.binary_indicator_var  n=    1  sample_idx=[None]
    investmentStage[1].representativePeriod[1]._logical_to_disjunctive._pyomo_gdp_bigm_reformulation.relaxedDisjuncts[13].localVarReferences.binary_indicator_var  n=    1  sample_idx=[None]
    investmentStage[1].representativePeriod[1]._logical_to_disjunctive._pyomo_gdp_bigm_reformulation.relaxedDisjuncts[14].localVarReferences.binary_indicator_var  n=    1  sample_idx=[None]
    investmentStage[1].representativePeriod[1]._logical_to_disjunctive._pyomo_gdp_bigm_reformulation.relaxedDisjuncts[15].localVarReferences.binary_indicator_var  n=    1  sample_idx=[None]
    investmentStage[1].representativePeriod[1]._logical_to_disjunctive._pyomo_gdp_bigm_reformulation.relaxedDisjuncts[16].localVarReferences.binary_indicator_var  n=    1  sample_idx=[None]
    investmentStage[1].representativePeriod[1]._logical_to_disjunctive._pyomo_gdp_bigm_reformulation.relaxedDisjuncts[17].localVarReferences.binary_indicator_var  n=    1  sample_idx=[None]
    investmentStage[1].representativePeriod[1]._logical_to_disjunctive._pyomo_gdp_bigm_reformulation.relaxedDisjuncts[18].localVarReferences.binary_indicator_var  n=    1  sample_idx=[None]
    investmentStage[1].representativePeriod[1]._logical_to_disjunctive._pyomo_gdp_bigm_reformulation.relaxedDisjuncts[19].localVarReferences.binary_indicator_var  n=    1  sample_idx=[None]
    investmentStage[1].representativePeriod[1]._logical_to_disjunctive._pyomo_gdp_bigm_reformulation.relaxedDisjuncts[20].localVarReferences.binary_indicator_var  n=    1  sample_idx=[None]
    investmentStage[1].representativePeriod[1]._logical_to_disjunctive._pyomo_gdp_bigm_reformulation.relaxedDisjuncts[21].localVarReferences.binary_indicator_var  n=    1  sample_idx=[None]
    investmentStage[1].representativePeriod[1]._logical_to_disjunctive._pyomo_gdp_bigm_reformulation.relaxedDisjuncts[22].localVarReferences.binary_indicator_var  n=    1  sample_idx=[None]
    investmentStage[1].representativePeriod[1]._logical_to_disjunctive._pyomo_gdp_bigm_reformulation.relaxedDisjuncts[23].localVarReferences.binary_indicator_var  n=    1  sample_idx=[None]
    investmentStage[1].representativePeriod[1]._logical_to_disjunctive._pyomo_gdp_bigm_reformulation.relaxedDisjuncts[24].localVarReferences.binary_indicator_var  n=    1  sample_idx=[None]
    investmentStage[1].representativePeriod[1]._logical_to_disjunctive._pyomo_gdp_bigm_reformulation.relaxedDisjuncts[25].localVarReferences.binary_indicator_var  n=    1  sample_idx=[None]
    investmentStage[1].representativePeriod[1]._logical_to_disjunctive._pyomo_gdp_bigm_reformulation.relaxedDisjuncts[26].localVarReferences.binary_indicator_var  n=    1  sample_idx=[None]
    investmentStage[1].representativePeriod[1]._logical_to_disjunctive._pyomo_gdp_bigm_reformulation.relaxedDisjuncts[27].localVarReferences.binary_indicator_var  n=    1  sample_idx=[None]
    investmentStage[1].representativePeriod[1]._logical_to_disjunctive._pyomo_gdp_bigm_reformulation.relaxedDisjuncts[28].localVarReferences.binary_indicator_var  n=    1  sample_idx=[None]
    investmentStage[1].representativePeriod[1]._logical_to_disjunctive._pyomo_gdp_bigm_reformulation.relaxedDisjuncts[29].localVarReferences.binary_indicator_var  n=    1  sample_idx=[None]
    investmentStage[1].representativePeriod[1]._logical_to_disjunctive._pyomo_gdp_bigm_reformulation.relaxedDisjuncts[30].localVarReferences.binary_indicator_var  n=    1  sample_idx=[None]
    investmentStage[1].representativePeriod[1]._logical_to_disjunctive._pyomo_gdp_bigm_reformulation.relaxedDisjuncts[31].localVarReferences.binary_indicator_var  n=    1  sample_idx=[None]
    investmentStage[1].representativePeriod[1]._logical_to_disjunctive._pyomo_gdp_bigm_reformulation.relaxedDisjuncts[32].localVarReferences.binary_indicator_var  n=    1  sample_idx=[None]
    investmentStage[1].representativePeriod[1]._logical_to_disjunctive._pyomo_gdp_bigm_reformulation.relaxedDisjuncts[33].localVarReferences.binary_indicator_var  n=    1  sample_idx=[None]
    investmentStage[1].representativePeriod[1]._logical_to_disjunctive._pyomo_gdp_bigm_reformulation.relaxedDisjuncts[34].localVarReferences.binary_indicator_var  n=    1  sample_idx=[None]
    investmentStage[1].representativePeriod[1]._logical_to_disjunctive._pyomo_gdp_bigm_reformulation.relaxedDisjuncts[35].localVarReferences.binary_indicator_var  n=    1  sample_idx=[None]
    investmentStage[1].representativePeriod[1]._logical_to_disjunctive._pyomo_gdp_bigm_reformulation.relaxedDisjuncts[36].localVarReferences.binary_indicator_var  n=    1  sample_idx=[None]
    investmentStage[1].representativePeriod[1]._logical_to_disjunctive._pyomo_gdp_bigm_reformulation.relaxedDisjuncts[37].localVarReferences.binary_indicator_var  n=    1  sample_idx=[None]
    investmentStage[1].representativePeriod[1]._logical_to_disjunctive._pyomo_gdp_bigm_reformulation.relaxedDisjuncts[38].localVarReferences.binary_indicator_var  n=    1  sample_idx=[None]
    investmentStage[1].representativePeriod[1]._logical_to_disjunctive._pyomo_gdp_bigm_reformulation.relaxedDisjuncts[39].localVarReferences.binary_indicator_var  n=    1  sample_idx=[None]
    investmentStage[1].representativePeriod[1]._logical_to_disjunctive._pyomo_gdp_bigm_reformulation.relaxedDisjuncts[40].localVarReferences.binary_indicator_var  n=    1  sample_idx=[None]
    investmentStage[1].representativePeriod[1]._logical_to_disjunctive._pyomo_gdp_bigm_reformulation.relaxedDisjuncts[41].localVarReferences.binary_indicator_var  n=    1  sample_idx=[None]
    investmentStage[1].representativePeriod[1]._logical_to_disjunctive._pyomo_gdp_bigm_reformulation.relaxedDisjuncts[42].localVarReferences.binary_indicator_var  n=    1  sample_idx=[None]
    investmentStage[1].representativePeriod[1]._logical_to_disjunctive._pyomo_gdp_bigm_reformulation.relaxedDisjuncts[43].localVarReferences.binary_indicator_var  n=    1  sample_idx=[None]
    investmentStage[1].representativePeriod[1]._logical_to_disjunctive._pyomo_gdp_bigm_reformulation.relaxedDisjuncts[44].localVarReferences.binary_indicator_var  n=    1  sample_idx=[None]
    investmentStage[1].representativePeriod[1]._logical_to_disjunctive._pyomo_gdp_bigm_reformulation.relaxedDisjuncts[45].localVarReferences.binary_indicator_var  n=    1  sample_idx=[None]
    investmentStage[1].representativePeriod[1]._logical_to_disjunctive._pyomo_gdp_bigm_reformulation.relaxedDisjuncts[46].localVarReferences.binary_indicator_var  n=    1  sample_idx=[None]
    investmentStage[1].representativePeriod[1]._logical_to_disjunctive._pyomo_gdp_bigm_reformulation.relaxedDisjuncts[47].localVarReferences.binary_indicator_var  n=    1  sample_idx=[None]
    investmentStage[1].representativePeriod[1]._logical_to_disjunctive._pyomo_gdp_bigm_reformulation.relaxedDisjuncts[48].localVarReferences.binary_indicator_var  n=    1  sample_idx=[None]
    investmentStage[1].representativePeriod[1]._logical_to_disjunctive._pyomo_gdp_bigm_reformulation.relaxedDisjuncts[49].localVarReferences.binary_indicator_var  n=    1  sample_idx=[None]
    investmentStage[1].representativePeriod[1]._logical_to_disjunctive._pyomo_gdp_bigm_reformulation.relaxedDisjuncts[50].localVarReferences.binary_indicator_var  n=    1  sample_idx=[None]
    investmentStage[1].representativePeriod[1]._logical_to_disjunctive._pyomo_gdp_bigm_reformulation.relaxedDisjuncts[51].localVarReferences.binary_indicator_var  n=    1  sample_idx=[None]
    investmentStage[1].representativePeriod[1]._logical_to_disjunctive._pyomo_gdp_bigm_reformulation.relaxedDisjuncts[52].localVarReferences.binary_indicator_var  n=    1  sample_idx=[None]
    investmentStage[1].representativePeriod[1]._logical_to_disjunctive._pyomo_gdp_bigm_reformulation.relaxedDisjuncts[53].localVarReferences.binary_indicator_var  n=    1  sample_idx=[None]
    investmentStage[1].representativePeriod[1]._logical_to_disjunctive._pyomo_gdp_bigm_reformulation.relaxedDisjuncts[54].localVarReferences.binary_indicator_var  n=    1  sample_idx=[None]
    investmentStage[1].representativePeriod[1]._logical_to_disjunctive._pyomo_gdp_bigm_reformulation.relaxedDisjuncts[55].localVarReferences.binary_indicator_var  n=    1  sample_idx=[None]
    investmentStage[1].representativePeriod[1]._logical_to_disjunctive._pyomo_gdp_bigm_reformulation.relaxedDisjuncts[56].localVarReferences.binary_indicator_var  n=    1  sample_idx=[None]
    investmentStage[1].representativePeriod[1]._logical_to_disjunctive._pyomo_gdp_bigm_reformulation.relaxedDisjuncts[57].localVarReferences.binary_indicator_var  n=    1  sample_idx=[None]
    investmentStage[1].representativePeriod[1]._logical_to_disjunctive._pyomo_gdp_bigm_reformulation.relaxedDisjuncts[58].localVarReferences.binary_indicator_var  n=    1  sample_idx=[None]
    investmentStage[1].representativePeriod[1]._logical_to_disjunctive._pyomo_gdp_bigm_reformulation.relaxedDisjuncts[59].localVarReferences.binary_indicator_var  n=    1  sample_idx=[None]
    investmentStage[1].representativePeriod[1]._logical_to_disjunctive._pyomo_gdp_bigm_reformulation.relaxedDisjuncts[60].localVarReferences.binary_indicator_var  n=    1  sample_idx=[None]
    investmentStage[1].representativePeriod[1]._logical_to_disjunctive._pyomo_gdp_bigm_reformulation.relaxedDisjuncts[61].localVarReferences.binary_indicator_var  n=    1  sample_idx=[None]
    investmentStage[1].representativePeriod[1]._logical_to_disjunctive._pyomo_gdp_bigm_reformulation.relaxedDisjuncts[62].localVarReferences.binary_indicator_var  n=    1  sample_idx=[None]
    investmentStage[1].representativePeriod[1]._logical_to_disjunctive._pyomo_gdp_bigm_reformulation.relaxedDisjuncts[63].localVarReferences.binary_indicator_var  n=    1  sample_idx=[None]
    investmentStage[1].representativePeriod[1]._logical_to_disjunctive._pyomo_gdp_bigm_reformulation.relaxedDisjuncts[64].localVarReferences.binary_indicator_var  n=    1  sample_idx=[None]
    investmentStage[1].representativePeriod[1]._logical_to_disjunctive._pyomo_gdp_bigm_reformulation.relaxedDisjuncts[65].localVarReferences.binary_indicator_var  n=    1  sample_idx=[None]
    investmentStage[1].representativePeriod[1]._logical_to_disjunctive._pyomo_gdp_bigm_reformulation.relaxedDisjuncts[66].localVarReferences.binary_indicator_var  n=    1  sample_idx=[None]
    investmentStage[1].representativePeriod[1]._logical_to_disjunctive._pyomo_gdp_bigm_reformulation.relaxedDisjuncts[67].localVarReferences.binary_indicator_var  n=    1  sample_idx=[None]
    investmentStage[1].representativePeriod[1]._logical_to_disjunctive._pyomo_gdp_bigm_reformulation.relaxedDisjuncts[68].localVarReferences.binary_indicator_var  n=    1  sample_idx=[None]
    investmentStage[1].representativePeriod[1]._logical_to_disjunctive._pyomo_gdp_bigm_reformulation.relaxedDisjuncts[69].localVarReferences.binary_indicator_var  n=    1  sample_idx=[None]
    investmentStage[1].representativePeriod[1]._logical_to_disjunctive._pyomo_gdp_bigm_reformulation.relaxedDisjuncts[70].localVarReferences.binary_indicator_var  n=    1  sample_idx=[None]
    investmentStage[1].representativePeriod[1]._logical_to_disjunctive._pyomo_gdp_bigm_reformulation.relaxedDisjuncts[71].localVarReferences.binary_indicator_var  n=    1  sample_idx=[None]
    investmentStage[1].representativePeriod[1]._logical_to_disjunctive._pyomo_gdp_bigm_reformulation.relaxedDisjuncts[72].localVarReferences.binary_indicator_var  n=    1  sample_idx=[None]
    investmentStage[1].representativePeriod[1]._logical_to_disjunctive._pyomo_gdp_bigm_reformulation.relaxedDisjuncts[73].localVarReferences.binary_indicator_var  n=    1  sample_idx=[None]
    investmentStage[1].representativePeriod[1]._logical_to_disjunctive._pyomo_gdp_bigm_reformulation.relaxedDisjuncts[74].localVarReferences.binary_indicator_var  n=    1  sample_idx=[None]
    investmentStage[1].representativePeriod[1]._logical_to_disjunctive._pyomo_gdp_bigm_reformulation.relaxedDisjuncts[75].localVarReferences.binary_indicator_var  n=    1  sample_idx=[None]
    investmentStage[1].representativePeriod[1]._logical_to_disjunctive._pyomo_gdp_bigm_reformulation.relaxedDisjuncts[76].localVarReferences.binary_indicator_var  n=    1  sample_idx=[None]
    investmentStage[1].representativePeriod[1]._logical_to_disjunctive._pyomo_gdp_bigm_reformulation.relaxedDisjuncts[77].localVarReferences.binary_indicator_var  n=    1  sample_idx=[None]
    investmentStage[1].representativePeriod[1]._logical_to_disjunctive._pyomo_gdp_bigm_reformulation.relaxedDisjuncts[78].localVarReferences.binary_indicator_var  n=    1  sample_idx=[None]
    investmentStage[1].representativePeriod[1]._logical_to_disjunctive._pyomo_gdp_bigm_reformulation.relaxedDisjuncts[79].localVarReferences.binary_indicator_var  n=    1  sample_idx=[None]
    investmentStage[1].representativePeriod[1]._logical_to_disjunctive._pyomo_gdp_bigm_reformulation.relaxedDisjuncts[80].localVarReferences.binary_indicator_var  n=    1  sample_idx=[None]
    investmentStage[1].representativePeriod[1]._logical_to_disjunctive._pyomo_gdp_bigm_reformulation.relaxedDisjuncts[81].localVarReferences.binary_indicator_var  n=    1  sample_idx=[None]
    investmentStage[1].representativePeriod[1]._logical_to_disjunctive._pyomo_gdp_bigm_reformulation.relaxedDisjuncts[82].localVarReferences.binary_indicator_var  n=    1  sample_idx=[None]
    investmentStage[1].representativePeriod[1]._logical_to_disjunctive._pyomo_gdp_bigm_reformulation.relaxedDisjuncts[83].localVarReferences.binary_indicator_var  n=    1  sample_idx=[None]
    investmentStage[1].representativePeriod[1]._logical_to_disjunctive._pyomo_gdp_bigm_reformulation.relaxedDisjuncts[84].localVarReferences.binary_indicator_var  n=    1  sample_idx=[None]
    investmentStage[1].representativePeriod[1]._logical_to_disjunctive._pyomo_gdp_bigm_reformulation.relaxedDisjuncts[85].localVarReferences.binary_indicator_var  n=    1  sample_idx=[None]
    investmentStage[1].representativePeriod[1]._logical_to_disjunctive._pyomo_gdp_bigm_reformulation.relaxedDisjuncts[86].localVarReferences.binary_indicator_var  n=    1  sample_idx=[None]
    investmentStage[1].representativePeriod[1]._logical_to_disjunctive._pyomo_gdp_bigm_reformulation.relaxedDisjuncts[87].localVarReferences.binary_indicator_var  n=    1  sample_idx=[None]
    investmentStage[1].representativePeriod[1]._logical_to_disjunctive._pyomo_gdp_bigm_reformulation.relaxedDisjuncts[88].localVarReferences.binary_indicator_var  n=    1  sample_idx=[None]
    investmentStage[1].representativePeriod[1]._logical_to_disjunctive._pyomo_gdp_bigm_reformulation.relaxedDisjuncts[89].localVarReferences.binary_indicator_var  n=    1  sample_idx=[None]
    investmentStage[1].representativePeriod[1]._logical_to_disjunctive._pyomo_gdp_bigm_reformulation.relaxedDisjuncts[90].localVarReferences.binary_indicator_var  n=    1  sample_idx=[None]
    investmentStage[1].representativePeriod[1]._logical_to_disjunctive._pyomo_gdp_bigm_reformulation.relaxedDisjuncts[91].localVarReferences.binary_indicator_var  n=    1  sample_idx=[None]
    investmentStage[1].representativePeriod[1]._logical_to_disjunctive._pyomo_gdp_bigm_reformulation.relaxedDisjuncts[92].localVarReferences.binary_indicator_var  n=    1  sample_idx=[None]
    investmentStage[1].representativePeriod[1]._logical_to_disjunctive._pyomo_gdp_bigm_reformulation.relaxedDisjuncts[93].localVarReferences.binary_indicator_var  n=    1  sample_idx=[None]
    investmentStage[1].representativePeriod[1]._logical_to_disjunctive._pyomo_gdp_bigm_reformulation.relaxedDisjuncts[94].localVarReferences.binary_indicator_var  n=    1  sample_idx=[None]
    investmentStage[1].representativePeriod[1]._logical_to_disjunctive._pyomo_gdp_bigm_reformulation.relaxedDisjuncts[95].localVarReferences.binary_indicator_var  n=    1  sample_idx=[None]
    investmentStage[1].representativePeriod[1]._logical_to_disjunctive._pyomo_gdp_bigm_reformulation.relaxedDisjuncts[96].localVarReferences.binary_indicator_var  n=    1  sample_idx=[None]
    investmentStage[1].representativePeriod[1]._logical_to_disjunctive._pyomo_gdp_bigm_reformulation.relaxedDisjuncts[97].localVarReferences.binary_indicator_var  n=    1  sample_idx=[None]
    investmentStage[1].representativePeriod[1]._logical_to_disjunctive._pyomo_gdp_bigm_reformulation.relaxedDisjuncts[98].localVarReferences.binary_indicator_var  n=    1  sample_idx=[None]
    investmentStage[1].representativePeriod[1]._logical_to_disjunctive._pyomo_gdp_bigm_reformulation.relaxedDisjuncts[99].localVarReferences.binary_indicator_var  n=    1  sample_idx=[None]
    investmentStage[1].representativePeriod[1]._logical_to_disjunctive._pyomo_gdp_bigm_reformulation.relaxedDisjuncts[100].localVarReferences.binary_indicator_var  n=    1  sample_idx=[None]
    investmentStage[1].representativePeriod[1]._logical_to_disjunctive._pyomo_gdp_bigm_reformulation.relaxedDisjuncts[101].localVarReferences.binary_indicator_var  n=    1  sample_idx=[None]
    investmentStage[1].representativePeriod[1]._logical_to_disjunctive._pyomo_gdp_bigm_reformulation.relaxedDisjuncts[102].localVarReferences.binary_indicator_var  n=    1  sample_idx=[None]
    investmentStage[1].representativePeriod[1]._logical_to_disjunctive._pyomo_gdp_bigm_reformulation.relaxedDisjuncts[103].localVarReferences.binary_indicator_var  n=    1  sample_idx=[None]
    investmentStage[1].representativePeriod[1]._logical_to_disjunctive._pyomo_gdp_bigm_reformulation.relaxedDisjuncts[104].localVarReferences.binary_indicator_var  n=    1  sample_idx=[None]
    investmentStage[1].representativePeriod[1]._logical_to_disjunctive._pyomo_gdp_bigm_reformulation.relaxedDisjuncts[105].localVarReferences.binary_indicator_var  n=    1  sample_idx=[None]
    investmentStage[1].representativePeriod[1]._logical_to_disjunctive._pyomo_gdp_bigm_reformulation.relaxedDisjuncts[106].localVarReferences.binary_indicator_var  n=    1  sample_idx=[None]
    investmentStage[1].representativePeriod[1]._logical_to_disjunctive._pyomo_gdp_bigm_reformulation.relaxedDisjuncts[107].localVarReferences.binary_indicator_var  n=    1  sample_idx=[None]
    investmentStage[1].representativePeriod[1]._logical_to_disjunctive._pyomo_gdp_bigm_reformulation.relaxedDisjuncts[108].localVarReferences.binary_indicator_var  n=    1  sample_idx=[None]
    investmentStage[1].representativePeriod[1]._logical_to_disjunctive._pyomo_gdp_bigm_reformulation.relaxedDisjuncts[109].localVarReferences.binary_indicator_var  n=    1  sample_idx=[None]
    investmentStage[1].representativePeriod[1]._logical_to_disjunctive._pyomo_gdp_bigm_reformulation.relaxedDisjuncts[110].localVarReferences.binary_indicator_var  n=    1  sample_idx=[None]
    investmentStage[1].representativePeriod[1]._logical_to_disjunctive._pyomo_gdp_bigm_reformulation.relaxedDisjuncts[111].localVarReferences.binary_indicator_var  n=    1  sample_idx=[None]
    investmentStage[1].representativePeriod[1]._logical_to_disjunctive._pyomo_gdp_bigm_reformulation.relaxedDisjuncts[112].localVarReferences.binary_indicator_var  n=    1  sample_idx=[None]
    investmentStage[1].representativePeriod[1]._logical_to_disjunctive._pyomo_gdp_bigm_reformulation.relaxedDisjuncts[113].localVarReferences.binary_indicator_var  n=    1  sample_idx=[None]
    investmentStage[1].representativePeriod[1]._logical_to_disjunctive._pyomo_gdp_bigm_reformulation.relaxedDisjuncts[114].localVarReferences.binary_indicator_var  n=    1  sample_idx=[None]
    investmentStage[1].representativePeriod[1]._logical_to_disjunctive._pyomo_gdp_bigm_reformulation.relaxedDisjuncts[115].localVarReferences.binary_indicator_var  n=    1  sample_idx=[None]
    investmentStage[1].representativePeriod[1]._logical_to_disjunctive._pyomo_gdp_bigm_reformulation.relaxedDisjuncts[116].localVarReferences.binary_indicator_var  n=    1  sample_idx=[None]
    investmentStage[1].representativePeriod[1]._logical_to_disjunctive._pyomo_gdp_bigm_reformulation.relaxedDisjuncts[117].localVarReferences.binary_indicator_var  n=    1  sample_idx=[None]
    investmentStage[1].representativePeriod[1]._logical_to_disjunctive._pyomo_gdp_bigm_reformulation.relaxedDisjuncts[118].localVarReferences.binary_indicator_var  n=    1  sample_idx=[None]
    investmentStage[1].representativePeriod[1]._logical_to_disjunctive._pyomo_gdp_bigm_reformulation.relaxedDisjuncts[119].localVarReferences.binary_indicator_var  n=    1  sample_idx=[None]
    investmentStage[1].representativePeriod[1]._logical_to_disjunctive._pyomo_gdp_bigm_reformulation.relaxedDisjuncts[120].localVarReferences.binary_indicator_var  n=    1  sample_idx=[None]
    investmentStage[1].representativePeriod[1]._logical_to_disjunctive._pyomo_gdp_bigm_reformulation.relaxedDisjuncts[121].localVarReferences.binary_indicator_var  n=    1  sample_idx=[None]
    investmentStage[1].representativePeriod[1]._logical_to_disjunctive._pyomo_gdp_bigm_reformulation.relaxedDisjuncts[122].localVarReferences.binary_indicator_var  n=    1  sample_idx=[None]
    investmentStage[1].representativePeriod[1]._logical_to_disjunctive._pyomo_gdp_bigm_reformulation.relaxedDisjuncts[123].localVarReferences.binary_indicator_var  n=    1  sample_idx=[None]
    investmentStage[1].representativePeriod[1]._logical_to_disjunctive._pyomo_gdp_bigm_reformulation.relaxedDisjuncts[124].localVarReferences.binary_indicator_var  n=    1  sample_idx=[None]
    investmentStage[1].representativePeriod[1]._logical_to_disjunctive._pyomo_gdp_bigm_reformulation.relaxedDisjuncts[125].localVarReferences.binary_indicator_var  n=    1  sample_idx=[None]
    investmentStage[1].representativePeriod[1]._logical_to_disjunctive._pyomo_gdp_bigm_reformulation.relaxedDisjuncts[126].localVarReferences.binary_indicator_var  n=    1  sample_idx=[None]
    investmentStage[1].representativePeriod[1]._logical_to_disjunctive._pyomo_gdp_bigm_reformulation.relaxedDisjuncts[127].localVarReferences.binary_indicator_var  n=    1  sample_idx=[None]
    investmentStage[1].representativePeriod[1]._logical_to_disjunctive._pyomo_gdp_bigm_reformulation.relaxedDisjuncts[128].localVarReferences.binary_indicator_var  n=    1  sample_idx=[None]
    investmentStage[1].representativePeriod[1]._logical_to_disjunctive._pyomo_gdp_bigm_reformulation.relaxedDisjuncts[129].localVarReferences.binary_indicator_var  n=    1  sample_idx=[None]
    investmentStage[1].representativePeriod[1]._logical_to_disjunctive._pyomo_gdp_bigm_reformulation.relaxedDisjuncts[130].localVarReferences.binary_indicator_var  n=    1  sample_idx=[None]
    investmentStage[1].representativePeriod[1]._logical_to_disjunctive._pyomo_gdp_bigm_reformulation.relaxedDisjuncts[131].localVarReferences.binary_indicator_var  n=    1  sample_idx=[None]
    investmentStage[1].representativePeriod[1]._logical_to_disjunctive._pyomo_gdp_bigm_reformulation.relaxedDisjuncts[132].localVarReferences.binary_indicator_var  n=    1  sample_idx=[None]
    investmentStage[1].representativePeriod[1]._logical_to_disjunctive._pyomo_gdp_bigm_reformulation.relaxedDisjuncts[133].localVarReferences.binary_indicator_var  n=    1  sample_idx=[None]
    investmentStage[1].representativePeriod[1]._logical_to_disjunctive._pyomo_gdp_bigm_reformulation.relaxedDisjuncts[134].localVarReferences.binary_indicator_var  n=    1  sample_idx=[None]
    investmentStage[1].representativePeriod[1]._logical_to_disjunctive._pyomo_gdp_bigm_reformulation.relaxedDisjuncts[135].localVarReferences.binary_indicator_var  n=    1  sample_idx=[None]
    investmentStage[1].representativePeriod[1]._logical_to_disjunctive._pyomo_gdp_bigm_reformulation.relaxedDisjuncts[136].localVarReferences.binary_indicator_var  n=    1  sample_idx=[None]
    investmentStage[1].representativePeriod[1]._logical_to_disjunctive._pyomo_gdp_bigm_reformulation.relaxedDisjuncts[137].localVarReferences.binary_indicator_var  n=    1  sample_idx=[None]
    investmentStage[1].representativePeriod[1]._logical_to_disjunctive._pyomo_gdp_bigm_reformulation.relaxedDisjuncts[138].localVarReferences.binary_indicator_var  n=    1  sample_idx=[None]
    investmentStage[1].representativePeriod[1]._logical_to_disjunctive._pyomo_gdp_bigm_reformulation.relaxedDisjuncts[139].localVarReferences.binary_indicator_var  n=    1  sample_idx=[None]
    investmentStage[1].representativePeriod[1]._logical_to_disjunctive._pyomo_gdp_bigm_reformulation.relaxedDisjuncts[140].localVarReferences.binary_indicator_var  n=    1  sample_idx=[None]
    investmentStage[1].representativePeriod[1]._logical_to_disjunctive._pyomo_gdp_bigm_reformulation.relaxedDisjuncts[141].localVarReferences.binary_indicator_var  n=    1  sample_idx=[None]
    investmentStage[1].representativePeriod[1]._logical_to_disjunctive._pyomo_gdp_bigm_reformulation.relaxedDisjuncts[142].localVarReferences.binary_indicator_var  n=    1  sample_idx=[None]
    investmentStage[1].representativePeriod[1]._logical_to_disjunctive._pyomo_gdp_bigm_reformulation.relaxedDisjuncts[143].localVarReferences.binary_indicator_var  n=    1  sample_idx=[None]
    investmentStage[1].representativePeriod[1]._logical_to_disjunctive._pyomo_gdp_bigm_reformulation.relaxedDisjuncts[144].localVarReferences.binary_indicator_var  n=    1  sample_idx=[None]
    investmentStage[1].representativePeriod[1]._logical_to_disjunctive._pyomo_gdp_bigm_reformulation.relaxedDisjuncts[145].localVarReferences.binary_indicator_var  n=    1  sample_idx=[None]
    investmentStage[1].representativePeriod[1]._logical_to_disjunctive._pyomo_gdp_bigm_reformulation.relaxedDisjuncts[146].localVarReferences.binary_indicator_var  n=    1  sample_idx=[None]
    investmentStage[1].representativePeriod[1]._logical_to_disjunctive._pyomo_gdp_bigm_reformulation.relaxedDisjuncts[147].localVarReferences.binary_indicator_var  n=    1  sample_idx=[None]
    investmentStage[1].representativePeriod[1]._logical_to_disjunctive._pyomo_gdp_bigm_reformulation.relaxedDisjuncts[148].localVarReferences.binary_indicator_var  n=    1  sample_idx=[None]
    investmentStage[1].representativePeriod[1]._logical_to_disjunctive._pyomo_gdp_bigm_reformulation.relaxedDisjuncts[149].localVarReferences.binary_indicator_var  n=    1  sample_idx=[None]
    investmentStage[1].representativePeriod[1]._logical_to_disjunctive._pyomo_gdp_bigm_reformulation.relaxedDisjuncts[150].localVarReferences.binary_indicator_var  n=    1  sample_idx=[None]
    investmentStage[1].representativePeriod[1]._logical_to_disjunctive._pyomo_gdp_bigm_reformulation.relaxedDisjuncts[151].localVarReferences.binary_indicator_var  n=    1  sample_idx=[None]
    investmentStage[1].representativePeriod[1]._logical_to_disjunctive._pyomo_gdp_bigm_reformulation.relaxedDisjuncts[152].localVarReferences.binary_indicator_var  n=    1  sample_idx=[None]
    investmentStage[1].representativePeriod[1]._logical_to_disjunctive._pyomo_gdp_bigm_reformulation.relaxedDisjuncts[153].localVarReferences.binary_indicator_var  n=    1  sample_idx=[None]
    investmentStage[1].representativePeriod[1]._logical_to_disjunctive._pyomo_gdp_bigm_reformulation.relaxedDisjuncts[154].localVarReferences.binary_indicator_var  n=    1  sample_idx=[None]
    investmentStage[1].representativePeriod[1]._logical_to_disjunctive._pyomo_gdp_bigm_reformulation.relaxedDisjuncts[155].localVarReferences.binary_indicator_var  n=    1  sample_idx=[None]
    investmentStage[1].representativePeriod[1]._logical_to_disjunctive._pyomo_gdp_bigm_reformulation.relaxedDisjuncts[156].localVarReferences.binary_indicator_var  n=    1  sample_idx=[None]
    investmentStage[1].representativePeriod[1]._logical_to_disjunctive._pyomo_gdp_bigm_reformulation.relaxedDisjuncts[157].localVarReferences.binary_indicator_var  n=    1  sample_idx=[None]
    investmentStage[1].representativePeriod[1]._logical_to_disjunctive._pyomo_gdp_bigm_reformulation.relaxedDisjuncts[158].localVarReferences.binary_indicator_var  n=    1  sample_idx=[None]
    investmentStage[1].representativePeriod[1]._logical_to_disjunctive._pyomo_gdp_bigm_reformulation.relaxedDisjuncts[159].localVarReferences.binary_indicator_var  n=    1  sample_idx=[None]
    investmentStage[1].representativePeriod[1]._logical_to_disjunctive._pyomo_gdp_bigm_reformulation.relaxedDisjuncts[160].localVarReferences.binary_indicator_var  n=    1  sample_idx=[None]
    investmentStage[1].representativePeriod[1]._logical_to_disjunctive._pyomo_gdp_bigm_reformulation.relaxedDisjuncts[161].localVarReferences.binary_indicator_var  n=    1  sample_idx=[None]
    investmentStage[1].representativePeriod[1]._logical_to_disjunctive._pyomo_gdp_bigm_reformulation.relaxedDisjuncts[162].localVarReferences.binary_indicator_var  n=    1  sample_idx=[None]
    investmentStage[1].representativePeriod[1]._logical_to_disjunctive._pyomo_gdp_bigm_reformulation.relaxedDisjuncts[163].localVarReferences.binary_indicator_var  n=    1  sample_idx=[None]
    investmentStage[1].representativePeriod[1]._logical_to_disjunctive._pyomo_gdp_bigm_reformulation.relaxedDisjuncts[164].localVarReferences.binary_indicator_var  n=    1  sample_idx=[None]
    investmentStage[1].representativePeriod[1]._logical_to_disjunctive._pyomo_gdp_bigm_reformulation.relaxedDisjuncts[165].localVarReferences.binary_indicator_var  n=    1  sample_idx=[None]
    investmentStage[1].representativePeriod[1]._logical_to_disjunctive._pyomo_gdp_bigm_reformulation.relaxedDisjuncts[166].localVarReferences.binary_indicator_var  n=    1  sample_idx=[None]
    investmentStage[1].representativePeriod[1]._logical_to_disjunctive._pyomo_gdp_bigm_reformulation.relaxedDisjuncts[167].localVarReferences.binary_indicator_var  n=    1  sample_idx=[None]
    investmentStage[1].representativePeriod[1]._logical_to_disjunctive._pyomo_gdp_bigm_reformulation.relaxedDisjuncts[168].localVarReferences.binary_indicator_var  n=    1  sample_idx=[None]
    investmentStage[1].representativePeriod[1]._logical_to_disjunctive._pyomo_gdp_bigm_reformulation.relaxedDisjuncts[169].localVarReferences.binary_indicator_var  n=    1  sample_idx=[None]
    investmentStage[1].representativePeriod[1]._logical_to_disjunctive._pyomo_gdp_bigm_reformulation.relaxedDisjuncts[170].localVarReferences.binary_indicator_var  n=    1  sample_idx=[None]
    investmentStage[1].representativePeriod[1]._logical_to_disjunctive._pyomo_gdp_bigm_reformulation.relaxedDisjuncts[171].localVarReferences.binary_indicator_var  n=    1  sample_idx=[None]
    investmentStage[1].representativePeriod[1]._logical_to_disjunctive._pyomo_gdp_bigm_reformulation.relaxedDisjuncts[172].localVarReferences.binary_indicator_var  n=    1  sample_idx=[None]
    investmentStage[1].representativePeriod[1]._logical_to_disjunctive._pyomo_gdp_bigm_reformulation.relaxedDisjuncts[173].localVarReferences.binary_indicator_var  n=    1  sample_idx=[None]
    investmentStage[1].representativePeriod[1]._logical_to_disjunctive._pyomo_gdp_bigm_reformulation.relaxedDisjuncts[174].localVarReferences.binary_indicator_var  n=    1  sample_idx=[None]
    investmentStage[1].representativePeriod[1]._logical_to_disjunctive._pyomo_gdp_bigm_reformulation.relaxedDisjuncts[175].localVarReferences.binary_indicator_var  n=    1  sample_idx=[None]
    investmentStage[1].representativePeriod[1]._logical_to_disjunctive._pyomo_gdp_bigm_reformulation.relaxedDisjuncts[176].localVarReferences.binary_indicator_var  n=    1  sample_idx=[None]
    investmentStage[1].representativePeriod[1]._logical_to_disjunctive._pyomo_gdp_bigm_reformulation.relaxedDisjuncts[177].localVarReferences.binary_indicator_var  n=    1  sample_idx=[None]
    investmentStage[1].representativePeriod[1]._logical_to_disjunctive._pyomo_gdp_bigm_reformulation.relaxedDisjuncts[178].localVarReferences.binary_indicator_var  n=    1  sample_idx=[None]
    investmentStage[1].representativePeriod[1]._logical_to_disjunctive._pyomo_gdp_bigm_reformulation.relaxedDisjuncts[179].localVarReferences.binary_indicator_var  n=    1  sample_idx=[None]
    investmentStage[1].representativePeriod[1]._logical_to_disjunctive._pyomo_gdp_bigm_reformulation.relaxedDisjuncts[180].localVarReferences.binary_indicator_var  n=    1  sample_idx=[None]
    investmentStage[1].representativePeriod[1]._logical_to_disjunctive._pyomo_gdp_bigm_reformulation.relaxedDisjuncts[181].localVarReferences.binary_indicator_var  n=    1  sample_idx=[None]
    investmentStage[1].representativePeriod[1]._logical_to_disjunctive._pyomo_gdp_bigm_reformulation.relaxedDisjuncts[182].localVarReferences.binary_indicator_var  n=    1  sample_idx=[None]
    investmentStage[1].representativePeriod[1]._logical_to_disjunctive._pyomo_gdp_bigm_reformulation.relaxedDisjuncts[183].localVarReferences.binary_indicator_var  n=    1  sample_idx=[None]
    investmentStage[1].representativePeriod[1]._logical_to_disjunctive._pyomo_gdp_bigm_reformulation.relaxedDisjuncts[184].localVarReferences.binary_indicator_var  n=    1  sample_idx=[None]
    investmentStage[1].representativePeriod[1]._logical_to_disjunctive._pyomo_gdp_bigm_reformulation.relaxedDisjuncts[185].localVarReferences.binary_indicator_var  n=    1  sample_idx=[None]
    investmentStage[1].representativePeriod[1]._logical_to_disjunctive._pyomo_gdp_bigm_reformulation.relaxedDisjuncts[186].localVarReferences.binary_indicator_var  n=    1  sample_idx=[None]
    investmentStage[1].representativePeriod[1]._logical_to_disjunctive._pyomo_gdp_bigm_reformulation.relaxedDisjuncts[187].localVarReferences.binary_indicator_var  n=    1  sample_idx=[None]
    investmentStage[1].representativePeriod[1]._logical_to_disjunctive._pyomo_gdp_bigm_reformulation.relaxedDisjuncts[188].localVarReferences.binary_indicator_var  n=    1  sample_idx=[None]
    investmentStage[1].representativePeriod[1]._logical_to_disjunctive._pyomo_gdp_bigm_reformulation.relaxedDisjuncts[189].localVarReferences.binary_indicator_var  n=    1  sample_idx=[None]
    investmentStage[1].representativePeriod[1]._logical_to_disjunctive._pyomo_gdp_bigm_reformulation.relaxedDisjuncts[190].localVarReferences.binary_indicator_var  n=    1  sample_idx=[None]
    investmentStage[1].representativePeriod[1]._logical_to_disjunctive._pyomo_gdp_bigm_reformulation.relaxedDisjuncts[191].localVarReferences.binary_indicator_var  n=    1  sample_idx=[None]
    investmentStage[1].representativePeriod[1]._logical_to_disjunctive._pyomo_gdp_bigm_reformulation.relaxedDisjuncts[192].localVarReferences.binary_indicator_var  n=    1  sample_idx=[None]
    investmentStage[1].representativePeriod[1]._logical_to_disjunctive._pyomo_gdp_bigm_reformulation.relaxedDisjuncts[193].localVarReferences.binary_indicator_var  n=    1  sample_idx=[None]
    investmentStage[1].representativePeriod[1]._logical_to_disjunctive._pyomo_gdp_bigm_reformulation.relaxedDisjuncts[194].localVarReferences.binary_indicator_var  n=    1  sample_idx=[None]
    investmentStage[1].representativePeriod[1]._logical_to_disjunctive._pyomo_gdp_bigm_reformulation.relaxedDisjuncts[195].localVarReferences.binary_indicator_var  n=    1  sample_idx=[None]
    investmentStage[1].representativePeriod[1]._logical_to_disjunctive._pyomo_gdp_bigm_reformulation.relaxedDisjuncts[196].localVarReferences.binary_indicator_var  n=    1  sample_idx=[None]
    investmentStage[1].representativePeriod[1]._logical_to_disjunctive._pyomo_gdp_bigm_reformulation.relaxedDisjuncts[197].localVarReferences.binary_indicator_var  n=    1  sample_idx=[None]
    investmentStage[1].representativePeriod[1]._logical_to_disjunctive._pyomo_gdp_bigm_reformulation.relaxedDisjuncts[198].localVarReferences.binary_indicator_var  n=    1  sample_idx=[None]
    investmentStage[1].representativePeriod[1]._logical_to_disjunctive._pyomo_gdp_bigm_reformulation.relaxedDisjuncts[199].localVarReferences.binary_indicator_var  n=    1  sample_idx=[None]
    investmentStage[1].representativePeriod[1]._logical_to_disjunctive._pyomo_gdp_bigm_reformulation.relaxedDisjuncts[200].localVarReferences.binary_indicator_var  n=    1  sample_idx=[None]
    investmentStage[1].representativePeriod[1]._logical_to_disjunctive._pyomo_gdp_bigm_reformulation.relaxedDisjuncts[201].localVarReferences.binary_indicator_var  n=    1  sample_idx=[None]
    investmentStage[1].representativePeriod[1]._logical_to_disjunctive._pyomo_gdp_bigm_reformulation.relaxedDisjuncts[202].localVarReferences.binary_indicator_var  n=    1  sample_idx=[None]
    investmentStage[1].representativePeriod[1]._logical_to_disjunctive._pyomo_gdp_bigm_reformulation.relaxedDisjuncts[203].localVarReferences.binary_indicator_var  n=    1  sample_idx=[None]
    investmentStage[1].representativePeriod[1]._logical_to_disjunctive._pyomo_gdp_bigm_reformulation.relaxedDisjuncts[204].localVarReferences.binary_indicator_var  n=    1  sample_idx=[None]
    investmentStage[1].representativePeriod[1]._logical_to_disjunctive._pyomo_gdp_bigm_reformulation.relaxedDisjuncts[205].localVarReferences.binary_indicator_var  n=    1  sample_idx=[None]
    investmentStage[1].representativePeriod[1]._logical_to_disjunctive._pyomo_gdp_bigm_reformulation.relaxedDisjuncts[206].localVarReferences.binary_indicator_var  n=    1  sample_idx=[None]
    investmentStage[1].representativePeriod[1]._logical_to_disjunctive._pyomo_gdp_bigm_reformulation.relaxedDisjuncts[207].localVarReferences.binary_indicator_var  n=    1  sample_idx=[None]
    investmentStage[1].representativePeriod[1]._logical_to_disjunctive._pyomo_gdp_bigm_reformulation.relaxedDisjuncts[208].localVarReferences.binary_indicator_var  n=    1  sample_idx=[None]
    investmentStage[1].representativePeriod[1]._logical_to_disjunctive._pyomo_gdp_bigm_reformulation.relaxedDisjuncts[209].localVarReferences.binary_indicator_var  n=    1  sample_idx=[None]
    investmentStage[1].representativePeriod[1]._logical_to_disjunctive._pyomo_gdp_bigm_reformulation.relaxedDisjuncts[210].localVarReferences.binary_indicator_var  n=    1  sample_idx=[None]
    investmentStage[1].representativePeriod[1]._logical_to_disjunctive._pyomo_gdp_bigm_reformulation.relaxedDisjuncts[211].localVarReferences.binary_indicator_var  n=    1  sample_idx=[None]
    investmentStage[1].representativePeriod[1]._logical_to_disjunctive._pyomo_gdp_bigm_reformulation.relaxedDisjuncts[212].localVarReferences.binary_indicator_var  n=    1  sample_idx=[None]
    investmentStage[1].representativePeriod[1]._logical_to_disjunctive._pyomo_gdp_bigm_reformulation.relaxedDisjuncts[213].localVarReferences.binary_indicator_var  n=    1  sample_idx=[None]
    investmentStage[1].representativePeriod[1]._logical_to_disjunctive._pyomo_gdp_bigm_reformulation.relaxedDisjuncts[214].localVarReferences.binary_indicator_var  n=    1  sample_idx=[None]
    investmentStage[1].representativePeriod[1]._logical_to_disjunctive._pyomo_gdp_bigm_reformulation.relaxedDisjuncts[215].localVarReferences.binary_indicator_var  n=    1  sample_idx=[None]
    investmentStage[1].representativePeriod[1]._logical_to_disjunctive._pyomo_gdp_bigm_reformulation.relaxedDisjuncts[216].localVarReferences.binary_indicator_var  n=    1  sample_idx=[None]
    investmentStage[1].representativePeriod[1]._logical_to_disjunctive._pyomo_gdp_bigm_reformulation.relaxedDisjuncts[217].localVarReferences.binary_indicator_var  n=    1  sample_idx=[None]
    investmentStage[1].representativePeriod[1]._logical_to_disjunctive._pyomo_gdp_bigm_reformulation.relaxedDisjuncts[218].localVarReferences.binary_indicator_var  n=    1  sample_idx=[None]
    investmentStage[1].representativePeriod[1]._logical_to_disjunctive._pyomo_gdp_bigm_reformulation.relaxedDisjuncts[219].localVarReferences.binary_indicator_var  n=    1  sample_idx=[None]
    investmentStage[1].representativePeriod[1]._logical_to_disjunctive._pyomo_gdp_bigm_reformulation.relaxedDisjuncts[220].localVarReferences.binary_indicator_var  n=    1  sample_idx=[None]
    investmentStage[1].representativePeriod[1]._logical_to_disjunctive._pyomo_gdp_bigm_reformulation.relaxedDisjuncts[221].localVarReferences.binary_indicator_var  n=    1  sample_idx=[None]
    investmentStage[1].representativePeriod[1]._logical_to_disjunctive._pyomo_gdp_bigm_reformulation.relaxedDisjuncts[222].localVarReferences.binary_indicator_var  n=    1  sample_idx=[None]
    investmentStage[1].representativePeriod[1]._logical_to_disjunctive._pyomo_gdp_bigm_reformulation.relaxedDisjuncts[223].localVarReferences.binary_indicator_var  n=    1  sample_idx=[None]
    investmentStage[1].representativePeriod[1]._logical_to_disjunctive._pyomo_gdp_bigm_reformulation.relaxedDisjuncts[224].localVarReferences.binary_indicator_var  n=    1  sample_idx=[None]
    investmentStage[1].representativePeriod[1]._logical_to_disjunctive._pyomo_gdp_bigm_reformulation.relaxedDisjuncts[225].localVarReferences.binary_indicator_var  n=    1  sample_idx=[None]
    investmentStage[1].representativePeriod[1]._logical_to_disjunctive._pyomo_gdp_bigm_reformulation.relaxedDisjuncts[226].localVarReferences.binary_indicator_var  n=    1  sample_idx=[None]
    investmentStage[1].representativePeriod[1]._logical_to_disjunctive._pyomo_gdp_bigm_reformulation.relaxedDisjuncts[227].localVarReferences.binary_indicator_var  n=    1  sample_idx=[None]
    investmentStage[1].representativePeriod[1]._logical_to_disjunctive._pyomo_gdp_bigm_reformulation.relaxedDisjuncts[228].localVarReferences.binary_indicator_var  n=    1  sample_idx=[None]
    investmentStage[1].representativePeriod[1]._logical_to_disjunctive._pyomo_gdp_bigm_reformulation.relaxedDisjuncts[229].localVarReferences.binary_indicator_var  n=    1  sample_idx=[None]
    investmentStage[1].representativePeriod[1]._logical_to_disjunctive._pyomo_gdp_bigm_reformulation.relaxedDisjuncts[230].localVarReferences.binary_indicator_var  n=    1  sample_idx=[None]
    investmentStage[1].representativePeriod[1]._logical_to_disjunctive._pyomo_gdp_bigm_reformulation.relaxedDisjuncts[231].localVarReferences.binary_indicator_var  n=    1  sample_idx=[None]
    investmentStage[1].representativePeriod[1]._logical_to_disjunctive._pyomo_gdp_bigm_reformulation.relaxedDisjuncts[232].localVarReferences.binary_indicator_var  n=    1  sample_idx=[None]
    investmentStage[1].representativePeriod[1]._logical_to_disjunctive._pyomo_gdp_bigm_reformulation.relaxedDisjuncts[233].localVarReferences.binary_indicator_var  n=    1  sample_idx=[None]
    investmentStage[1].representativePeriod[1]._logical_to_disjunctive._pyomo_gdp_bigm_reformulation.relaxedDisjuncts[234].localVarReferences.binary_indicator_var  n=    1  sample_idx=[None]
    investmentStage[1].representativePeriod[1]._logical_to_disjunctive._pyomo_gdp_bigm_reformulation.relaxedDisjuncts[235].localVarReferences.binary_indicator_var  n=    1  sample_idx=[None]
    investmentStage[1].representativePeriod[1]._logical_to_disjunctive._pyomo_gdp_bigm_reformulation.relaxedDisjuncts[236].localVarReferences.binary_indicator_var  n=    1  sample_idx=[None]
    investmentStage[1].representativePeriod[1]._logical_to_disjunctive._pyomo_gdp_bigm_reformulation.relaxedDisjuncts[237].localVarReferences.binary_indicator_var  n=    1  sample_idx=[None]
    investmentStage[1].representativePeriod[1]._logical_to_disjunctive._pyomo_gdp_bigm_reformulation.relaxedDisjuncts[238].localVarReferences.binary_indicator_var  n=    1  sample_idx=[None]
    investmentStage[1].representativePeriod[1]._logical_to_disjunctive._pyomo_gdp_bigm_reformulation.relaxedDisjuncts[239].localVarReferences.binary_indicator_var  n=    1  sample_idx=[None]
    investmentStage[1].representativePeriod[1]._logical_to_disjunctive._pyomo_gdp_bigm_reformulation.relaxedDisjuncts[240].localVarReferences.binary_indicator_var  n=    1  sample_idx=[None]
    investmentStage[1].representativePeriod[1]._logical_to_disjunctive._pyomo_gdp_bigm_reformulation.relaxedDisjuncts[241].localVarReferences.binary_indicator_var  n=    1  sample_idx=[None]
    investmentStage[1].representativePeriod[1]._logical_to_disjunctive._pyomo_gdp_bigm_reformulation.relaxedDisjuncts[242].localVarReferences.binary_indicator_var  n=    1  sample_idx=[None]
    investmentStage[1].representativePeriod[1]._logical_to_disjunctive._pyomo_gdp_bigm_reformulation.relaxedDisjuncts[243].localVarReferences.binary_indicator_var  n=    1  sample_idx=[None]
    investmentStage[1].representativePeriod[1]._logical_to_disjunctive._pyomo_gdp_bigm_reformulation.relaxedDisjuncts[244].localVarReferences.binary_indicator_var  n=    1  sample_idx=[None]
    investmentStage[1].representativePeriod[1]._logical_to_disjunctive._pyomo_gdp_bigm_reformulation.relaxedDisjuncts[245].localVarReferences.binary_indicator_var  n=    1  sample_idx=[None]
    investmentStage[1].representativePeriod[1]._logical_to_disjunctive._pyomo_gdp_bigm_reformulation.relaxedDisjuncts[246].localVarReferences.binary_indicator_var  n=    1  sample_idx=[None]
    investmentStage[1].representativePeriod[1]._logical_to_disjunctive._pyomo_gdp_bigm_reformulation.relaxedDisjuncts[247].localVarReferences.binary_indicator_var  n=    1  sample_idx=[None]
    investmentStage[1].representativePeriod[1]._logical_to_disjunctive._pyomo_gdp_bigm_reformulation.relaxedDisjuncts[248].localVarReferences.binary_indicator_var  n=    1  sample_idx=[None]
    investmentStage[1].representativePeriod[1]._logical_to_disjunctive._pyomo_gdp_bigm_reformulation.relaxedDisjuncts[249].localVarReferences.binary_indicator_var  n=    1  sample_idx=[None]
    investmentStage[1].representativePeriod[1]._logical_to_disjunctive._pyomo_gdp_bigm_reformulation.relaxedDisjuncts[250].localVarReferences.binary_indicator_var  n=    1  sample_idx=[None]
    investmentStage[1].representativePeriod[1]._logical_to_disjunctive._pyomo_gdp_bigm_reformulation.relaxedDisjuncts[251].localVarReferences.binary_indicator_var  n=    1  sample_idx=[None]
    investmentStage[1].representativePeriod[1]._logical_to_disjunctive._pyomo_gdp_bigm_reformulation.relaxedDisjuncts[252].localVarReferences.binary_indicator_var  n=    1  sample_idx=[None]
    investmentStage[1].representativePeriod[1]._logical_to_disjunctive._pyomo_gdp_bigm_reformulation.relaxedDisjuncts[253].localVarReferences.binary_indicator_var  n=    1  sample_idx=[None]
    investmentStage[1].representativePeriod[1]._logical_to_disjunctive._pyomo_gdp_bigm_reformulation.relaxedDisjuncts[254].localVarReferences.binary_indicator_var  n=    1  sample_idx=[None]
    investmentStage[1].representativePeriod[1]._logical_to_disjunctive._pyomo_gdp_bigm_reformulation.relaxedDisjuncts[255].localVarReferences.binary_indicator_var  n=    1  sample_idx=[None]
    investmentStage[1].representativePeriod[1]._logical_to_disjunctive._pyomo_gdp_bigm_reformulation.relaxedDisjuncts[256].localVarReferences.binary_indicator_var  n=    1  sample_idx=[None]
    investmentStage[1].representativePeriod[1]._logical_to_disjunctive._pyomo_gdp_bigm_reformulation.relaxedDisjuncts[257].localVarReferences.binary_indicator_var  n=    1  sample_idx=[None]
    investmentStage[1].representativePeriod[1]._logical_to_disjunctive._pyomo_gdp_bigm_reformulation.relaxedDisjuncts[258].localVarReferences.binary_indicator_var  n=    1  sample_idx=[None]
    investmentStage[1].representativePeriod[1]._logical_to_disjunctive._pyomo_gdp_bigm_reformulation.relaxedDisjuncts[259].localVarReferences.binary_indicator_var  n=    1  sample_idx=[None]
    investmentStage[1].representativePeriod[1]._logical_to_disjunctive._pyomo_gdp_bigm_reformulation.relaxedDisjuncts[260].localVarReferences.binary_indicator_var  n=    1  sample_idx=[None]
    investmentStage[1].representativePeriod[1]._logical_to_disjunctive._pyomo_gdp_bigm_reformulation.relaxedDisjuncts[261].localVarReferences.binary_indicator_var  n=    1  sample_idx=[None]
    investmentStage[1].representativePeriod[1]._logical_to_disjunctive._pyomo_gdp_bigm_reformulation.relaxedDisjuncts[262].localVarReferences.binary_indicator_var  n=    1  sample_idx=[None]
    investmentStage[1].representativePeriod[1]._logical_to_disjunctive._pyomo_gdp_bigm_reformulation.relaxedDisjuncts[263].localVarReferences.binary_indicator_var  n=    1  sample_idx=[None]
    investmentStage[1].representativePeriod[1]._logical_to_disjunctive._pyomo_gdp_bigm_reformulation.relaxedDisjuncts[264].localVarReferences.binary_indicator_var  n=    1  sample_idx=[None]
    investmentStage[1].representativePeriod[1]._logical_to_disjunctive._pyomo_gdp_bigm_reformulation.relaxedDisjuncts[265].localVarReferences.binary_indicator_var  n=    1  sample_idx=[None]
    investmentStage[1].representativePeriod[1]._logical_to_disjunctive._pyomo_gdp_bigm_reformulation.relaxedDisjuncts[266].localVarReferences.binary_indicator_var  n=    1  sample_idx=[None]
    investmentStage[1].representativePeriod[1]._logical_to_disjunctive._pyomo_gdp_bigm_reformulation.relaxedDisjuncts[267].localVarReferences.binary_indicator_var  n=    1  sample_idx=[None]
    investmentStage[1].representativePeriod[1]._logical_to_disjunctive._pyomo_gdp_bigm_reformulation.relaxedDisjuncts[268].localVarReferences.binary_indicator_var  n=    1  sample_idx=[None]
    investmentStage[1].representativePeriod[1]._logical_to_disjunctive._pyomo_gdp_bigm_reformulation.relaxedDisjuncts[269].localVarReferences.binary_indicator_var  n=    1  sample_idx=[None]
    investmentStage[1].representativePeriod[1]._logical_to_disjunctive._pyomo_gdp_bigm_reformulation.relaxedDisjuncts[270].localVarReferences.binary_indicator_var  n=    1  sample_idx=[None]
    investmentStage[1].representativePeriod[1]._logical_to_disjunctive._pyomo_gdp_bigm_reformulation.relaxedDisjuncts[271].localVarReferences.binary_indicator_var  n=    1  sample_idx=[None]
    investmentStage[1].representativePeriod[1]._logical_to_disjunctive._pyomo_gdp_bigm_reformulation.relaxedDisjuncts[272].localVarReferences.binary_indicator_var  n=    1  sample_idx=[None]
    investmentStage[1].representativePeriod[1]._logical_to_disjunctive._pyomo_gdp_bigm_reformulation.relaxedDisjuncts[273].localVarReferences.binary_indicator_var  n=    1  sample_idx=[None]
    investmentStage[1].representativePeriod[1]._logical_to_disjunctive._pyomo_gdp_bigm_reformulation.relaxedDisjuncts[274].localVarReferences.binary_indicator_var  n=    1  sample_idx=[None]
    investmentStage[1].representativePeriod[1]._logical_to_disjunctive._pyomo_gdp_bigm_reformulation.relaxedDisjuncts[275].localVarReferences.binary_indicator_var  n=    1  sample_idx=[None]
    investmentStage[1].representativePeriod[1]._logical_to_disjunctive._pyomo_gdp_bigm_reformulation.relaxedDisjuncts[276].localVarReferences.binary_indicator_var  n=    1  sample_idx=[None]
    investmentStage[1].representativePeriod[1]._logical_to_disjunctive._pyomo_gdp_bigm_reformulation.relaxedDisjuncts[277].localVarReferences.binary_indicator_var  n=    1  sample_idx=[None]
    investmentStage[1].representativePeriod[1]._logical_to_disjunctive._pyomo_gdp_bigm_reformulation.relaxedDisjuncts[278].localVarReferences.binary_indicator_var  n=    1  sample_idx=[None]
    investmentStage[1].representativePeriod[1]._logical_to_disjunctive._pyomo_gdp_bigm_reformulation.relaxedDisjuncts[279].localVarReferences.binary_indicator_var  n=    1  sample_idx=[None]
    investmentStage[1].representativePeriod[1]._logical_to_disjunctive._pyomo_gdp_bigm_reformulation.relaxedDisjuncts[280].localVarReferences.binary_indicator_var  n=    1  sample_idx=[None]
    investmentStage[1].representativePeriod[1]._logical_to_disjunctive._pyomo_gdp_bigm_reformulation.relaxedDisjuncts[281].localVarReferences.binary_indicator_var  n=    1  sample_idx=[None]
    investmentStage[1].representativePeriod[1]._logical_to_disjunctive._pyomo_gdp_bigm_reformulation.relaxedDisjuncts[282].localVarReferences.binary_indicator_var  n=    1  sample_idx=[None]
    investmentStage[1].representativePeriod[1]._logical_to_disjunctive._pyomo_gdp_bigm_reformulation.relaxedDisjuncts[283].localVarReferences.binary_indicator_var  n=    1  sample_idx=[None]
    investmentStage[1].representativePeriod[1]._logical_to_disjunctive._pyomo_gdp_bigm_reformulation.relaxedDisjuncts[284].localVarReferences.binary_indicator_var  n=    1  sample_idx=[None]
    investmentStage[1].representativePeriod[1]._logical_to_disjunctive._pyomo_gdp_bigm_reformulation.relaxedDisjuncts[285].localVarReferences.binary_indicator_var  n=    1  sample_idx=[None]
    investmentStage[1].representativePeriod[1]._logical_to_disjunctive._pyomo_gdp_bigm_reformulation.relaxedDisjuncts[286].localVarReferences.binary_indicator_var  n=    1  sample_idx=[None]
    investmentStage[1].representativePeriod[1]._logical_to_disjunctive._pyomo_gdp_bigm_reformulation.relaxedDisjuncts[287].localVarReferences.binary_indicator_var  n=    1  sample_idx=[None]
    investmentStage[1].representativePeriod[1]._logical_to_disjunctive._pyomo_gdp_bigm_reformulation.relaxedDisjuncts[288].localVarReferences.binary_indicator_var  n=    1  sample_idx=[None]
    investmentStage[1].representativePeriod[1]._logical_to_disjunctive._pyomo_gdp_bigm_reformulation.relaxedDisjuncts[289].localVarReferences.binary_indicator_var  n=    1  sample_idx=[None]
    investmentStage[1].representativePeriod[1]._logical_to_disjunctive._pyomo_gdp_bigm_reformulation.relaxedDisjuncts[290].localVarReferences.binary_indicator_var  n=    1  sample_idx=[None]
    investmentStage[1].representativePeriod[1]._logical_to_disjunctive._pyomo_gdp_bigm_reformulation.relaxedDisjuncts[291].localVarReferences.binary_indicator_var  n=    1  sample_idx=[None]
    investmentStage[1].representativePeriod[1]._logical_to_disjunctive._pyomo_gdp_bigm_reformulation.relaxedDisjuncts[292].localVarReferences.binary_indicator_var  n=    1  sample_idx=[None]
    investmentStage[1].representativePeriod[1]._logical_to_disjunctive._pyomo_gdp_bigm_reformulation.relaxedDisjuncts[293].localVarReferences.binary_indicator_var  n=    1  sample_idx=[None]
    investmentStage[1].representativePeriod[1]._logical_to_disjunctive._pyomo_gdp_bigm_reformulation.relaxedDisjuncts[294].localVarReferences.binary_indicator_var  n=    1  sample_idx=[None]
    investmentStage[1].representativePeriod[1]._logical_to_disjunctive._pyomo_gdp_bigm_reformulation.relaxedDisjuncts[295].localVarReferences.binary_indicator_var  n=    1  sample_idx=[None]
    investmentStage[1].representativePeriod[1]._logical_to_disjunctive._pyomo_gdp_bigm_reformulation.relaxedDisjuncts[296].localVarReferences.binary_indicator_var  n=    1  sample_idx=[None]
    investmentStage[1].representativePeriod[1]._logical_to_disjunctive._pyomo_gdp_bigm_reformulation.relaxedDisjuncts[297].localVarReferences.binary_indicator_var  n=    1  sample_idx=[None]
    investmentStage[1].representativePeriod[1]._logical_to_disjunctive._pyomo_gdp_bigm_reformulation.relaxedDisjuncts[298].localVarReferences.binary_indicator_var  n=    1  sample_idx=[None]
    investmentStage[1].representativePeriod[1]._logical_to_disjunctive._pyomo_gdp_bigm_reformulation.relaxedDisjuncts[299].localVarReferences.binary_indicator_var  n=    1  sample_idx=[None]
    investmentStage[1].representativePeriod[1]._logical_to_disjunctive._pyomo_gdp_bigm_reformulation.relaxedDisjuncts[300].localVarReferences.binary_indicator_var  n=    1  sample_idx=[None]
    investmentStage[1].representativePeriod[1]._logical_to_disjunctive._pyomo_gdp_bigm_reformulation.relaxedDisjuncts[301].localVarReferences.binary_indicator_var  n=    1  sample_idx=[None]
    investmentStage[1].representativePeriod[1]._logical_to_disjunctive._pyomo_gdp_bigm_reformulation.relaxedDisjuncts[302].localVarReferences.binary_indicator_var  n=    1  sample_idx=[None]
    investmentStage[1].representativePeriod[1]._logical_to_disjunctive._pyomo_gdp_bigm_reformulation.relaxedDisjuncts[303].localVarReferences.binary_indicator_var  n=    1  sample_idx=[None]
    investmentStage[1].representativePeriod[1]._logical_to_disjunctive._pyomo_gdp_bigm_reformulation.relaxedDisjuncts[304].localVarReferences.binary_indicator_var  n=    1  sample_idx=[None]
    investmentStage[1].representativePeriod[1]._logical_to_disjunctive._pyomo_gdp_bigm_reformulation.relaxedDisjuncts[305].localVarReferences.binary_indicator_var  n=    1  sample_idx=[None]
    investmentStage[1].representativePeriod[1]._logical_to_disjunctive._pyomo_gdp_bigm_reformulation.relaxedDisjuncts[306].localVarReferences.binary_indicator_var  n=    1  sample_idx=[None]
    investmentStage[1].representativePeriod[1]._logical_to_disjunctive._pyomo_gdp_bigm_reformulation.relaxedDisjuncts[307].localVarReferences.binary_indicator_var  n=    1  sample_idx=[None]
    investmentStage[1].representativePeriod[1]._logical_to_disjunctive._pyomo_gdp_bigm_reformulation.relaxedDisjuncts[308].localVarReferences.binary_indicator_var  n=    1  sample_idx=[None]
    investmentStage[1].representativePeriod[1]._logical_to_disjunctive._pyomo_gdp_bigm_reformulation.relaxedDisjuncts[309].localVarReferences.binary_indicator_var  n=    1  sample_idx=[None]
    investmentStage[1].representativePeriod[1]._logical_to_disjunctive._pyomo_gdp_bigm_reformulation.relaxedDisjuncts[310].localVarReferences.binary_indicator_var  n=    1  sample_idx=[None]
    investmentStage[1].representativePeriod[1]._logical_to_disjunctive._pyomo_gdp_bigm_reformulation.relaxedDisjuncts[311].localVarReferences.binary_indicator_var  n=    1  sample_idx=[None]
    investmentStage[1].representativePeriod[1]._logical_to_disjunctive._pyomo_gdp_bigm_reformulation.relaxedDisjuncts[312].localVarReferences.binary_indicator_var  n=    1  sample_idx=[None]
    investmentStage[1].representativePeriod[1]._logical_to_disjunctive._pyomo_gdp_bigm_reformulation.relaxedDisjuncts[313].localVarReferences.binary_indicator_var  n=    1  sample_idx=[None]
    investmentStage[1].representativePeriod[1]._logical_to_disjunctive._pyomo_gdp_bigm_reformulation.relaxedDisjuncts[314].localVarReferences.binary_indicator_var  n=    1  sample_idx=[None]
    investmentStage[1].representativePeriod[1]._logical_to_disjunctive._pyomo_gdp_bigm_reformulation.relaxedDisjuncts[315].localVarReferences.binary_indicator_var  n=    1  sample_idx=[None]
    investmentStage[1].representativePeriod[1]._logical_to_disjunctive._pyomo_gdp_bigm_reformulation.relaxedDisjuncts[316].localVarReferences.binary_indicator_var  n=    1  sample_idx=[None]
    investmentStage[1].representativePeriod[1]._logical_to_disjunctive._pyomo_gdp_bigm_reformulation.relaxedDisjuncts[317].localVarReferences.binary_indicator_var  n=    1  sample_idx=[None]
    investmentStage[1].representativePeriod[1]._logical_to_disjunctive._pyomo_gdp_bigm_reformulation.relaxedDisjuncts[318].localVarReferences.binary_indicator_var  n=    1  sample_idx=[None]
    investmentStage[1].representativePeriod[1]._logical_to_disjunctive._pyomo_gdp_bigm_reformulation.relaxedDisjuncts[319].localVarReferences.binary_indicator_var  n=    1  sample_idx=[None]
    investmentStage[1].representativePeriod[1]._logical_to_disjunctive._pyomo_gdp_bigm_reformulation.relaxedDisjuncts[320].localVarReferences.binary_indicator_var  n=    1  sample_idx=[None]
    investmentStage[1].representativePeriod[1]._logical_to_disjunctive._pyomo_gdp_bigm_reformulation.relaxedDisjuncts[321].localVarReferences.binary_indicator_var  n=    1  sample_idx=[None]
    investmentStage[1].representativePeriod[1]._logical_to_disjunctive._pyomo_gdp_bigm_reformulation.relaxedDisjuncts[322].localVarReferences.binary_indicator_var  n=    1  sample_idx=[None]
    investmentStage[1].representativePeriod[1]._logical_to_disjunctive._pyomo_gdp_bigm_reformulation.relaxedDisjuncts[323].localVarReferences.binary_indicator_var  n=    1  sample_idx=[None]
    investmentStage[1].representativePeriod[1]._logical_to_disjunctive._pyomo_gdp_bigm_reformulation.relaxedDisjuncts[324].localVarReferences.binary_indicator_var  n=    1  sample_idx=[None]
    investmentStage[1].representativePeriod[1]._logical_to_disjunctive._pyomo_gdp_bigm_reformulation.relaxedDisjuncts[325].localVarReferences.binary_indicator_var  n=    1  sample_idx=[None]
    investmentStage[1].representativePeriod[1]._logical_to_disjunctive._pyomo_gdp_bigm_reformulation.relaxedDisjuncts[326].localVarReferences.binary_indicator_var  n=    1  sample_idx=[None]
    investmentStage[1].representativePeriod[1]._logical_to_disjunctive._pyomo_gdp_bigm_reformulation.relaxedDisjuncts[327].localVarReferences.binary_indicator_var  n=    1  sample_idx=[None]
    investmentStage[1].representativePeriod[1]._logical_to_disjunctive._pyomo_gdp_bigm_reformulation.relaxedDisjuncts[328].localVarReferences.binary_indicator_var  n=    1  sample_idx=[None]
    investmentStage[1].representativePeriod[1]._logical_to_disjunctive._pyomo_gdp_bigm_reformulation.relaxedDisjuncts[329].localVarReferences.binary_indicator_var  n=    1  sample_idx=[None]
    investmentStage[1].representativePeriod[1]._logical_to_disjunctive._pyomo_gdp_bigm_reformulation.relaxedDisjuncts[330].localVarReferences.binary_indicator_var  n=    1  sample_idx=[None]
    investmentStage[1].representativePeriod[1]._logical_to_disjunctive._pyomo_gdp_bigm_reformulation.relaxedDisjuncts[331].localVarReferences.binary_indicator_var  n=    1  sample_idx=[None]
    investmentStage[1].representativePeriod[1]._logical_to_disjunctive._pyomo_gdp_bigm_reformulation.relaxedDisjuncts[332].localVarReferences.binary_indicator_var  n=    1  sample_idx=[None]
    investmentStage[1].representativePeriod[1]._logical_to_disjunctive._pyomo_gdp_bigm_reformulation.relaxedDisjuncts[333].localVarReferences.binary_indicator_var  n=    1  sample_idx=[None]
    investmentStage[1].representativePeriod[1]._logical_to_disjunctive._pyomo_gdp_bigm_reformulation.relaxedDisjuncts[334].localVarReferences.binary_indicator_var  n=    1  sample_idx=[None]
    investmentStage[1].representativePeriod[1]._logical_to_disjunctive._pyomo_gdp_bigm_reformulation.relaxedDisjuncts[335].localVarReferences.binary_indicator_var  n=    1  sample_idx=[None]
    investmentStage[1].representativePeriod[1]._logical_to_disjunctive._pyomo_gdp_bigm_reformulation.relaxedDisjuncts[336].localVarReferences.binary_indicator_var  n=    1  sample_idx=[None]
    investmentStage[1].representativePeriod[1]._logical_to_disjunctive._pyomo_gdp_bigm_reformulation.relaxedDisjuncts[337].localVarReferences.binary_indicator_var  n=    1  sample_idx=[None]
    investmentStage[1].representativePeriod[1]._logical_to_disjunctive._pyomo_gdp_bigm_reformulation.relaxedDisjuncts[338].localVarReferences.binary_indicator_var  n=    1  sample_idx=[None]
    investmentStage[1].representativePeriod[1]._logical_to_disjunctive._pyomo_gdp_bigm_reformulation.relaxedDisjuncts[339].localVarReferences.binary_indicator_var  n=    1  sample_idx=[None]
    investmentStage[1].representativePeriod[1]._logical_to_disjunctive._pyomo_gdp_bigm_reformulation.relaxedDisjuncts[340].localVarReferences.binary_indicator_var  n=    1  sample_idx=[None]
    investmentStage[1].representativePeriod[1]._logical_to_disjunctive._pyomo_gdp_bigm_reformulation.relaxedDisjuncts[341].localVarReferences.binary_indicator_var  n=    1  sample_idx=[None]
    investmentStage[1].representativePeriod[1]._logical_to_disjunctive._pyomo_gdp_bigm_reformulation.relaxedDisjuncts[342].localVarReferences.binary_indicator_var  n=    1  sample_idx=[None]
    investmentStage[1].representativePeriod[1]._logical_to_disjunctive._pyomo_gdp_bigm_reformulation.relaxedDisjuncts[343].localVarReferences.binary_indicator_var  n=    1  sample_idx=[None]
    investmentStage[1].representativePeriod[1]._logical_to_disjunctive._pyomo_gdp_bigm_reformulation.relaxedDisjuncts[344].localVarReferences.binary_indicator_var  n=    1  sample_idx=[None]
    investmentStage[1].representativePeriod[1]._logical_to_disjunctive._pyomo_gdp_bigm_reformulation.relaxedDisjuncts[345].localVarReferences.binary_indicator_var  n=    1  sample_idx=[None]
    investmentStage[1].representativePeriod[1]._logical_to_disjunctive._pyomo_gdp_bigm_reformulation.relaxedDisjuncts[346].localVarReferences.binary_indicator_var  n=    1  sample_idx=[None]
    investmentStage[1].representativePeriod[1]._logical_to_disjunctive._pyomo_gdp_bigm_reformulation.relaxedDisjuncts[347].localVarReferences.binary_indicator_var  n=    1  sample_idx=[None]
    investmentStage[1].representativePeriod[1]._logical_to_disjunctive._pyomo_gdp_bigm_reformulation.relaxedDisjuncts[348].localVarReferences.binary_indicator_var  n=    1  sample_idx=[None]
    investmentStage[1].representativePeriod[1]._logical_to_disjunctive._pyomo_gdp_bigm_reformulation.relaxedDisjuncts[349].localVarReferences.binary_indicator_var  n=    1  sample_idx=[None]
    investmentStage[1].representativePeriod[1]._logical_to_disjunctive._pyomo_gdp_bigm_reformulation.relaxedDisjuncts[350].localVarReferences.binary_indicator_var  n=    1  sample_idx=[None]
    investmentStage[1].representativePeriod[1]._logical_to_disjunctive._pyomo_gdp_bigm_reformulation.relaxedDisjuncts[351].localVarReferences.binary_indicator_var  n=    1  sample_idx=[None]
    investmentStage[1].representativePeriod[1]._logical_to_disjunctive._pyomo_gdp_bigm_reformulation.relaxedDisjuncts[352].localVarReferences.binary_indicator_var  n=    1  sample_idx=[None]
    investmentStage[1].representativePeriod[1]._logical_to_disjunctive._pyomo_gdp_bigm_reformulation.relaxedDisjuncts[353].localVarReferences.binary_indicator_var  n=    1  sample_idx=[None]
    investmentStage[1].representativePeriod[1]._logical_to_disjunctive._pyomo_gdp_bigm_reformulation.relaxedDisjuncts[354].localVarReferences.binary_indicator_var  n=    1  sample_idx=[None]
    investmentStage[1].representativePeriod[1]._logical_to_disjunctive._pyomo_gdp_bigm_reformulation.relaxedDisjuncts[355].localVarReferences.binary_indicator_var  n=    1  sample_idx=[None]
    investmentStage[1].representativePeriod[1]._logical_to_disjunctive._pyomo_gdp_bigm_reformulation.relaxedDisjuncts[356].localVarReferences.binary_indicator_var  n=    1  sample_idx=[None]
    investmentStage[1].representativePeriod[1]._logical_to_disjunctive._pyomo_gdp_bigm_reformulation.relaxedDisjuncts[357].localVarReferences.binary_indicator_var  n=    1  sample_idx=[None]
    investmentStage[1].representativePeriod[1]._logical_to_disjunctive._pyomo_gdp_bigm_reformulation.relaxedDisjuncts[358].localVarReferences.binary_indicator_var  n=    1  sample_idx=[None]
    investmentStage[1].representativePeriod[1]._logical_to_disjunctive._pyomo_gdp_bigm_reformulation.relaxedDisjuncts[359].localVarReferences.binary_indicator_var  n=    1  sample_idx=[None]
    investmentStage[1].representativePeriod[1]._logical_to_disjunctive._pyomo_gdp_bigm_reformulation.relaxedDisjuncts[360].localVarReferences.binary_indicator_var  n=    1  sample_idx=[None]
    investmentStage[1].representativePeriod[1]._logical_to_disjunctive._pyomo_gdp_bigm_reformulation.relaxedDisjuncts[361].localVarReferences.binary_indicator_var  n=    1  sample_idx=[None]
    investmentStage[1].representativePeriod[1]._logical_to_disjunctive._pyomo_gdp_bigm_reformulation.relaxedDisjuncts[362].localVarReferences.binary_indicator_var  n=    1  sample_idx=[None]
    investmentStage[1].representativePeriod[1]._logical_to_disjunctive._pyomo_gdp_bigm_reformulation.relaxedDisjuncts[363].localVarReferences.binary_indicator_var  n=    1  sample_idx=[None]
    investmentStage[1].representativePeriod[1]._logical_to_disjunctive._pyomo_gdp_bigm_reformulation.relaxedDisjuncts[364].localVarReferences.binary_indicator_var  n=    1  sample_idx=[None]
    investmentStage[1].representativePeriod[1]._logical_to_disjunctive._pyomo_gdp_bigm_reformulation.relaxedDisjuncts[365].localVarReferences.binary_indicator_var  n=    1  sample_idx=[None]
    investmentStage[1].representativePeriod[1]._logical_to_disjunctive._pyomo_gdp_bigm_reformulation.relaxedDisjuncts[366].localVarReferences.binary_indicator_var  n=    1  sample_idx=[None]
    investmentStage[1].representativePeriod[1]._logical_to_disjunctive._pyomo_gdp_bigm_reformulation.relaxedDisjuncts[367].localVarReferences.binary_indicator_var  n=    1  sample_idx=[None]
    investmentStage[1].representativePeriod[1]._logical_to_disjunctive._pyomo_gdp_bigm_reformulation.relaxedDisjuncts[368].localVarReferences.binary_indicator_var  n=    1  sample_idx=[None]
    investmentStage[1].representativePeriod[1]._logical_to_disjunctive._pyomo_gdp_bigm_reformulation.relaxedDisjuncts[369].localVarReferences.binary_indicator_var  n=    1  sample_idx=[None]
    investmentStage[1].representativePeriod[1]._logical_to_disjunctive._pyomo_gdp_bigm_reformulation.relaxedDisjuncts[370].localVarReferences.binary_indicator_var  n=    1  sample_idx=[None]
    investmentStage[1].representativePeriod[1]._logical_to_disjunctive._pyomo_gdp_bigm_reformulation.relaxedDisjuncts[371].localVarReferences.binary_indicator_var  n=    1  sample_idx=[None]
    investmentStage[1].representativePeriod[1]._logical_to_disjunctive._pyomo_gdp_bigm_reformulation.relaxedDisjuncts[372].localVarReferences.binary_indicator_var  n=    1  sample_idx=[None]
    investmentStage[1].representativePeriod[1]._logical_to_disjunctive._pyomo_gdp_bigm_reformulation.relaxedDisjuncts[373].localVarReferences.binary_indicator_var  n=    1  sample_idx=[None]
    investmentStage[1].representativePeriod[1]._logical_to_disjunctive._pyomo_gdp_bigm_reformulation.relaxedDisjuncts[374].localVarReferences.binary_indicator_var  n=    1  sample_idx=[None]
    investmentStage[1].representativePeriod[1]._logical_to_disjunctive._pyomo_gdp_bigm_reformulation.relaxedDisjuncts[375].localVarReferences.binary_indicator_var  n=    1  sample_idx=[None]
    investmentStage[1].representativePeriod[1]._logical_to_disjunctive._pyomo_gdp_bigm_reformulation.relaxedDisjuncts[376].localVarReferences.binary_indicator_var  n=    1  sample_idx=[None]
    investmentStage[1].representativePeriod[1]._logical_to_disjunctive._pyomo_gdp_bigm_reformulation.relaxedDisjuncts[377].localVarReferences.binary_indicator_var  n=    1  sample_idx=[None]
    investmentStage[1].representativePeriod[1]._logical_to_disjunctive._pyomo_gdp_bigm_reformulation.relaxedDisjuncts[378].localVarReferences.binary_indicator_var  n=    1  sample_idx=[None]
    investmentStage[1].representativePeriod[1]._logical_to_disjunctive._pyomo_gdp_bigm_reformulation.relaxedDisjuncts[379].localVarReferences.binary_indicator_var  n=    1  sample_idx=[None]
    investmentStage[1].representativePeriod[1]._logical_to_disjunctive._pyomo_gdp_bigm_reformulation.relaxedDisjuncts[380].localVarReferences.binary_indicator_var  n=    1  sample_idx=[None]
    investmentStage[1].representativePeriod[1]._logical_to_disjunctive._pyomo_gdp_bigm_reformulation.relaxedDisjuncts[381].localVarReferences.binary_indicator_var  n=    1  sample_idx=[None]
    investmentStage[1].representativePeriod[1]._logical_to_disjunctive._pyomo_gdp_bigm_reformulation.relaxedDisjuncts[382].localVarReferences.binary_indicator_var  n=    1  sample_idx=[None]
    investmentStage[1].representativePeriod[1]._logical_to_disjunctive._pyomo_gdp_bigm_reformulation.relaxedDisjuncts[383].localVarReferences.binary_indicator_var  n=    1  sample_idx=[None]
    investmentStage[1].representativePeriod[1]._logical_to_disjunctive._pyomo_gdp_bigm_reformulation.relaxedDisjuncts[384].localVarReferences.binary_indicator_var  n=    1  sample_idx=[None]
    investmentStage[1].representativePeriod[1]._logical_to_disjunctive._pyomo_gdp_bigm_reformulation.relaxedDisjuncts[385].localVarReferences.binary_indicator_var  n=    1  sample_idx=[None]
    investmentStage[1].representativePeriod[1]._logical_to_disjunctive._pyomo_gdp_bigm_reformulation.relaxedDisjuncts[386].localVarReferences.binary_indicator_var  n=    1  sample_idx=[None]
    investmentStage[1].representativePeriod[1]._logical_to_disjunctive._pyomo_gdp_bigm_reformulation.relaxedDisjuncts[387].localVarReferences.binary_indicator_var  n=    1  sample_idx=[None]
    investmentStage[1].representativePeriod[1]._logical_to_disjunctive._pyomo_gdp_bigm_reformulation.relaxedDisjuncts[388].localVarReferences.binary_indicator_var  n=    1  sample_idx=[None]
    investmentStage[1].representativePeriod[1]._logical_to_disjunctive._pyomo_gdp_bigm_reformulation.relaxedDisjuncts[389].localVarReferences.binary_indicator_var  n=    1  sample_idx=[None]
    investmentStage[1].representativePeriod[1]._logical_to_disjunctive._pyomo_gdp_bigm_reformulation.relaxedDisjuncts[390].localVarReferences.binary_indicator_var  n=    1  sample_idx=[None]
    investmentStage[1].representativePeriod[1]._logical_to_disjunctive._pyomo_gdp_bigm_reformulation.relaxedDisjuncts[391].localVarReferences.binary_indicator_var  n=    1  sample_idx=[None]
    investmentStage[1].representativePeriod[1]._logical_to_disjunctive._pyomo_gdp_bigm_reformulation.relaxedDisjuncts[392].localVarReferences.binary_indicator_var  n=    1  sample_idx=[None]
    investmentStage[1].representativePeriod[1]._logical_to_disjunctive._pyomo_gdp_bigm_reformulation.relaxedDisjuncts[393].localVarReferences.binary_indicator_var  n=    1  sample_idx=[None]
    investmentStage[1].representativePeriod[1]._logical_to_disjunctive._pyomo_gdp_bigm_reformulation.relaxedDisjuncts[394].localVarReferences.binary_indicator_var  n=    1  sample_idx=[None]
    investmentStage[1].representativePeriod[1]._logical_to_disjunctive._pyomo_gdp_bigm_reformulation.relaxedDisjuncts[395].localVarReferences.binary_indicator_var  n=    1  sample_idx=[None]
    investmentStage[1]._pyomo_gdp_bigm_reformulation.relaxedDisjuncts[0].localVarReferences.binary_indicator_var  n=    1  sample_idx=[None]
    investmentStage[1]._pyomo_gdp_bigm_reformulation.relaxedDisjuncts[1].localVarReferences.binary_indicator_var  n=    1  sample_idx=[None]
    investmentStage[1]._pyomo_gdp_bigm_reformulation.relaxedDisjuncts[2].localVarReferences.binary_indicator_var  n=    1  sample_idx=[None]
    investmentStage[1]._pyomo_gdp_bigm_reformulation.relaxedDisjuncts[3].localVarReferences.binary_indicator_var  n=    1  sample_idx=[None]
    investmentStage[1]._pyomo_gdp_bigm_reformulation.relaxedDisjuncts[4].localVarReferences.binary_indicator_var  n=    1  sample_idx=[None]
    investmentStage[1]._pyomo_gdp_bigm_reformulation.relaxedDisjuncts[5].localVarReferences.binary_indicator_var  n=    1  sample_idx=[None]
    investmentStage[1]._pyomo_gdp_bigm_reformulation.relaxedDisjuncts[6].localVarReferences.binary_indicator_var  n=    1  sample_idx=[None]
    investmentStage[1]._pyomo_gdp_bigm_reformulation.relaxedDisjuncts[7].localVarReferences.binary_indicator_var  n=    1  sample_idx=[None]
    investmentStage[1]._pyomo_gdp_bigm_reformulation.relaxedDisjuncts[8].localVarReferences.binary_indicator_var  n=    1  sample_idx=[None]
    investmentStage[1]._pyomo_gdp_bigm_reformulation.relaxedDisjuncts[9].localVarReferences.binary_indicator_var  n=    1  sample_idx=[None]
    investmentStage[1]._pyomo_gdp_bigm_reformulation.relaxedDisjuncts[10].localVarReferences.binary_indicator_var  n=    1  sample_idx=[None]
    investmentStage[1]._pyomo_gdp_bigm_reformulation.relaxedDisjuncts[11].localVarReferences.binary_indicator_var  n=    1  sample_idx=[None]
    investmentStage[1]._pyomo_gdp_bigm_reformulation.relaxedDisjuncts[12].localVarReferences.binary_indicator_var  n=    1  sample_idx=[None]
    investmentStage[1]._pyomo_gdp_bigm_reformulation.relaxedDisjuncts[13].localVarReferences.binary_indicator_var  n=    1  sample_idx=[None]
    investmentStage[1]._pyomo_gdp_bigm_reformulation.relaxedDisjuncts[14].localVarReferences.binary_indicator_var  n=    1  sample_idx=[None]
    investmentStage[1]._pyomo_gdp_bigm_reformulation.relaxedDisjuncts[15].localVarReferences.binary_indicator_var  n=    1  sample_idx=[None]
    investmentStage[1]._pyomo_gdp_bigm_reformulation.relaxedDisjuncts[16].localVarReferences.binary_indicator_var  n=    1  sample_idx=[None]
    investmentStage[1]._pyomo_gdp_bigm_reformulation.relaxedDisjuncts[17].localVarReferences.binary_indicator_var  n=    1  sample_idx=[None]
    investmentStage[1]._pyomo_gdp_bigm_reformulation.relaxedDisjuncts[18].localVarReferences.binary_indicator_var  n=    1  sample_idx=[None]
    investmentStage[1]._pyomo_gdp_bigm_reformulation.relaxedDisjuncts[19].localVarReferences.binary_indicator_var  n=    1  sample_idx=[None]
    investmentStage[1]._pyomo_gdp_bigm_reformulation.relaxedDisjuncts[20].localVarReferences.binary_indicator_var  n=    1  sample_idx=[None]
    investmentStage[1]._pyomo_gdp_bigm_reformulation.relaxedDisjuncts[21].localVarReferences.binary_indicator_var  n=    1  sample_idx=[None]
    investmentStage[1]._pyomo_gdp_bigm_reformulation.relaxedDisjuncts[22].localVarReferences.binary_indicator_var  n=    1  sample_idx=[None]
    investmentStage[1]._pyomo_gdp_bigm_reformulation.relaxedDisjuncts[23].localVarReferences.binary_indicator_var  n=    1  sample_idx=[None]
    investmentStage[1]._pyomo_gdp_bigm_reformulation.relaxedDisjuncts[24].localVarReferences.binary_indicator_var  n=    1  sample_idx=[None]
    investmentStage[1]._pyomo_gdp_bigm_reformulation.relaxedDisjuncts[25].localVarReferences.binary_indicator_var  n=    1  sample_idx=[None]
    investmentStage[1]._pyomo_gdp_bigm_reformulation.relaxedDisjuncts[26].localVarReferences.binary_indicator_var  n=    1  sample_idx=[None]
    investmentStage[1]._pyomo_gdp_bigm_reformulation.relaxedDisjuncts[27].localVarReferences.binary_indicator_var  n=    1  sample_idx=[None]
    investmentStage[1]._pyomo_gdp_bigm_reformulation.relaxedDisjuncts[28].localVarReferences.binary_indicator_var  n=    1  sample_idx=[None]
    investmentStage[1]._pyomo_gdp_bigm_reformulation.relaxedDisjuncts[29].localVarReferences.binary_indicator_var  n=    1  sample_idx=[None]
    investmentStage[1]._pyomo_gdp_bigm_reformulation.relaxedDisjuncts[30].localVarReferences.binary_indicator_var  n=    1  sample_idx=[None]
    investmentStage[1]._pyomo_gdp_bigm_reformulation.relaxedDisjuncts[31].localVarReferences.binary_indicator_var  n=    1  sample_idx=[None]
    investmentStage[1]._pyomo_gdp_bigm_reformulation.relaxedDisjuncts[32].localVarReferences.binary_indicator_var  n=    1  sample_idx=[None]
    investmentStage[1]._pyomo_gdp_bigm_reformulation.relaxedDisjuncts[33].localVarReferences.binary_indicator_var  n=    1  sample_idx=[None]
    investmentStage[1]._pyomo_gdp_bigm_reformulation.relaxedDisjuncts[34].localVarReferences.binary_indicator_var  n=    1  sample_idx=[None]
    investmentStage[1]._pyomo_gdp_bigm_reformulation.relaxedDisjuncts[35].localVarReferences.binary_indicator_var  n=    1  sample_idx=[None]
    investmentStage[1]._pyomo_gdp_bigm_reformulation.relaxedDisjuncts[36].localVarReferences.binary_indicator_var  n=    1  sample_idx=[None]
    investmentStage[1]._pyomo_gdp_bigm_reformulation.relaxedDisjuncts[37].localVarReferences.binary_indicator_var  n=    1  sample_idx=[None]
    investmentStage[1]._pyomo_gdp_bigm_reformulation.relaxedDisjuncts[38].localVarReferences.binary_indicator_var  n=    1  sample_idx=[None]
    investmentStage[1]._pyomo_gdp_bigm_reformulation.relaxedDisjuncts[39].localVarReferences.binary_indicator_var  n=    1  sample_idx=[None]
    investmentStage[1]._pyomo_gdp_bigm_reformulation.relaxedDisjuncts[40].localVarReferences.binary_indicator_var  n=    1  sample_idx=[None]
    investmentStage[1]._pyomo_gdp_bigm_reformulation.relaxedDisjuncts[41].localVarReferences.binary_indicator_var  n=    1  sample_idx=[None]
    investmentStage[1]._pyomo_gdp_bigm_reformulation.relaxedDisjuncts[42].localVarReferences.binary_indicator_var  n=    1  sample_idx=[None]
    investmentStage[1]._pyomo_gdp_bigm_reformulation.relaxedDisjuncts[43].localVarReferences.binary_indicator_var  n=    1  sample_idx=[None]
    investmentStage[1]._pyomo_gdp_bigm_reformulation.relaxedDisjuncts[44].localVarReferences.binary_indicator_var  n=    1  sample_idx=[None]
    investmentStage[1]._pyomo_gdp_bigm_reformulation.relaxedDisjuncts[45].localVarReferences.binary_indicator_var  n=    1  sample_idx=[None]
    investmentStage[1]._pyomo_gdp_bigm_reformulation.relaxedDisjuncts[46].localVarReferences.binary_indicator_var  n=    1  sample_idx=[None]
    investmentStage[1]._pyomo_gdp_bigm_reformulation.relaxedDisjuncts[47].localVarReferences.binary_indicator_var  n=    1  sample_idx=[None]
    investmentStage[1]._pyomo_gdp_bigm_reformulation.relaxedDisjuncts[48].localVarReferences.binary_indicator_var  n=    1  sample_idx=[None]
    investmentStage[1]._pyomo_gdp_bigm_reformulation.relaxedDisjuncts[49].localVarReferences.binary_indicator_var  n=    1  sample_idx=[None]
    investmentStage[1]._pyomo_gdp_bigm_reformulation.relaxedDisjuncts[50].localVarReferences.binary_indicator_var  n=    1  sample_idx=[None]
    investmentStage[1]._pyomo_gdp_bigm_reformulation.relaxedDisjuncts[51].localVarReferences.binary_indicator_var  n=    1  sample_idx=[None]
    investmentStage[1]._pyomo_gdp_bigm_reformulation.relaxedDisjuncts[52].localVarReferences.binary_indicator_var  n=    1  sample_idx=[None]
    investmentStage[1]._pyomo_gdp_bigm_reformulation.relaxedDisjuncts[53].localVarReferences.binary_indicator_var  n=    1  sample_idx=[None]
    investmentStage[1]._pyomo_gdp_bigm_reformulation.relaxedDisjuncts[54].localVarReferences.binary_indicator_var  n=    1  sample_idx=[None]
    investmentStage[1]._pyomo_gdp_bigm_reformulation.relaxedDisjuncts[55].localVarReferences.binary_indicator_var  n=    1  sample_idx=[None]
    investmentStage[1]._pyomo_gdp_bigm_reformulation.relaxedDisjuncts[56].localVarReferences.binary_indicator_var  n=    1  sample_idx=[None]
    investmentStage[1]._pyomo_gdp_bigm_reformulation.relaxedDisjuncts[57].localVarReferences.binary_indicator_var  n=    1  sample_idx=[None]
    investmentStage[1]._pyomo_gdp_bigm_reformulation.relaxedDisjuncts[58].localVarReferences.binary_indicator_var  n=    1  sample_idx=[None]
    investmentStage[1]._pyomo_gdp_bigm_reformulation.relaxedDisjuncts[59].localVarReferences.binary_indicator_var  n=    1  sample_idx=[None]
    investmentStage[1]._pyomo_gdp_bigm_reformulation.relaxedDisjuncts[60].localVarReferences.binary_indicator_var  n=    1  sample_idx=[None]
    investmentStage[1]._pyomo_gdp_bigm_reformulation.relaxedDisjuncts[61].localVarReferences.binary_indicator_var  n=    1  sample_idx=[None]
    investmentStage[1]._pyomo_gdp_bigm_reformulation.relaxedDisjuncts[62].localVarReferences.binary_indicator_var  n=    1  sample_idx=[None]
    investmentStage[1]._pyomo_gdp_bigm_reformulation.relaxedDisjuncts[63].localVarReferences.binary_indicator_var  n=    1  sample_idx=[None]
    investmentStage[1]._pyomo_gdp_bigm_reformulation.relaxedDisjuncts[64].localVarReferences.binary_indicator_var  n=    1  sample_idx=[None]
    investmentStage[1]._pyomo_gdp_bigm_reformulation.relaxedDisjuncts[65].localVarReferences.binary_indicator_var  n=    1  sample_idx=[None]
    investmentStage[1]._pyomo_gdp_bigm_reformulation.relaxedDisjuncts[66].localVarReferences.binary_indicator_var  n=    1  sample_idx=[None]
    investmentStage[1]._pyomo_gdp_bigm_reformulation.relaxedDisjuncts[67].localVarReferences.binary_indicator_var  n=    1  sample_idx=[None]
    investmentStage[1]._pyomo_gdp_bigm_reformulation.relaxedDisjuncts[68].localVarReferences.binary_indicator_var  n=    1  sample_idx=[None]
    investmentStage[1]._pyomo_gdp_bigm_reformulation.relaxedDisjuncts[69].localVarReferences.binary_indicator_var  n=    1  sample_idx=[None]
    investmentStage[1]._pyomo_gdp_bigm_reformulation.relaxedDisjuncts[70].localVarReferences.binary_indicator_var  n=    1  sample_idx=[None]
    investmentStage[1]._pyomo_gdp_bigm_reformulation.relaxedDisjuncts[71].localVarReferences.binary_indicator_var  n=    1  sample_idx=[None]
    investmentStage[1]._pyomo_gdp_bigm_reformulation.relaxedDisjuncts[72].localVarReferences.binary_indicator_var  n=    1  sample_idx=[None]
    investmentStage[1]._pyomo_gdp_bigm_reformulation.relaxedDisjuncts[73].localVarReferences.binary_indicator_var  n=    1  sample_idx=[None]
    investmentStage[1]._pyomo_gdp_bigm_reformulation.relaxedDisjuncts[74].localVarReferences.binary_indicator_var  n=    1  sample_idx=[None]
    investmentStage[1]._pyomo_gdp_bigm_reformulation.relaxedDisjuncts[75].localVarReferences.binary_indicator_var  n=    1  sample_idx=[None]
    investmentStage[1]._pyomo_gdp_bigm_reformulation.relaxedDisjuncts[76].localVarReferences.binary_indicator_var  n=    1  sample_idx=[None]
    investmentStage[1]._pyomo_gdp_bigm_reformulation.relaxedDisjuncts[77].localVarReferences.binary_indicator_var  n=    1  sample_idx=[None]
    investmentStage[1]._pyomo_gdp_bigm_reformulation.relaxedDisjuncts[78].localVarReferences.binary_indicator_var  n=    1  sample_idx=[None]
    investmentStage[1]._pyomo_gdp_bigm_reformulation.relaxedDisjuncts[79].localVarReferences.binary_indicator_var  n=    1  sample_idx=[None]
    investmentStage[1]._pyomo_gdp_bigm_reformulation.relaxedDisjuncts[80].localVarReferences.binary_indicator_var  n=    1  sample_idx=[None]
    investmentStage[1]._pyomo_gdp_bigm_reformulation.relaxedDisjuncts[81].localVarReferences.binary_indicator_var  n=    1  sample_idx=[None]
    investmentStage[1]._pyomo_gdp_bigm_reformulation.relaxedDisjuncts[82].localVarReferences.binary_indicator_var  n=    1  sample_idx=[None]
    investmentStage[1]._pyomo_gdp_bigm_reformulation.relaxedDisjuncts[83].localVarReferences.binary_indicator_var  n=    1  sample_idx=[None]
    investmentStage[1]._pyomo_gdp_bigm_reformulation.relaxedDisjuncts[84].localVarReferences.binary_indicator_var  n=    1  sample_idx=[None]
    investmentStage[1]._pyomo_gdp_bigm_reformulation.relaxedDisjuncts[85].localVarReferences.binary_indicator_var  n=    1  sample_idx=[None]
    investmentStage[1]._pyomo_gdp_bigm_reformulation.relaxedDisjuncts[86].localVarReferences.binary_indicator_var  n=    1  sample_idx=[None]
    investmentStage[1]._pyomo_gdp_bigm_reformulation.relaxedDisjuncts[87].localVarReferences.binary_indicator_var  n=    1  sample_idx=[None]
    investmentStage[1]._pyomo_gdp_bigm_reformulation.relaxedDisjuncts[88].localVarReferences.binary_indicator_var  n=    1  sample_idx=[None]
    investmentStage[1]._pyomo_gdp_bigm_reformulation.relaxedDisjuncts[89].localVarReferences.binary_indicator_var  n=    1  sample_idx=[None]
    investmentStage[1]._pyomo_gdp_bigm_reformulation.relaxedDisjuncts[90].localVarReferences.binary_indicator_var  n=    1  sample_idx=[None]
    investmentStage[1]._pyomo_gdp_bigm_reformulation.relaxedDisjuncts[91].localVarReferences.binary_indicator_var  n=    1  sample_idx=[None]
    investmentStage[1]._pyomo_gdp_bigm_reformulation.relaxedDisjuncts[92].localVarReferences.binary_indicator_var  n=    1  sample_idx=[None]
    investmentStage[1]._pyomo_gdp_bigm_reformulation.relaxedDisjuncts[93].localVarReferences.binary_indicator_var  n=    1  sample_idx=[None]
    investmentStage[1]._pyomo_gdp_bigm_reformulation.relaxedDisjuncts[94].localVarReferences.binary_indicator_var  n=    1  sample_idx=[None]
    investmentStage[1]._pyomo_gdp_bigm_reformulation.relaxedDisjuncts[95].localVarReferences.binary_indicator_var  n=    1  sample_idx=[None]
    investmentStage[1]._pyomo_gdp_bigm_reformulation.relaxedDisjuncts[96].localVarReferences.binary_indicator_var  n=    1  sample_idx=[None]
    investmentStage[1]._pyomo_gdp_bigm_reformulation.relaxedDisjuncts[97].localVarReferences.binary_indicator_var  n=    1  sample_idx=[None]
    investmentStage[1]._pyomo_gdp_bigm_reformulation.relaxedDisjuncts[98].localVarReferences.binary_indicator_var  n=    1  sample_idx=[None]
    investmentStage[1]._pyomo_gdp_bigm_reformulation.relaxedDisjuncts[99].localVarReferences.binary_indicator_var  n=    1  sample_idx=[None]
    investmentStage[1]._pyomo_gdp_bigm_reformulation.relaxedDisjuncts[100].localVarReferences.binary_indicator_var  n=    1  sample_idx=[None]
    investmentStage[1]._pyomo_gdp_bigm_reformulation.relaxedDisjuncts[101].localVarReferences.binary_indicator_var  n=    1  sample_idx=[None]
    investmentStage[1]._pyomo_gdp_bigm_reformulation.relaxedDisjuncts[102].localVarReferences.binary_indicator_var  n=    1  sample_idx=[None]
    investmentStage[1]._pyomo_gdp_bigm_reformulation.relaxedDisjuncts[103].localVarReferences.binary_indicator_var  n=    1  sample_idx=[None]
    investmentStage[1]._pyomo_gdp_bigm_reformulation.relaxedDisjuncts[104].localVarReferences.binary_indicator_var  n=    1  sample_idx=[None]
    investmentStage[1]._pyomo_gdp_bigm_reformulation.relaxedDisjuncts[105].localVarReferences.binary_indicator_var  n=    1  sample_idx=[None]
    investmentStage[1]._pyomo_gdp_bigm_reformulation.relaxedDisjuncts[106].localVarReferences.binary_indicator_var  n=    1  sample_idx=[None]
    investmentStage[1]._pyomo_gdp_bigm_reformulation.relaxedDisjuncts[107].localVarReferences.binary_indicator_var  n=    1  sample_idx=[None]
    investmentStage[1]._pyomo_gdp_bigm_reformulation.relaxedDisjuncts[108].localVarReferences.binary_indicator_var  n=    1  sample_idx=[None]
    investmentStage[1]._pyomo_gdp_bigm_reformulation.relaxedDisjuncts[109].localVarReferences.binary_indicator_var  n=    1  sample_idx=[None]
    investmentStage[1]._pyomo_gdp_bigm_reformulation.relaxedDisjuncts[110].localVarReferences.binary_indicator_var  n=    1  sample_idx=[None]
    investmentStage[1]._pyomo_gdp_bigm_reformulation.relaxedDisjuncts[111].localVarReferences.binary_indicator_var  n=    1  sample_idx=[None]
    investmentStage[1]._pyomo_gdp_bigm_reformulation.relaxedDisjuncts[112].localVarReferences.binary_indicator_var  n=    1  sample_idx=[None]
    investmentStage[1]._pyomo_gdp_bigm_reformulation.relaxedDisjuncts[113].localVarReferences.binary_indicator_var  n=    1  sample_idx=[None]
    investmentStage[1]._pyomo_gdp_bigm_reformulation.relaxedDisjuncts[114].localVarReferences.binary_indicator_var  n=    1  sample_idx=[None]
    investmentStage[1]._pyomo_gdp_bigm_reformulation.relaxedDisjuncts[115].localVarReferences.binary_indicator_var  n=    1  sample_idx=[None]
    investmentStage[1]._pyomo_gdp_bigm_reformulation.relaxedDisjuncts[116].localVarReferences.binary_indicator_var  n=    1  sample_idx=[None]
    investmentStage[1]._pyomo_gdp_bigm_reformulation.relaxedDisjuncts[117].localVarReferences.binary_indicator_var  n=    1  sample_idx=[None]
    investmentStage[1]._pyomo_gdp_bigm_reformulation.relaxedDisjuncts[118].localVarReferences.binary_indicator_var  n=    1  sample_idx=[None]
    investmentStage[1]._pyomo_gdp_bigm_reformulation.relaxedDisjuncts[119].localVarReferences.binary_indicator_var  n=    1  sample_idx=[None]
    investmentStage[1]._pyomo_gdp_bigm_reformulation.relaxedDisjuncts[120].localVarReferences.binary_indicator_var  n=    1  sample_idx=[None]
    investmentStage[1]._pyomo_gdp_bigm_reformulation.relaxedDisjuncts[121].localVarReferences.binary_indicator_var  n=    1  sample_idx=[None]
    investmentStage[1]._pyomo_gdp_bigm_reformulation.relaxedDisjuncts[122].localVarReferences.binary_indicator_var  n=    1  sample_idx=[None]
    investmentStage[1]._pyomo_gdp_bigm_reformulation.relaxedDisjuncts[123].localVarReferences.binary_indicator_var  n=    1  sample_idx=[None]
    investmentStage[1]._pyomo_gdp_bigm_reformulation.relaxedDisjuncts[124].localVarReferences.binary_indicator_var  n=    1  sample_idx=[None]
    investmentStage[1]._pyomo_gdp_bigm_reformulation.relaxedDisjuncts[125].localVarReferences.binary_indicator_var  n=    1  sample_idx=[None]
    investmentStage[1]._pyomo_gdp_bigm_reformulation.relaxedDisjuncts[126].localVarReferences.binary_indicator_var  n=    1  sample_idx=[None]
    investmentStage[1]._pyomo_gdp_bigm_reformulation.relaxedDisjuncts[127].localVarReferences.binary_indicator_var  n=    1  sample_idx=[None]
    investmentStage[1]._pyomo_gdp_bigm_reformulation.relaxedDisjuncts[128].localVarReferences.binary_indicator_var  n=    1  sample_idx=[None]
    investmentStage[1]._pyomo_gdp_bigm_reformulation.relaxedDisjuncts[129].localVarReferences.binary_indicator_var  n=    1  sample_idx=[None]
    investmentStage[1]._pyomo_gdp_bigm_reformulation.relaxedDisjuncts[130].localVarReferences.binary_indicator_var  n=    1  sample_idx=[None]
    investmentStage[1]._pyomo_gdp_bigm_reformulation.relaxedDisjuncts[131].localVarReferences.binary_indicator_var  n=    1  sample_idx=[None]
    investmentStage[1]._pyomo_gdp_bigm_reformulation.relaxedDisjuncts[132].localVarReferences.binary_indicator_var  n=    1  sample_idx=[None]
    investmentStage[1]._pyomo_gdp_bigm_reformulation.relaxedDisjuncts[133].localVarReferences.binary_indicator_var  n=    1  sample_idx=[None]
    investmentStage[1]._pyomo_gdp_bigm_reformulation.relaxedDisjuncts[134].localVarReferences.binary_indicator_var  n=    1  sample_idx=[None]
    investmentStage[1]._pyomo_gdp_bigm_reformulation.relaxedDisjuncts[135].localVarReferences.binary_indicator_var  n=    1  sample_idx=[None]
    investmentStage[1]._pyomo_gdp_bigm_reformulation.relaxedDisjuncts[136].localVarReferences.binary_indicator_var  n=    1  sample_idx=[None]
    investmentStage[1]._pyomo_gdp_bigm_reformulation.relaxedDisjuncts[137].localVarReferences.binary_indicator_var  n=    1  sample_idx=[None]
    investmentStage[1]._pyomo_gdp_bigm_reformulation.relaxedDisjuncts[138].localVarReferences.binary_indicator_var  n=    1  sample_idx=[None]
    investmentStage[1]._pyomo_gdp_bigm_reformulation.relaxedDisjuncts[139].localVarReferences.binary_indicator_var  n=    1  sample_idx=[None]
    investmentStage[1]._pyomo_gdp_bigm_reformulation.relaxedDisjuncts[140].localVarReferences.binary_indicator_var  n=    1  sample_idx=[None]
    investmentStage[1]._pyomo_gdp_bigm_reformulation.relaxedDisjuncts[141].localVarReferences.binary_indicator_var  n=    1  sample_idx=[None]
    investmentStage[1]._pyomo_gdp_bigm_reformulation.relaxedDisjuncts[142].localVarReferences.binary_indicator_var  n=    1  sample_idx=[None]
    investmentStage[1]._pyomo_gdp_bigm_reformulation.relaxedDisjuncts[143].localVarReferences.binary_indicator_var  n=    1  sample_idx=[None]
    investmentStage[1]._pyomo_gdp_bigm_reformulation.relaxedDisjuncts[144].localVarReferences.binary_indicator_var  n=    1  sample_idx=[None]
    investmentStage[1]._pyomo_gdp_bigm_reformulation.relaxedDisjuncts[145].localVarReferences.binary_indicator_var  n=    1  sample_idx=[None]
    investmentStage[1]._pyomo_gdp_bigm_reformulation.relaxedDisjuncts[146].localVarReferences.binary_indicator_var  n=    1  sample_idx=[None]
    investmentStage[1]._pyomo_gdp_bigm_reformulation.relaxedDisjuncts[147].localVarReferences.binary_indicator_var  n=    1  sample_idx=[None]
    investmentStage[1]._pyomo_gdp_bigm_reformulation.relaxedDisjuncts[148].localVarReferences.binary_indicator_var  n=    1  sample_idx=[None]
    investmentStage[1]._pyomo_gdp_bigm_reformulation.relaxedDisjuncts[149].localVarReferences.binary_indicator_var  n=    1  sample_idx=[None]
    investmentStage[1]._pyomo_gdp_bigm_reformulation.relaxedDisjuncts[150].localVarReferences.binary_indicator_var  n=    1  sample_idx=[None]
    investmentStage[1]._pyomo_gdp_bigm_reformulation.relaxedDisjuncts[151].localVarReferences.binary_indicator_var  n=    1  sample_idx=[None]
    investmentStage[1]._pyomo_gdp_bigm_reformulation.relaxedDisjuncts[152].localVarReferences.binary_indicator_var  n=    1  sample_idx=[None]
    investmentStage[1]._pyomo_gdp_bigm_reformulation.relaxedDisjuncts[153].localVarReferences.binary_indicator_var  n=    1  sample_idx=[None]
    investmentStage[1]._pyomo_gdp_bigm_reformulation.relaxedDisjuncts[154].localVarReferences.binary_indicator_var  n=    1  sample_idx=[None]
    investmentStage[1]._pyomo_gdp_bigm_reformulation.relaxedDisjuncts[155].localVarReferences.binary_indicator_var  n=    1  sample_idx=[None]
    investmentStage[1]._pyomo_gdp_bigm_reformulation.relaxedDisjuncts[156].localVarReferences.binary_indicator_var  n=    1  sample_idx=[None]
    investmentStage[1]._pyomo_gdp_bigm_reformulation.relaxedDisjuncts[157].localVarReferences.binary_indicator_var  n=    1  sample_idx=[None]
    investmentStage[1]._pyomo_gdp_bigm_reformulation.relaxedDisjuncts[158].localVarReferences.binary_indicator_var  n=    1  sample_idx=[None]
    investmentStage[1]._pyomo_gdp_bigm_reformulation.relaxedDisjuncts[159].localVarReferences.binary_indicator_var  n=    1  sample_idx=[None]
    investmentStage[1]._pyomo_gdp_bigm_reformulation.relaxedDisjuncts[160].localVarReferences.binary_indicator_var  n=    1  sample_idx=[None]
    investmentStage[1]._pyomo_gdp_bigm_reformulation.relaxedDisjuncts[161].localVarReferences.binary_indicator_var  n=    1  sample_idx=[None]
    investmentStage[1]._pyomo_gdp_bigm_reformulation.relaxedDisjuncts[162].localVarReferences.binary_indicator_var  n=    1  sample_idx=[None]
    investmentStage[1]._pyomo_gdp_bigm_reformulation.relaxedDisjuncts[163].localVarReferences.binary_indicator_var  n=    1  sample_idx=[None]
    investmentStage[1]._pyomo_gdp_bigm_reformulation.relaxedDisjuncts[164].localVarReferences.binary_indicator_var  n=    1  sample_idx=[None]
    investmentStage[1]._pyomo_gdp_bigm_reformulation.relaxedDisjuncts[165].localVarReferences.binary_indicator_var  n=    1  sample_idx=[None]
    investmentStage[1]._pyomo_gdp_bigm_reformulation.relaxedDisjuncts[166].localVarReferences.binary_indicator_var  n=    1  sample_idx=[None]
    investmentStage[1]._pyomo_gdp_bigm_reformulation.relaxedDisjuncts[167].localVarReferences.binary_indicator_var  n=    1  sample_idx=[None]
    investmentStage[1]._pyomo_gdp_bigm_reformulation.relaxedDisjuncts[168].localVarReferences.binary_indicator_var  n=    1  sample_idx=[None]
    investmentStage[1]._pyomo_gdp_bigm_reformulation.relaxedDisjuncts[169].localVarReferences.binary_indicator_var  n=    1  sample_idx=[None]
    investmentStage[1]._pyomo_gdp_bigm_reformulation.relaxedDisjuncts[170].localVarReferences.binary_indicator_var  n=    1  sample_idx=[None]
    investmentStage[1]._pyomo_gdp_bigm_reformulation.relaxedDisjuncts[171].localVarReferences.binary_indicator_var  n=    1  sample_idx=[None]
    investmentStage[1]._pyomo_gdp_bigm_reformulation.relaxedDisjuncts[172].localVarReferences.binary_indicator_var  n=    1  sample_idx=[None]
    investmentStage[1]._pyomo_gdp_bigm_reformulation.relaxedDisjuncts[173].localVarReferences.binary_indicator_var  n=    1  sample_idx=[None]
    investmentStage[1]._pyomo_gdp_bigm_reformulation.relaxedDisjuncts[174].localVarReferences.binary_indicator_var  n=    1  sample_idx=[None]
    investmentStage[1]._pyomo_gdp_bigm_reformulation.relaxedDisjuncts[175].localVarReferences.binary_indicator_var  n=    1  sample_idx=[None]
    investmentStage[1]._pyomo_gdp_bigm_reformulation.relaxedDisjuncts[176].localVarReferences.binary_indicator_var  n=    1  sample_idx=[None]
    investmentStage[1]._pyomo_gdp_bigm_reformulation.relaxedDisjuncts[177].localVarReferences.binary_indicator_var  n=    1  sample_idx=[None]
    investmentStage[1]._pyomo_gdp_bigm_reformulation.relaxedDisjuncts[178].localVarReferences.binary_indicator_var  n=    1  sample_idx=[None]
    investmentStage[1]._pyomo_gdp_bigm_reformulation.relaxedDisjuncts[179].localVarReferences.binary_indicator_var  n=    1  sample_idx=[None]
    investmentStage[1]._pyomo_gdp_bigm_reformulation.relaxedDisjuncts[180].localVarReferences.binary_indicator_var  n=    1  sample_idx=[None]
    investmentStage[1]._pyomo_gdp_bigm_reformulation.relaxedDisjuncts[181].localVarReferences.binary_indicator_var  n=    1  sample_idx=[None]
    investmentStage[1]._pyomo_gdp_bigm_reformulation.relaxedDisjuncts[182].localVarReferences.binary_indicator_var  n=    1  sample_idx=[None]
    investmentStage[1]._pyomo_gdp_bigm_reformulation.relaxedDisjuncts[183].localVarReferences.binary_indicator_var  n=    1  sample_idx=[None]
    investmentStage[1]._pyomo_gdp_bigm_reformulation.relaxedDisjuncts[184].localVarReferences.binary_indicator_var  n=    1  sample_idx=[None]
    investmentStage[1]._pyomo_gdp_bigm_reformulation.relaxedDisjuncts[185].localVarReferences.binary_indicator_var  n=    1  sample_idx=[None]
    investmentStage[1]._pyomo_gdp_bigm_reformulation.relaxedDisjuncts[186].localVarReferences.binary_indicator_var  n=    1  sample_idx=[None]
    investmentStage[1]._pyomo_gdp_bigm_reformulation.relaxedDisjuncts[187].localVarReferences.binary_indicator_var  n=    1  sample_idx=[None]
    investmentStage[1]._pyomo_gdp_bigm_reformulation.relaxedDisjuncts[188].localVarReferences.binary_indicator_var  n=    1  sample_idx=[None]
    investmentStage[1]._pyomo_gdp_bigm_reformulation.relaxedDisjuncts[189].localVarReferences.binary_indicator_var  n=    1  sample_idx=[None]
    investmentStage[1]._pyomo_gdp_bigm_reformulation.relaxedDisjuncts[190].localVarReferences.binary_indicator_var  n=    1  sample_idx=[None]
    investmentStage[1]._pyomo_gdp_bigm_reformulation.relaxedDisjuncts[191].localVarReferences.binary_indicator_var  n=    1  sample_idx=[None]
    investmentStage[1]._pyomo_gdp_bigm_reformulation.relaxedDisjuncts[192].localVarReferences.binary_indicator_var  n=    1  sample_idx=[None]
    investmentStage[1]._pyomo_gdp_bigm_reformulation.relaxedDisjuncts[193].localVarReferences.binary_indicator_var  n=    1  sample_idx=[None]
    investmentStage[1]._pyomo_gdp_bigm_reformulation.relaxedDisjuncts[194].localVarReferences.binary_indicator_var  n=    1  sample_idx=[None]
    investmentStage[1]._pyomo_gdp_bigm_reformulation.relaxedDisjuncts[195].localVarReferences.binary_indicator_var  n=    1  sample_idx=[None]
    investmentStage[1]._pyomo_gdp_bigm_reformulation.relaxedDisjuncts[196].localVarReferences.binary_indicator_var  n=    1  sample_idx=[None]
    investmentStage[1]._pyomo_gdp_bigm_reformulation.relaxedDisjuncts[197].localVarReferences.binary_indicator_var  n=    1  sample_idx=[None]
    investmentStage[1]._pyomo_gdp_bigm_reformulation.relaxedDisjuncts[198].localVarReferences.binary_indicator_var  n=    1  sample_idx=[None]
    investmentStage[1]._pyomo_gdp_bigm_reformulation.relaxedDisjuncts[199].localVarReferences.binary_indicator_var  n=    1  sample_idx=[None]
    investmentStage[1]._pyomo_gdp_bigm_reformulation.relaxedDisjuncts[200].localVarReferences.binary_indicator_var  n=    1  sample_idx=[None]
    investmentStage[1]._pyomo_gdp_bigm_reformulation.relaxedDisjuncts[201].localVarReferences.binary_indicator_var  n=    1  sample_idx=[None]
    investmentStage[1]._pyomo_gdp_bigm_reformulation.relaxedDisjuncts[202].localVarReferences.binary_indicator_var  n=    1  sample_idx=[None]
    investmentStage[1]._pyomo_gdp_bigm_reformulation.relaxedDisjuncts[203].localVarReferences.binary_indicator_var  n=    1  sample_idx=[None]
    investmentStage[1]._pyomo_gdp_bigm_reformulation.relaxedDisjuncts[204].localVarReferences.binary_indicator_var  n=    1  sample_idx=[None]
    investmentStage[1]._pyomo_gdp_bigm_reformulation.relaxedDisjuncts[205].localVarReferences.binary_indicator_var  n=    1  sample_idx=[None]
    investmentStage[1]._pyomo_gdp_bigm_reformulation.relaxedDisjuncts[206].localVarReferences.binary_indicator_var  n=    1  sample_idx=[None]
    investmentStage[1]._pyomo_gdp_bigm_reformulation.relaxedDisjuncts[207].localVarReferences.binary_indicator_var  n=    1  sample_idx=[None]
    investmentStage[1]._pyomo_gdp_bigm_reformulation.relaxedDisjuncts[208].localVarReferences.binary_indicator_var  n=    1  sample_idx=[None]
    investmentStage[1]._pyomo_gdp_bigm_reformulation.relaxedDisjuncts[209].localVarReferences.binary_indicator_var  n=    1  sample_idx=[None]
    investmentStage[1]._pyomo_gdp_bigm_reformulation.relaxedDisjuncts[210].localVarReferences.binary_indicator_var  n=    1  sample_idx=[None]
    investmentStage[1]._pyomo_gdp_bigm_reformulation.relaxedDisjuncts[211].localVarReferences.binary_indicator_var  n=    1  sample_idx=[None]
    investmentStage[1]._pyomo_gdp_bigm_reformulation.relaxedDisjuncts[212].localVarReferences.binary_indicator_var  n=    1  sample_idx=[None]
    investmentStage[1]._pyomo_gdp_bigm_reformulation.relaxedDisjuncts[213].localVarReferences.binary_indicator_var  n=    1  sample_idx=[None]
    investmentStage[1]._pyomo_gdp_bigm_reformulation.relaxedDisjuncts[214].localVarReferences.binary_indicator_var  n=    1  sample_idx=[None]
    investmentStage[1]._pyomo_gdp_bigm_reformulation.relaxedDisjuncts[215].localVarReferences.binary_indicator_var  n=    1  sample_idx=[None]
    investmentStage[1]._pyomo_gdp_bigm_reformulation.relaxedDisjuncts[216].localVarReferences.binary_indicator_var  n=    1  sample_idx=[None]
    investmentStage[1]._pyomo_gdp_bigm_reformulation.relaxedDisjuncts[217].localVarReferences.binary_indicator_var  n=    1  sample_idx=[None]
    investmentStage[1]._pyomo_gdp_bigm_reformulation.relaxedDisjuncts[218].localVarReferences.binary_indicator_var  n=    1  sample_idx=[None]
    investmentStage[1]._pyomo_gdp_bigm_reformulation.relaxedDisjuncts[219].localVarReferences.binary_indicator_var  n=    1  sample_idx=[None]
    investmentStage[1]._pyomo_gdp_bigm_reformulation.relaxedDisjuncts[220].localVarReferences.binary_indicator_var  n=    1  sample_idx=[None]
    investmentStage[1]._pyomo_gdp_bigm_reformulation.relaxedDisjuncts[221].localVarReferences.binary_indicator_var  n=    1  sample_idx=[None]
    investmentStage[1]._pyomo_gdp_bigm_reformulation.relaxedDisjuncts[222].localVarReferences.binary_indicator_var  n=    1  sample_idx=[None]
    investmentStage[1]._pyomo_gdp_bigm_reformulation.relaxedDisjuncts[223].localVarReferences.binary_indicator_var  n=    1  sample_idx=[None]
    investmentStage[1]._pyomo_gdp_bigm_reformulation.relaxedDisjuncts[224].localVarReferences.binary_indicator_var  n=    1  sample_idx=[None]
    investmentStage[1]._pyomo_gdp_bigm_reformulation.relaxedDisjuncts[225].localVarReferences.binary_indicator_var  n=    1  sample_idx=[None]
    investmentStage[1]._pyomo_gdp_bigm_reformulation.relaxedDisjuncts[226].localVarReferences.binary_indicator_var  n=    1  sample_idx=[None]
    investmentStage[1]._pyomo_gdp_bigm_reformulation.relaxedDisjuncts[227].localVarReferences.binary_indicator_var  n=    1  sample_idx=[None]
    investmentStage[1]._pyomo_gdp_bigm_reformulation.relaxedDisjuncts[228].localVarReferences.binary_indicator_var  n=    1  sample_idx=[None]
    investmentStage[1]._pyomo_gdp_bigm_reformulation.relaxedDisjuncts[229].localVarReferences.binary_indicator_var  n=    1  sample_idx=[None]
    investmentStage[1]._pyomo_gdp_bigm_reformulation.relaxedDisjuncts[230].localVarReferences.binary_indicator_var  n=    1  sample_idx=[None]
    investmentStage[1]._pyomo_gdp_bigm_reformulation.relaxedDisjuncts[231].localVarReferences.binary_indicator_var  n=    1  sample_idx=[None]
    investmentStage[1]._pyomo_gdp_bigm_reformulation.relaxedDisjuncts[232].localVarReferences.binary_indicator_var  n=    1  sample_idx=[None]
    investmentStage[1]._pyomo_gdp_bigm_reformulation.relaxedDisjuncts[233].localVarReferences.binary_indicator_var  n=    1  sample_idx=[None]
    investmentStage[1]._pyomo_gdp_bigm_reformulation.relaxedDisjuncts[234].localVarReferences.binary_indicator_var  n=    1  sample_idx=[None]
    investmentStage[1]._pyomo_gdp_bigm_reformulation.relaxedDisjuncts[235].localVarReferences.binary_indicator_var  n=    1  sample_idx=[None]
    investmentStage[1]._pyomo_gdp_bigm_reformulation.relaxedDisjuncts[236].localVarReferences.binary_indicator_var  n=    1  sample_idx=[None]
    investmentStage[1]._pyomo_gdp_bigm_reformulation.relaxedDisjuncts[237].localVarReferences.binary_indicator_var  n=    1  sample_idx=[None]
    investmentStage[1]._pyomo_gdp_bigm_reformulation.relaxedDisjuncts[238].localVarReferences.binary_indicator_var  n=    1  sample_idx=[None]
    investmentStage[1]._pyomo_gdp_bigm_reformulation.relaxedDisjuncts[239].localVarReferences.binary_indicator_var  n=    1  sample_idx=[None]
    investmentStage[1]._pyomo_gdp_bigm_reformulation.relaxedDisjuncts[240].localVarReferences.binary_indicator_var  n=    1  sample_idx=[None]
    investmentStage[1]._pyomo_gdp_bigm_reformulation.relaxedDisjuncts[241].localVarReferences.binary_indicator_var  n=    1  sample_idx=[None]
    investmentStage[1]._pyomo_gdp_bigm_reformulation.relaxedDisjuncts[242].localVarReferences.binary_indicator_var  n=    1  sample_idx=[None]
    investmentStage[1]._pyomo_gdp_bigm_reformulation.relaxedDisjuncts[243].localVarReferences.binary_indicator_var  n=    1  sample_idx=[None]
    investmentStage[1]._pyomo_gdp_bigm_reformulation.relaxedDisjuncts[244].localVarReferences.binary_indicator_var  n=    1  sample_idx=[None]
    investmentStage[1]._pyomo_gdp_bigm_reformulation.relaxedDisjuncts[245].localVarReferences.binary_indicator_var  n=    1  sample_idx=[None]
    investmentStage[1]._pyomo_gdp_bigm_reformulation.relaxedDisjuncts[246].localVarReferences.binary_indicator_var  n=    1  sample_idx=[None]
    investmentStage[1]._pyomo_gdp_bigm_reformulation.relaxedDisjuncts[247].localVarReferences.binary_indicator_var  n=    1  sample_idx=[None]
    investmentStage[1]._pyomo_gdp_bigm_reformulation.relaxedDisjuncts[248].localVarReferences.binary_indicator_var  n=    1  sample_idx=[None]
    investmentStage[1]._pyomo_gdp_bigm_reformulation.relaxedDisjuncts[249].localVarReferences.binary_indicator_var  n=    1  sample_idx=[None]
    investmentStage[1]._pyomo_gdp_bigm_reformulation.relaxedDisjuncts[250].localVarReferences.binary_indicator_var  n=    1  sample_idx=[None]
    investmentStage[1]._pyomo_gdp_bigm_reformulation.relaxedDisjuncts[251].localVarReferences.binary_indicator_var  n=    1  sample_idx=[None]
    investmentStage[1]._pyomo_gdp_bigm_reformulation.relaxedDisjuncts[252].localVarReferences.binary_indicator_var  n=    1  sample_idx=[None]
    investmentStage[1]._pyomo_gdp_bigm_reformulation.relaxedDisjuncts[253].localVarReferences.binary_indicator_var  n=    1  sample_idx=[None]
    investmentStage[1]._pyomo_gdp_bigm_reformulation.relaxedDisjuncts[254].localVarReferences.binary_indicator_var  n=    1  sample_idx=[None]
    investmentStage[1]._pyomo_gdp_bigm_reformulation.relaxedDisjuncts[255].localVarReferences.binary_indicator_var  n=    1  sample_idx=[None]
    investmentStage[1]._pyomo_gdp_bigm_reformulation.relaxedDisjuncts[256].localVarReferences.binary_indicator_var  n=    1  sample_idx=[None]
    investmentStage[1]._pyomo_gdp_bigm_reformulation.relaxedDisjuncts[257].localVarReferences.binary_indicator_var  n=    1  sample_idx=[None]
    investmentStage[1]._pyomo_gdp_bigm_reformulation.relaxedDisjuncts[258].localVarReferences.binary_indicator_var  n=    1  sample_idx=[None]
    investmentStage[1]._pyomo_gdp_bigm_reformulation.relaxedDisjuncts[259].localVarReferences.binary_indicator_var  n=    1  sample_idx=[None]
    investmentStage[1]._pyomo_gdp_bigm_reformulation.relaxedDisjuncts[260].localVarReferences.binary_indicator_var  n=    1  sample_idx=[None]
    investmentStage[1]._pyomo_gdp_bigm_reformulation.relaxedDisjuncts[261].localVarReferences.binary_indicator_var  n=    1  sample_idx=[None]
    investmentStage[1]._pyomo_gdp_bigm_reformulation.relaxedDisjuncts[262].localVarReferences.binary_indicator_var  n=    1  sample_idx=[None]
    investmentStage[1]._pyomo_gdp_bigm_reformulation.relaxedDisjuncts[263].localVarReferences.binary_indicator_var  n=    1  sample_idx=[None]
    investmentStage[1]._pyomo_gdp_bigm_reformulation.relaxedDisjuncts[264].localVarReferences.binary_indicator_var  n=    1  sample_idx=[None]
    investmentStage[1]._pyomo_gdp_bigm_reformulation.relaxedDisjuncts[265].localVarReferences.binary_indicator_var  n=    1  sample_idx=[None]
    investmentStage[1]._pyomo_gdp_bigm_reformulation.relaxedDisjuncts[266].localVarReferences.binary_indicator_var  n=    1  sample_idx=[None]
    investmentStage[1]._pyomo_gdp_bigm_reformulation.relaxedDisjuncts[267].localVarReferences.binary_indicator_var  n=    1  sample_idx=[None]
    investmentStage[1]._pyomo_gdp_bigm_reformulation.relaxedDisjuncts[268].localVarReferences.binary_indicator_var  n=    1  sample_idx=[None]
    investmentStage[1]._pyomo_gdp_bigm_reformulation.relaxedDisjuncts[269].localVarReferences.binary_indicator_var  n=    1  sample_idx=[None]
  Integer (non-binary) components:
    (none)
  Continuous sample (first few):
    investmentStage[1].renewableOperational                                 n=   33
    investmentStage[1].renewableInstalled                                   n=   33
    investmentStage[1].renewableRetired                                     n=   33
    investmentStage[1].renewableExtended                                    n=   33
    investmentStage[1].renewableDisabled                                    n=   33
    investmentStage[1].quotaDeficit                                         n=    1
    investmentStage[1].renewableCurtailmentInvestment                       n=    1
    investmentStage[1].representativePeriod[1].renewableSurplusRepresentative  n=    1

  Suggested first_stage candidates (heuristic, binary only): 1043 names
    investmentStage[1].representativePeriod[1].commitmentPeriod[1].dispatchPeriod[1]._logical_to_disjunctive.auxiliary_vars
    investmentStage[1].representativePeriod[1].commitmentPeriod[1].dispatchPeriod[1]._pyomo_gdp_bigm_reformulation.relaxedDisjuncts[0].localVarReferences.binary_indicator_var
    investmentStage[1].representativePeriod[1].commitmentPeriod[1].dispatchPeriod[1]._pyomo_gdp_bigm_reformulation.relaxedDisjuncts[1].localVarReferences.binary_indicator_var
    investmentStage[1].representativePeriod[1].commitmentPeriod[1].dispatchPeriod[1]._pyomo_gdp_bigm_reformulation.relaxedDisjuncts[2].localVarReferences.binary_indicator_var
    investmentStage[1].representativePeriod[1].commitmentPeriod[1].dispatchPeriod[1]._pyomo_gdp_bigm_reformulation.relaxedDisjuncts[3].localVarReferences.binary_indicator_var
    investmentStage[1].representativePeriod[1].commitmentPeriod[1].dispatchPeriod[1]._pyomo_gdp_bigm_reformulation.relaxedDisjuncts[4].localVarReferences.binary_indicator_var
    investmentStage[1].representativePeriod[1].commitmentPeriod[1].dispatchPeriod[1]._pyomo_gdp_bigm_reformulation.relaxedDisjuncts[5].localVarReferences.binary_indicator_var
    investmentStage[1].representativePeriod[1].commitmentPeriod[1].dispatchPeriod[1]._pyomo_gdp_bigm_reformulation.relaxedDisjuncts[6].localVarReferences.binary_indicator_var
    investmentStage[1].representativePeriod[1].commitmentPeriod[1].dispatchPeriod[1]._pyomo_gdp_bigm_reformulation.relaxedDisjuncts[7].localVarReferences.binary_indicator_var
    investmentStage[1].representativePeriod[1].commitmentPeriod[1].dispatchPeriod[1]._pyomo_gdp_bigm_reformulation.relaxedDisjuncts[8].localVarReferences.binary_indicator_var
    investmentStage[1].representativePeriod[1].commitmentPeriod[1].dispatchPeriod[1]._pyomo_gdp_bigm_reformulation.relaxedDisjuncts[9].localVarReferences.binary_indicator_var
    investmentStage[1].representativePeriod[1].commitmentPeriod[1].dispatchPeriod[1]._pyomo_gdp_bigm_reformulation.relaxedDisjuncts[10].localVarReferences.binary_indicator_var
    ... +1031 more
  Stage 2 PASSED – inspect the list above before continuing

  Using DEFAULT_FIRST_STAGE_NAMES (20 patterns)

=== STAGE 3: Verify first-stage name list ===
  Candidate patterns (20):
    investmentStage[*].renewableOperational[*]
    investmentStage[*].renewableInstalled[*]
    investmentStage[*].renewableRetired[*]
    investmentStage[*].renewableExtended[*]
    investmentStage[*].renewableDisabled[*]
    investmentStage[*].genOperational[*].binary_indicator_var
    investmentStage[*].genInstalled[*].binary_indicator_var
    investmentStage[*].genRetired[*].binary_indicator_var
    investmentStage[*].genDisabled[*].binary_indicator_var
    investmentStage[*].genExtended[*].binary_indicator_var
    investmentStage[*].branchOperational[*].binary_indicator_var
    investmentStage[*].branchInstalled[*].binary_indicator_var
    investmentStage[*].branchRetired[*].binary_indicator_var
    investmentStage[*].branchDisabled[*].binary_indicator_var
    investmentStage[*].branchExtended[*].binary_indicator_var
    investmentStage[*].storOperational[*].binary_indicator_var
    investmentStage[*].storInstalled[*].binary_indicator_var
    investmentStage[*].storRetired[*].binary_indicator_var
    investmentStage[*].storDisabled[*].binary_indicator_var
    investmentStage[*].storExtended[*].binary_indicator_var
  Model still has 1776 active Binary VarData objects
  Stage 3 PASSED (full map population is verified in Stage 5)

=== STAGE 4: Trivial SPAROW SP (newsvendor-style) ===
  default_model: None
  bundles: ['1', '2', '3']
  create_bundle_EF succeeded for bundle 1
  int_to_FirstStageVar[1]: 1 entries
  Stage 4 PASSED

=== STAGE 5: SPAROW SP with GTEP model_builder ===
  create_gtep_model from: /Users/matthewviens/Optimization/sparow_examples/sparow_examples/aos_gtep_benders_minimal/scale_tests/single/driver_gtep.py
  data/ resolved to:      /Users/matthewviens/Optimization/sparow_examples/sparow_examples/aos_gtep_benders_minimal/scale_tests/single/data
  Registered relax_second_stage (residual second-stage discrete → continuous)
  default_model: None
  bundles: ['single']
  Building EF for bundle single ...
Did not find reserves.csv; assuming no reserves
WARNING | Did not find reserves.csv; assuming no reserves
Setting default t0 state in RTS-GMLC parser
WARNING | Setting default t0 state in RTS-GMLC parser
WARNING | Implicitly replacing the Component attribute storageCostInvestment (type=<class 'pyomo.core.base.var.ScalarVar'>) on block investmentStage[1] with a new Component (type=<class 'pyomo.core.base.expression.ScalarExpression'>).
This is usually indicative of a modelling error.
To avoid this warning, use block.del_component() and block.add_component().
[    0.00] Creating GTEP Model
  int_to_FirstStageVar[single]: 435 variables
    [0] s[None,single].investmentStage[1].renewableOperational[G11_R1]  domain=NonNegativeReals
    [1] s[None,single].investmentStage[1].renewableOperational[Wind_R1]  domain=NonNegativeReals
    [2] s[None,single].investmentStage[1].renewableOperational[G13_R1]  domain=NonNegativeReals
    [3] s[None,single].investmentStage[1].renewableOperational[G14_R1]  domain=NonNegativeReals
    [4] s[None,single].investmentStage[1].renewableOperational[Solar_R1]  domain=NonNegativeReals
    [5] s[None,single].investmentStage[1].renewableOperational[Hydro_R1]  domain=NonNegativeReals
    [6] s[None,single].investmentStage[1].renewableOperational[G17_R1]  domain=NonNegativeReals
    [7] s[None,single].investmentStage[1].renewableOperational[G18_R1]  domain=NonNegativeReals
  NOTE: 165 first-stage vars are continuous (expected for renewable MW)
  Stage 5 PASSED

=== STAGE 6: Extensive Form solve (reference) ===
  Solver: gurobi
  Bundles / scenarios: ['single']
  Building and solving extensive form ...
INFO - 
INFO | 
INFO - ----------------------------------------------------------------------
INFO | ----------------------------------------------------------------------
INFO - ExtensiveFormSolver - START
INFO | ExtensiveFormSolver - START
INFO - Using single_bundle scheme (extensive form solve).
INFO | Using single_bundle scheme (extensive form solve).
Did not find reserves.csv; assuming no reserves
WARNING | Did not find reserves.csv; assuming no reserves
Setting default t0 state in RTS-GMLC parser
WARNING | Setting default t0 state in RTS-GMLC parser
WARNING | Implicitly replacing the Component attribute storageCostInvestment (type=<class 'pyomo.core.base.var.ScalarVar'>) on block investmentStage[1] with a new Component (type=<class 'pyomo.core.base.expression.ScalarExpression'>).
This is usually indicative of a modelling error.
To avoid this warning, use block.del_component() and block.add_component().
[    0.00] Creating GTEP Model
INFO | Read LP format model from file /var/folders/n2/cpw5cst11dz704mw_b3h928w0000gn/T/tmp13pjpodr.pyomo.lp
INFO | Reading time = 0.03 seconds
INFO | x1: 12849 rows, 2249 columns, 29365 nonzeros
INFO | Set parameter TimeLimit to value 300
INFO | Set parameter TimeLimit to value 300
INFO | Gurobi Optimizer version 13.0.0 build v13.0.0rc1 (mac64[rosetta2] - Darwin 25.5.0 25F84)
INFO | 
INFO | CPU model: Apple M1 Max
INFO | Thread count: 10 physical cores, 10 logical processors, using up to 10 threads
INFO | 
INFO | Non-default parameters:
INFO | TimeLimit  300
INFO | 
INFO | Optimize a model with 12849 rows, 2249 columns and 29365 nonzeros (Min)
INFO | Model fingerprint: 0x979a2662
INFO | Model has 266 linear objective coefficients
INFO | Variable types: 2033 continuous, 216 integer (216 binary)
INFO | Coefficient statistics:
INFO |   Matrix range     [3e-01, 2e+05]
INFO |   Objective range  [1e+00, 1e+09]
INFO |   Bounds range     [3e-01, 2e+05]
INFO |   RHS range        [1e+00, 4e+04]
INFO | Warning: Model contains large objective coefficients
INFO |          Consider reformulating model or setting NumericFocus parameter
INFO |          to avoid numerical issues.
INFO | Presolve removed 12602 rows and 2068 columns
INFO | Presolve time: 0.07s
INFO | Presolved: 247 rows, 181 columns, 670 nonzeros
INFO | Variable types: 181 continuous, 0 integer (0 binary)
INFO | 
INFO | Root relaxation: objective 2.489218e+07, 62 iterations, 0.00 seconds (0.00 work units)
INFO | 
INFO |     Nodes    |    Current Node    |     Objective Bounds      |     Work
INFO |  Expl Unexpl |  Obj  Depth IntInf | Incumbent    BestBd   Gap | It/Node Time
INFO | 
INFO | *    0     0               0    2.489218e+07 2.4892e+07  0.00%     -    0s
INFO | 
INFO | Explored 1 nodes (62 simplex iterations) in 0.11 seconds (0.02 work units)
INFO | Thread count was 10 (of 10 available processors)
INFO | 
INFO | Solution count 1: 2.48922e+07 
INFO | 
INFO | Optimal solution found (tolerance 1.00e-04)
INFO | Best objective 2.489217731863e+07, best bound 2.489217731863e+07, gap 0.0000%
INFO - 
INFO | 
INFO - ----------------------------------------------------------------------
INFO | ----------------------------------------------------------------------
INFO - ExtensiveFormSolver - STOP
INFO | ExtensiveFormSolver - STOP
  EF objective value: 2.48922e+07
  Sample first-stage values (post-EF):
    s[None,single].investmentStage[1].renewableOperational[G11_R1] = 0
    s[None,single].investmentStage[1].renewableOperational[Wind_R1] = 2372.5465968785684
    s[None,single].investmentStage[1].renewableOperational[G13_R1] = 0
    s[None,single].investmentStage[1].renewableOperational[G14_R1] = 0
    s[None,single].investmentStage[1].renewableOperational[Solar_R1] = 0.0
    s[None,single].investmentStage[1].renewableOperational[Hydro_R1] = 658.1693342713265
    s[None,single].investmentStage[1].renewableOperational[G17_R1] = 0
    s[None,single].investmentStage[1].renewableOperational[G18_R1] = 0
  Stage 6 PASSED – reference objective recorded

=== STAGE 7: Peek at SPAROW transforms + residual discrete gate ===
  Using bundle bundle
  Subproblem additional_transforms: [relax_second_stage]
Did not find reserves.csv; assuming no reserves
WARNING | Did not find reserves.csv; assuming no reserves
Setting default t0 state in RTS-GMLC parser
WARNING | Setting default t0 state in RTS-GMLC parser
WARNING | Implicitly replacing the Component attribute storageCostInvestment (type=<class 'pyomo.core.base.var.ScalarVar'>) on block investmentStage[1] with a new Component (type=<class 'pyomo.core.base.expression.ScalarExpression'>).
This is usually indicative of a modelling error.
To avoid this warning, use block.del_component() and block.add_component().
WARNING | Implicitly replacing the Component attribute obj (type=<class 'pyomo.core.base.objective.ScalarObjective'>) on block unknown with a new Component (type=<class 'pyomo.core.base.objective.AbstractScalarObjective'>).
This is usually indicative of a modelling error.
To avoid this warning, use block.del_component() and block.add_component().
[    0.00] Creating GTEP Model
  Subproblem model created: <class 'pyomo.core.base.PyomoModel.ConcreteModel'>
  Subproblem active objectives: ['obj']
  Subproblem residual Binary vars:  0
  Subproblem residual Integer vars: 0
  Residual discrete count = 0  → classical dual cuts are admissible
WARNING | Uncopyable field encountered when deep copying Pyomo components outside the scope of Block.clone().  There is a distinct possibility that the new copy is not complete.  To avoid this situation, please use Block.clone()
ERROR | Unable to clone Pyomo component attribute.
Component 's[None,single].buses' contains an uncopyable field '_init_values' (<class 'pyomo.core.base.set.TuplizeValuesInitializer'>).  Setting field to `None` on new object
WARNING | Uncopyable field encountered when deep copying Pyomo components outside the scope of Block.clone().  There is a distinct possibility that the new copy is not complete.  To avoid this situation, please use Block.clone()
ERROR | Unable to clone Pyomo component attribute.
Component 's[None,single].generators' contains an uncopyable field '_init_values' (<class 'pyomo.core.base.set.TuplizeValuesInitializer'>).  Setting field to `None` on new object
Did not find reserves.csv; assuming no reserves
WARNING | Did not find reserves.csv; assuming no reserves
Setting default t0 state in RTS-GMLC parser
WARNING | Setting default t0 state in RTS-GMLC parser
WARNING | Implicitly replacing the Component attribute storageCostInvestment (type=<class 'pyomo.core.base.var.ScalarVar'>) on block investmentStage[1] with a new Component (type=<class 'pyomo.core.base.expression.ScalarExpression'>).
This is usually indicative of a modelling error.
To avoid this warning, use block.del_component() and block.add_component().
WARNING | Setting Var 's[None,single].investmentStage[1].representativePeriod[1].commitmentPeriod[1].dispatchPeriod[1].storageChargeLevel[100MW_400MWh_1]' to a numeric value `0` outside the bounds (80, 400).
WARNING | Setting Var 's[None,single].investmentStage[1].representativePeriod[1].commitmentPeriod[1].dispatchPeriod[1].storageChargeLevel[100MW_800MWh-1]' to a numeric value `0` outside the bounds (160, 800).
WARNING | Setting Var 's[None,single].investmentStage[1].representativePeriod[1].commitmentPeriod[1].dispatchPeriod[1].storageChargeLevel[1000MW_2000MWh_1-c]' to a numeric value `0` outside the bounds (400, 2000).
WARNING | Setting Var 's[None,single].investmentStage[1].representativePeriod[1].commitmentPeriod[1].dispatchPeriod[1].storageChargeLevel[1000MW_4000MWh_1-c]' to a numeric value `0` outside the bounds (800, 4000).
WARNING | Setting Var 's[None,single].investmentStage[1].representativePeriod[1].commitmentPeriod[1].dispatchPeriod[1].storageChargeLevel[100MW_400MWh_2-c]' to a numeric value `0` outside the bounds (80, 400).
WARNING | Setting Var 's[None,single].investmentStage[1].representativePeriod[1].commitmentPeriod[1].dispatchPeriod[1].storageChargeLevel[100MW_800MWh_2-c]' to a numeric value `0` outside the bounds (160, 800).
WARNING | Setting Var 's[None,single].investmentStage[1].representativePeriod[1].commitmentPeriod[1].dispatchPeriod[1].storageChargeLevel[1000MW_2000MWh_2-c]' to a numeric value `0` outside the bounds (400, 2000).
WARNING | Setting Var 's[None,single].investmentStage[1].representativePeriod[1].commitmentPeriod[1].dispatchPeriod[1].storageChargeLevel[1000MW_4000MWh_2-c]' to a numeric value `0` outside the bounds (800, 4000).
WARNING | Setting Var 's[None,single].investmentStage[1].representativePeriod[1].commitmentPeriod[1].dispatchPeriod[1].storageChargeLevel[100MW_400MWh_3-c]' to a numeric value `0` outside the bounds (80, 400).
WARNING | Setting Var 's[None,single].investmentStage[1].representativePeriod[1].commitmentPeriod[1].dispatchPeriod[1].storageChargeLevel[100MW_800MWh_3-c]' to a numeric value `0` outside the bounds (160, 800).
WARNING | Setting Var 's[None,single].investmentStage[1].representativePeriod[1].commitmentPeriod[1].dispatchPeriod[1].storageChargeLevel[1000MW_2000MWh_3-c]' to a numeric value `0` outside the bounds (400, 2000).
WARNING | Setting Var 's[None,single].investmentStage[1].representativePeriod[1].commitmentPeriod[1].dispatchPeriod[1].storageChargeLevel[1000MW_4000MWh_3-c]' to a numeric value `0` outside the bounds (800, 4000).
WARNING | Setting Var 's[None,single].investmentStage[1].representativePeriod[1].commitmentPeriod[2].dispatchPeriod[1].storageChargeLevel[100MW_400MWh_1]' to a numeric value `0` outside the bounds (80, 400).
WARNING | Setting Var 's[None,single].investmentStage[1].representativePeriod[1].commitmentPeriod[2].dispatchPeriod[1].storageChargeLevel[100MW_800MWh-1]' to a numeric value `0` outside the bounds (160, 800).
WARNING | Setting Var 's[None,single].investmentStage[1].representativePeriod[1].commitmentPeriod[2].dispatchPeriod[1].storageChargeLevel[1000MW_2000MWh_1-c]' to a numeric value `0` outside the bounds (400, 2000).
WARNING | Setting Var 's[None,single].investmentStage[1].representativePeriod[1].commitmentPeriod[2].dispatchPeriod[1].storageChargeLevel[1000MW_4000MWh_1-c]' to a numeric value `0` outside the bounds (800, 4000).
WARNING | Setting Var 's[None,single].investmentStage[1].representativePeriod[1].commitmentPeriod[2].dispatchPeriod[1].storageChargeLevel[100MW_400MWh_2-c]' to a numeric value `0` outside the bounds (80, 400).
WARNING | Setting Var 's[None,single].investmentStage[1].representativePeriod[1].commitmentPeriod[2].dispatchPeriod[1].storageChargeLevel[100MW_800MWh_2-c]' to a numeric value `0` outside the bounds (160, 800).
WARNING | Setting Var 's[None,single].investmentStage[1].representativePeriod[1].commitmentPeriod[2].dispatchPeriod[1].storageChargeLevel[1000MW_2000MWh_2-c]' to a numeric value `0` outside the bounds (400, 2000).
WARNING | Setting Var 's[None,single].investmentStage[1].representativePeriod[1].commitmentPeriod[2].dispatchPeriod[1].storageChargeLevel[1000MW_4000MWh_2-c]' to a numeric value `0` outside the bounds (800, 4000).
WARNING | Setting Var 's[None,single].investmentStage[1].representativePeriod[1].commitmentPeriod[2].dispatchPeriod[1].storageChargeLevel[100MW_400MWh_3-c]' to a numeric value `0` outside the bounds (80, 400).
WARNING | Setting Var 's[None,single].investmentStage[1].representativePeriod[1].commitmentPeriod[2].dispatchPeriod[1].storageChargeLevel[100MW_800MWh_3-c]' to a numeric value `0` outside the bounds (160, 800).
WARNING | Setting Var 's[None,single].investmentStage[1].representativePeriod[1].commitmentPeriod[2].dispatchPeriod[1].storageChargeLevel[1000MW_2000MWh_3-c]' to a numeric value `0` outside the bounds (400, 2000).
WARNING | Setting Var 's[None,single].investmentStage[1].representativePeriod[1].commitmentPeriod[2].dispatchPeriod[1].storageChargeLevel[1000MW_4000MWh_3-c]' to a numeric value `0` outside the bounds (800, 4000).
WARNING | Implicitly replacing the Component attribute obj (type=<class 'pyomo.core.base.objective.ScalarObjective'>) on block unknown with a new Component (type=<class 'pyomo.core.base.objective.AbstractScalarObjective'>).
This is usually indicative of a modelling error.
To avoid this warning, use block.del_component() and block.add_component().
[    0.00] Creating GTEP Model
  Master model created: <class 'pyomo.core.base.PyomoModel.ConcreteModel'>
  Master etas: ['bundle']
  Master active objectives: ['obj']
  Stage 7 finished (manual inspection of any warnings above)

=== STAGE 8: SPAROW BendersSolver (+ EF comparison) ===
  EF reference objective: 2.48922e+07
  convergence_tol (OR-TOPAS cut/θ threshold): 0.001
  eta_bounds_map: {'bundle': (0.0, None)}
  Unfixed 87 previously-fixed first-stage variables
  Seeded numeric values on 216 first-stage variables
  Calling BendersSolver.solve_and_return_model(
      subproblem_transforms=[relax_second_stage],
      master_transforms=None,
      on_iteration=...,
      convergence_tol=0.001,
      allow_infeasible_subproblems=True,
      persistent solvers ...
  )
INFO - BendersSolver - START
INFO | BendersSolver - START
WARNING | Uncopyable field encountered when deep copying Pyomo components outside the scope of Block.clone().  There is a distinct possibility that the new copy is not complete.  To avoid this situation, please use Block.clone()
ERROR | Unable to clone Pyomo component attribute.
Component 's[None,single].buses' contains an uncopyable field '_init_values' (<class 'pyomo.core.base.set.TuplizeValuesInitializer'>).  Setting field to `None` on new object
WARNING | Uncopyable field encountered when deep copying Pyomo components outside the scope of Block.clone().  There is a distinct possibility that the new copy is not complete.  To avoid this situation, please use Block.clone()
ERROR | Unable to clone Pyomo component attribute.
Component 's[None,single].generators' contains an uncopyable field '_init_values' (<class 'pyomo.core.base.set.TuplizeValuesInitializer'>).  Setting field to `None` on new object
Did not find reserves.csv; assuming no reserves
WARNING | Did not find reserves.csv; assuming no reserves
Setting default t0 state in RTS-GMLC parser
WARNING | Setting default t0 state in RTS-GMLC parser
WARNING | Implicitly replacing the Component attribute storageCostInvestment (type=<class 'pyomo.core.base.var.ScalarVar'>) on block investmentStage[1] with a new Component (type=<class 'pyomo.core.base.expression.ScalarExpression'>).
This is usually indicative of a modelling error.
To avoid this warning, use block.del_component() and block.add_component().
WARNING | Setting Var 's[None,single].investmentStage[1].representativePeriod[1].commitmentPeriod[1].dispatchPeriod[1].storageChargeLevel[100MW_400MWh_1]' to a numeric value `0` outside the bounds (80, 400).
WARNING | Setting Var 's[None,single].investmentStage[1].representativePeriod[1].commitmentPeriod[1].dispatchPeriod[1].storageChargeLevel[100MW_800MWh-1]' to a numeric value `0` outside the bounds (160, 800).
WARNING | Setting Var 's[None,single].investmentStage[1].representativePeriod[1].commitmentPeriod[1].dispatchPeriod[1].storageChargeLevel[1000MW_2000MWh_1-c]' to a numeric value `0` outside the bounds (400, 2000).
WARNING | Setting Var 's[None,single].investmentStage[1].representativePeriod[1].commitmentPeriod[1].dispatchPeriod[1].storageChargeLevel[1000MW_4000MWh_1-c]' to a numeric value `0` outside the bounds (800, 4000).
WARNING | Setting Var 's[None,single].investmentStage[1].representativePeriod[1].commitmentPeriod[1].dispatchPeriod[1].storageChargeLevel[100MW_400MWh_2-c]' to a numeric value `0` outside the bounds (80, 400).
WARNING | Setting Var 's[None,single].investmentStage[1].representativePeriod[1].commitmentPeriod[1].dispatchPeriod[1].storageChargeLevel[100MW_800MWh_2-c]' to a numeric value `0` outside the bounds (160, 800).
WARNING | Setting Var 's[None,single].investmentStage[1].representativePeriod[1].commitmentPeriod[1].dispatchPeriod[1].storageChargeLevel[1000MW_2000MWh_2-c]' to a numeric value `0` outside the bounds (400, 2000).
WARNING | Setting Var 's[None,single].investmentStage[1].representativePeriod[1].commitmentPeriod[1].dispatchPeriod[1].storageChargeLevel[1000MW_4000MWh_2-c]' to a numeric value `0` outside the bounds (800, 4000).
WARNING | Setting Var 's[None,single].investmentStage[1].representativePeriod[1].commitmentPeriod[1].dispatchPeriod[1].storageChargeLevel[100MW_400MWh_3-c]' to a numeric value `0` outside the bounds (80, 400).
WARNING | Setting Var 's[None,single].investmentStage[1].representativePeriod[1].commitmentPeriod[1].dispatchPeriod[1].storageChargeLevel[100MW_800MWh_3-c]' to a numeric value `0` outside the bounds (160, 800).
WARNING | Setting Var 's[None,single].investmentStage[1].representativePeriod[1].commitmentPeriod[1].dispatchPeriod[1].storageChargeLevel[1000MW_2000MWh_3-c]' to a numeric value `0` outside the bounds (400, 2000).
WARNING | Setting Var 's[None,single].investmentStage[1].representativePeriod[1].commitmentPeriod[1].dispatchPeriod[1].storageChargeLevel[1000MW_4000MWh_3-c]' to a numeric value `0` outside the bounds (800, 4000).
WARNING | Setting Var 's[None,single].investmentStage[1].representativePeriod[1].commitmentPeriod[2].dispatchPeriod[1].storageChargeLevel[100MW_400MWh_1]' to a numeric value `0` outside the bounds (80, 400).
WARNING | Setting Var 's[None,single].investmentStage[1].representativePeriod[1].commitmentPeriod[2].dispatchPeriod[1].storageChargeLevel[100MW_800MWh-1]' to a numeric value `0` outside the bounds (160, 800).
WARNING | Setting Var 's[None,single].investmentStage[1].representativePeriod[1].commitmentPeriod[2].dispatchPeriod[1].storageChargeLevel[1000MW_2000MWh_1-c]' to a numeric value `0` outside the bounds (400, 2000).
WARNING | Setting Var 's[None,single].investmentStage[1].representativePeriod[1].commitmentPeriod[2].dispatchPeriod[1].storageChargeLevel[1000MW_4000MWh_1-c]' to a numeric value `0` outside the bounds (800, 4000).
WARNING | Setting Var 's[None,single].investmentStage[1].representativePeriod[1].commitmentPeriod[2].dispatchPeriod[1].storageChargeLevel[100MW_400MWh_2-c]' to a numeric value `0` outside the bounds (80, 400).
WARNING | Setting Var 's[None,single].investmentStage[1].representativePeriod[1].commitmentPeriod[2].dispatchPeriod[1].storageChargeLevel[100MW_800MWh_2-c]' to a numeric value `0` outside the bounds (160, 800).
WARNING | Setting Var 's[None,single].investmentStage[1].representativePeriod[1].commitmentPeriod[2].dispatchPeriod[1].storageChargeLevel[1000MW_2000MWh_2-c]' to a numeric value `0` outside the bounds (400, 2000).
WARNING | Setting Var 's[None,single].investmentStage[1].representativePeriod[1].commitmentPeriod[2].dispatchPeriod[1].storageChargeLevel[1000MW_4000MWh_2-c]' to a numeric value `0` outside the bounds (800, 4000).
WARNING | Setting Var 's[None,single].investmentStage[1].representativePeriod[1].commitmentPeriod[2].dispatchPeriod[1].storageChargeLevel[100MW_400MWh_3-c]' to a numeric value `0` outside the bounds (80, 400).
WARNING | Setting Var 's[None,single].investmentStage[1].representativePeriod[1].commitmentPeriod[2].dispatchPeriod[1].storageChargeLevel[100MW_800MWh_3-c]' to a numeric value `0` outside the bounds (160, 800).
WARNING | Setting Var 's[None,single].investmentStage[1].representativePeriod[1].commitmentPeriod[2].dispatchPeriod[1].storageChargeLevel[1000MW_2000MWh_3-c]' to a numeric value `0` outside the bounds (400, 2000).
WARNING | Setting Var 's[None,single].investmentStage[1].representativePeriod[1].commitmentPeriod[2].dispatchPeriod[1].storageChargeLevel[1000MW_4000MWh_3-c]' to a numeric value `0` outside the bounds (800, 4000).
WARNING | Implicitly replacing the Component attribute obj (type=<class 'pyomo.core.base.objective.ScalarObjective'>) on block unknown with a new Component (type=<class 'pyomo.core.base.objective.AbstractScalarObjective'>).
This is usually indicative of a modelling error.
To avoid this warning, use block.del_component() and block.add_component().
[    0.00] Creating GTEP Model
Did not find reserves.csv; assuming no reserves
WARNING | Did not find reserves.csv; assuming no reserves
Setting default t0 state in RTS-GMLC parser
WARNING | Setting default t0 state in RTS-GMLC parser
WARNING | Implicitly replacing the Component attribute storageCostInvestment (type=<class 'pyomo.core.base.var.ScalarVar'>) on block investmentStage[1] with a new Component (type=<class 'pyomo.core.base.expression.ScalarExpression'>).
This is usually indicative of a modelling error.
To avoid this warning, use block.del_component() and block.add_component().
WARNING | Implicitly replacing the Component attribute obj (type=<class 'pyomo.core.base.objective.ScalarObjective'>) on block unknown with a new Component (type=<class 'pyomo.core.base.objective.AbstractScalarObjective'>).
This is usually indicative of a modelling error.
To avoid this warning, use block.del_component() and block.add_component().
[    0.00] Creating GTEP Model
INFO | Gurobi Optimizer version 13.0.0 build v13.0.0rc1 (mac64[rosetta2] - Darwin 25.5.0 25F84)
INFO | 
INFO | CPU model: Apple M1 Max
INFO | Thread count: 10 physical cores, 10 logical processors, using up to 10 threads
INFO | 
INFO | Non-default parameters:
INFO | LogToConsole  0
INFO | 
INFO | Optimize a model with 54 rows, 2437 columns and 216 nonzeros (Min)
INFO | Model fingerprint: 0x9eb8ccb5
INFO | Model has 157 linear objective coefficients
INFO | Variable types: 2167 continuous, 270 integer (270 binary)
INFO | Coefficient statistics:
INFO |   Matrix range     [1e+00, 1e+00]
INFO |   Objective range  [1e+00, 1e+09]
INFO |   Bounds range     [1e+00, 5e+03]
INFO |   RHS range        [0e+00, 0e+00]
INFO | Warning: Model contains large objective coefficients
INFO |          Consider reformulating model or setting NumericFocus parameter
INFO |          to avoid numerical issues.
INFO | Found heuristic solution: objective 0.0000000
INFO | 
INFO | Explored 0 nodes (0 simplex iterations) in 0.00 seconds (0.00 work units)
INFO | Thread count was 1 (of 10 available processors)
INFO | 
INFO | Solution count 1: 0 
INFO | 
INFO | Optimal solution found (tolerance 1.00e-04)
INFO | Best objective 0.000000000000e+00, best bound 0.000000000000e+00, gap 0.0000%
Set parameter InfUnbdInfo to value 1
INFO | Set parameter InfUnbdInfo to value 1
Set parameter DualReductions to value 0
INFO | Set parameter DualReductions to value 0
INFO | Set parameter QCPDual to value 1
INFO | Gurobi Optimizer version 13.0.0 build v13.0.0rc1 (mac64[rosetta2] - Darwin 25.5.0 25F84)
INFO | 
INFO | CPU model: Apple M1 Max
INFO | Thread count: 10 physical cores, 10 logical processors, using up to 10 threads
INFO | 
INFO | Non-default parameters:
INFO | DualReductions  0
INFO | InfUnbdInfo  1
INFO | LogToConsole  0
INFO | QCPDual  1
INFO | 
INFO | Optimize a model with 17264 rows, 2436 columns and 33669 nonzeros (Min)
INFO | Model fingerprint: 0xc5fdc1f5
INFO | Model has 110 linear objective coefficients
INFO | Coefficient statistics:
INFO |   Matrix range     [3e-01, 2e+05]
INFO |   Objective range  [1e+00, 2e+06]
INFO |   Bounds range     [1e+00, 5e+03]
INFO |   RHS range        [3e-01, 2e+05]
INFO | Presolve time: 0.01s
INFO | Presolved: 4263 rows, 957 columns, 17593 nonzeros
INFO | 
INFO | Concurrent LP optimizer: primal simplex, dual simplex, and barrier
INFO | Showing barrier log only...
INFO | 
INFO | Ordering time: 0.03s
INFO | 
INFO | Barrier performed 0 iterations in 0.05 seconds (0.03 work units)
INFO | Barrier solve interrupted - model solved by another algorithm
INFO | 
INFO | 
INFO | Solved with primal simplex
INFO | Iteration    Objective       Primal Inf.    Dual Inf.      Time
INFO |       89    2.5051606e+07   0.000000e+00   0.000000e+00      0s
INFO | 
INFO | Use crossover to convert LP symmetric solution to basic solution...
INFO | Crossover log...
INFO | 
INFO |       21 PPushes remaining with PInf 0.0000000e+00                 0s
INFO |        0 PPushes remaining with PInf 0.0000000e+00                 0s
INFO | 
INFO |   Push phase complete: Pinf 0.0000000e+00, Dinf 0.0000000e+00      0s
INFO | 
INFO | Crossover time: 0.01 seconds (0.00 work units)
INFO | Iteration    Objective       Primal Inf.    Dual Inf.      Time
INFO |      113    2.5051606e+07   0.000000e+00   0.000000e+00      0s
INFO | 
INFO | Solved in 113 iterations and 0.06 seconds (0.02 work units)
INFO | Optimal objective  2.505160632e+07
  --- Benders iteration 1  cuts_added=1  cuts_total=1  master_obj=0  eta=[bundle:0]  ---
INFO | Gurobi Optimizer version 13.0.0 build v13.0.0rc1 (mac64[rosetta2] - Darwin 25.5.0 25F84)
INFO | 
INFO | CPU model: Apple M1 Max
INFO | Thread count: 10 physical cores, 10 logical processors, using up to 10 threads
INFO | 
INFO | Non-default parameters:
INFO | LogToConsole  0
INFO | 
INFO | Optimize a model with 55 rows, 2437 columns and 259 nonzeros (Min)
INFO | Model fingerprint: 0x306154eb
INFO | Model has 157 linear objective coefficients
INFO | Variable types: 2167 continuous, 270 integer (270 binary)
INFO | Coefficient statistics:
INFO |   Matrix range     [1e+00, 9e+05]
INFO |   Objective range  [1e+00, 1e+09]
INFO |   Bounds range     [1e+00, 5e+03]
INFO |   RHS range        [3e+07, 3e+07]
INFO | Warning: Model contains large objective coefficients
INFO |          Consider reformulating model or setting NumericFocus parameter
INFO |          to avoid numerical issues.
INFO | 
INFO | MIP start from previous solve produced solution with objective 0 (0.00s)
INFO | Loaded MIP start from previous solve with objective 0
INFO | 
INFO | 
INFO | Explored 0 nodes (0 simplex iterations) in 0.00 seconds (0.00 work units)
INFO | Thread count was 1 (of 10 available processors)
INFO | 
INFO | Solution count 1: 0 
INFO | 
INFO | Optimal solution found (tolerance 1.00e-04)
INFO | Best objective 0.000000000000e+00, best bound 0.000000000000e+00, gap 0.0000%
INFO | Set parameter InfUnbdInfo to value 1
INFO | Set parameter DualReductions to value 0
INFO | Set parameter QCPDual to value 1
INFO | Gurobi Optimizer version 13.0.0 build v13.0.0rc1 (mac64[rosetta2] - Darwin 25.5.0 25F84)
INFO | 
INFO | CPU model: Apple M1 Max
INFO | Thread count: 10 physical cores, 10 logical processors, using up to 10 threads
INFO | 
INFO | Non-default parameters:
INFO | DualReductions  0
INFO | InfUnbdInfo  1
INFO | LogToConsole  0
INFO | QCPDual  1
INFO | 
INFO | Optimize a model with 17264 rows, 2436 columns and 33669 nonzeros (Min)
INFO | Model fingerprint: 0x2bc2c914
INFO | Model has 110 linear objective coefficients
INFO | Coefficient statistics:
INFO |   Matrix range     [3e-01, 2e+05]
INFO |   Objective range  [1e+00, 2e+06]
INFO |   Bounds range     [1e+00, 5e+03]
INFO |   RHS range        [3e-01, 2e+05]
INFO | Presolve time: 0.00s
INFO | Presolved: 4263 rows, 957 columns, 17593 nonzeros
INFO | 
INFO | Concurrent LP optimizer: primal simplex, dual simplex, and barrier
INFO | Showing barrier log only...
INFO | 
INFO | Ordering time: 0.03s
INFO | 
INFO | Barrier performed 0 iterations in 0.04 seconds (0.03 work units)
INFO | Barrier solve interrupted - model solved by another algorithm
INFO | 
INFO | 
INFO | Solved with primal simplex
INFO | Iteration    Objective       Primal Inf.    Dual Inf.      Time
INFO |       89    2.4944325e+07   0.000000e+00   0.000000e+00      0s
INFO | 
INFO | Use crossover to convert LP symmetric solution to basic solution...
INFO | Crossover log...
INFO | 
INFO |       21 PPushes remaining with PInf 0.0000000e+00                 0s
INFO |        0 PPushes remaining with PInf 0.0000000e+00                 0s
INFO | 
INFO |   Push phase complete: Pinf 0.0000000e+00, Dinf 0.0000000e+00      0s
INFO | 
INFO | Crossover time: 0.00 seconds (0.00 work units)
INFO | Iteration    Objective       Primal Inf.    Dual Inf.      Time
INFO |      113    2.4944325e+07   0.000000e+00   0.000000e+00      0s
INFO | 
INFO | Solved in 113 iterations and 0.04 seconds (0.02 work units)
INFO | Optimal objective  2.494432476e+07
  --- Benders iteration 2  cuts_added=1  cuts_total=2  master_obj=0  eta=[bundle:0]  ---
INFO | Gurobi Optimizer version 13.0.0 build v13.0.0rc1 (mac64[rosetta2] - Darwin 25.5.0 25F84)
INFO | 
INFO | CPU model: Apple M1 Max
INFO | Thread count: 10 physical cores, 10 logical processors, using up to 10 threads
INFO | 
INFO | Non-default parameters:
INFO | LogToConsole  0
INFO | 
INFO | Optimize a model with 56 rows, 2437 columns and 300 nonzeros (Min)
INFO | Model fingerprint: 0x4bebb8e8
INFO | Model has 157 linear objective coefficients
INFO | Variable types: 2167 continuous, 270 integer (270 binary)
INFO | Coefficient statistics:
INFO |   Matrix range     [1e+00, 9e+05]
INFO |   Objective range  [1e+00, 1e+09]
INFO |   Bounds range     [1e+00, 5e+03]
INFO |   RHS range        [2e+07, 3e+07]
INFO | Warning: Model contains large objective coefficients
INFO |          Consider reformulating model or setting NumericFocus parameter
INFO |          to avoid numerical issues.
INFO | 
INFO | MIP start from previous solve produced solution with objective 0 (0.00s)
INFO | Loaded MIP start from previous solve with objective 0
INFO | 
INFO | 
INFO | Explored 0 nodes (0 simplex iterations) in 0.00 seconds (0.00 work units)
INFO | Thread count was 1 (of 10 available processors)
INFO | 
INFO | Solution count 1: 0 
INFO | 
INFO | Optimal solution found (tolerance 1.00e-04)
INFO | Best objective 0.000000000000e+00, best bound 0.000000000000e+00, gap 0.0000%
INFO | Set parameter InfUnbdInfo to value 1
INFO | Set parameter DualReductions to value 0
INFO | Set parameter QCPDual to value 1
INFO | Gurobi Optimizer version 13.0.0 build v13.0.0rc1 (mac64[rosetta2] - Darwin 25.5.0 25F84)
INFO | 
INFO | CPU model: Apple M1 Max
INFO | Thread count: 10 physical cores, 10 logical processors, using up to 10 threads
INFO | 
INFO | Non-default parameters:
INFO | DualReductions  0
INFO | InfUnbdInfo  1
INFO | LogToConsole  0
INFO | QCPDual  1
INFO | 
INFO | Optimize a model with 17264 rows, 2436 columns and 33669 nonzeros (Min)
INFO | Model fingerprint: 0x33d78c6f
INFO | Model has 110 linear objective coefficients
INFO | Coefficient statistics:
INFO |   Matrix range     [3e-01, 2e+05]
INFO |   Objective range  [1e+00, 2e+06]
INFO |   Bounds range     [1e+00, 5e+03]
INFO |   RHS range        [3e-01, 2e+05]
INFO | Presolve time: 0.00s
INFO | Presolved: 4263 rows, 957 columns, 17593 nonzeros
INFO | 
INFO | Concurrent LP optimizer: primal simplex, dual simplex, and barrier
INFO | Showing barrier log only...
INFO | 
INFO | Ordering time: 0.03s
INFO | 
INFO | Barrier performed 0 iterations in 0.04 seconds (0.03 work units)
INFO | Barrier solve interrupted - model solved by another algorithm
INFO | 
INFO | 
INFO | Solved with primal simplex
INFO | Iteration    Objective       Primal Inf.    Dual Inf.      Time
INFO |       89    2.4913692e+07   0.000000e+00   0.000000e+00      0s
INFO | 
INFO | Use crossover to convert LP symmetric solution to basic solution...
INFO | Crossover log...
INFO | 
INFO |       21 PPushes remaining with PInf 0.0000000e+00                 0s
INFO |        0 PPushes remaining with PInf 0.0000000e+00                 0s
INFO | 
INFO |   Push phase complete: Pinf 0.0000000e+00, Dinf 0.0000000e+00      0s
INFO | 
INFO | Crossover time: 0.00 seconds (0.00 work units)
INFO | Iteration    Objective       Primal Inf.    Dual Inf.      Time
INFO |      113    2.4913692e+07   0.000000e+00   0.000000e+00      0s
INFO | 
INFO | Solved in 113 iterations and 0.04 seconds (0.02 work units)
INFO | Optimal objective  2.491369163e+07
  --- Benders iteration 3  cuts_added=1  cuts_total=3  master_obj=0  eta=[bundle:0]  ---
INFO | Gurobi Optimizer version 13.0.0 build v13.0.0rc1 (mac64[rosetta2] - Darwin 25.5.0 25F84)
INFO | 
INFO | CPU model: Apple M1 Max
INFO | Thread count: 10 physical cores, 10 logical processors, using up to 10 threads
INFO | 
INFO | Non-default parameters:
INFO | LogToConsole  0
INFO | 
INFO | Optimize a model with 57 rows, 2437 columns and 341 nonzeros (Min)
INFO | Model fingerprint: 0x500b09d3
INFO | Model has 157 linear objective coefficients
INFO | Variable types: 2167 continuous, 270 integer (270 binary)
INFO | Coefficient statistics:
INFO |   Matrix range     [1e+00, 9e+05]
INFO |   Objective range  [1e+00, 1e+09]
INFO |   Bounds range     [1e+00, 5e+03]
INFO |   RHS range        [2e+07, 3e+07]
INFO | Warning: Model contains large objective coefficients
INFO |          Consider reformulating model or setting NumericFocus parameter
INFO |          to avoid numerical issues.
INFO | 
INFO | MIP start from previous solve produced solution with objective 0 (0.00s)
INFO | Loaded MIP start from previous solve with objective 0
INFO | 
INFO | 
INFO | Explored 0 nodes (0 simplex iterations) in 0.00 seconds (0.00 work units)
INFO | Thread count was 1 (of 10 available processors)
INFO | 
INFO | Solution count 1: 0 
INFO | 
INFO | Optimal solution found (tolerance 1.00e-04)
INFO | Best objective 0.000000000000e+00, best bound 0.000000000000e+00, gap 0.0000%
INFO | Set parameter InfUnbdInfo to value 1
INFO | Set parameter DualReductions to value 0
INFO | Set parameter QCPDual to value 1
INFO | Gurobi Optimizer version 13.0.0 build v13.0.0rc1 (mac64[rosetta2] - Darwin 25.5.0 25F84)
INFO | 
INFO | CPU model: Apple M1 Max
INFO | Thread count: 10 physical cores, 10 logical processors, using up to 10 threads
INFO | 
INFO | Non-default parameters:
INFO | DualReductions  0
INFO | InfUnbdInfo  1
INFO | LogToConsole  0
INFO | QCPDual  1
INFO | 
INFO | Optimize a model with 17264 rows, 2436 columns and 33669 nonzeros (Min)
INFO | Model fingerprint: 0x61497050
INFO | Model has 110 linear objective coefficients
INFO | Coefficient statistics:
INFO |   Matrix range     [3e-01, 2e+05]
INFO |   Objective range  [1e+00, 2e+06]
INFO |   Bounds range     [1e+00, 5e+03]
INFO |   RHS range        [3e-01, 2e+05]
INFO | Presolve time: 0.00s
INFO | Presolved: 4263 rows, 957 columns, 17593 nonzeros
INFO | 
INFO | Concurrent LP optimizer: primal simplex, dual simplex, and barrier
INFO | Showing barrier log only...
INFO | 
INFO | Ordering time: 0.03s
INFO | 
INFO | Barrier performed 0 iterations in 0.04 seconds (0.03 work units)
INFO | Barrier solve interrupted - model solved by another algorithm
INFO | 
INFO | 
INFO | Solved with primal simplex
INFO | Iteration    Objective       Primal Inf.    Dual Inf.      Time
INFO |       89    2.4913629e+07   0.000000e+00   0.000000e+00      0s
INFO | 
INFO | Use crossover to convert LP symmetric solution to basic solution...
INFO | Crossover log...
INFO | 
INFO |       21 PPushes remaining with PInf 0.0000000e+00                 0s
INFO |        0 PPushes remaining with PInf 0.0000000e+00                 0s
INFO | 
INFO |   Push phase complete: Pinf 0.0000000e+00, Dinf 0.0000000e+00      0s
INFO | 
INFO | Crossover time: 0.00 seconds (0.00 work units)
INFO | Iteration    Objective       Primal Inf.    Dual Inf.      Time
INFO |      113    2.4913629e+07   0.000000e+00   0.000000e+00      0s
INFO | 
INFO | Solved in 113 iterations and 0.04 seconds (0.02 work units)
INFO | Optimal objective  2.491362882e+07
  --- Benders iteration 4  cuts_added=1  cuts_total=4  master_obj=0  eta=[bundle:0]  ---
INFO | Gurobi Optimizer version 13.0.0 build v13.0.0rc1 (mac64[rosetta2] - Darwin 25.5.0 25F84)
INFO | 
INFO | CPU model: Apple M1 Max
INFO | Thread count: 10 physical cores, 10 logical processors, using up to 10 threads
INFO | 
INFO | Non-default parameters:
INFO | LogToConsole  0
INFO | 
INFO | Optimize a model with 58 rows, 2437 columns and 380 nonzeros (Min)
INFO | Model fingerprint: 0xe8701e38
INFO | Model has 157 linear objective coefficients
INFO | Variable types: 2167 continuous, 270 integer (270 binary)
INFO | Coefficient statistics:
INFO |   Matrix range     [1e+00, 9e+05]
INFO |   Objective range  [1e+00, 1e+09]
INFO |   Bounds range     [1e+00, 5e+03]
INFO |   RHS range        [2e+07, 3e+07]
INFO | Warning: Model contains large objective coefficients
INFO |          Consider reformulating model or setting NumericFocus parameter
INFO |          to avoid numerical issues.
INFO | 
INFO | MIP start from previous solve produced solution with objective 0 (0.00s)
INFO | Loaded MIP start from previous solve with objective 0
INFO | 
INFO | 
INFO | Explored 0 nodes (0 simplex iterations) in 0.00 seconds (0.00 work units)
INFO | Thread count was 1 (of 10 available processors)
INFO | 
INFO | Solution count 1: 0 
INFO | 
INFO | Optimal solution found (tolerance 1.00e-04)
INFO | Best objective 0.000000000000e+00, best bound 0.000000000000e+00, gap 0.0000%
INFO | Set parameter InfUnbdInfo to value 1
INFO | Set parameter DualReductions to value 0
INFO | Set parameter QCPDual to value 1
INFO | Gurobi Optimizer version 13.0.0 build v13.0.0rc1 (mac64[rosetta2] - Darwin 25.5.0 25F84)
INFO | 
INFO | CPU model: Apple M1 Max
INFO | Thread count: 10 physical cores, 10 logical processors, using up to 10 threads
INFO | 
INFO | Non-default parameters:
INFO | DualReductions  0
INFO | InfUnbdInfo  1
INFO | LogToConsole  0
INFO | QCPDual  1
INFO | 
INFO | Optimize a model with 17264 rows, 2436 columns and 33669 nonzeros (Min)
INFO | Model fingerprint: 0x2acf2e1c
INFO | Model has 110 linear objective coefficients
INFO | Coefficient statistics:
INFO |   Matrix range     [3e-01, 2e+05]
INFO |   Objective range  [1e+00, 2e+06]
INFO |   Bounds range     [1e+00, 5e+03]
INFO |   RHS range        [3e-01, 2e+05]
INFO | Presolve time: 0.00s
INFO | Presolved: 4263 rows, 957 columns, 17593 nonzeros
INFO | 
INFO | Concurrent LP optimizer: primal simplex, dual simplex, and barrier
INFO | Showing barrier log only...
INFO | 
INFO | Ordering time: 0.03s
INFO | 
INFO | Barrier performed 0 iterations in 0.04 seconds (0.03 work units)
INFO | Barrier solve interrupted - model solved by another algorithm
INFO | 
INFO | 
INFO | Solved with primal simplex
INFO | Iteration    Objective       Primal Inf.    Dual Inf.      Time
INFO |       89    2.4892367e+07   0.000000e+00   0.000000e+00      0s
INFO | 
INFO | Use crossover to convert LP symmetric solution to basic solution...
INFO | Crossover log...
INFO | 
INFO |       21 PPushes remaining with PInf 0.0000000e+00                 0s
INFO |        0 PPushes remaining with PInf 0.0000000e+00                 0s
INFO | 
INFO |   Push phase complete: Pinf 0.0000000e+00, Dinf 0.0000000e+00      0s
INFO | 
INFO | Crossover time: 0.00 seconds (0.00 work units)
INFO | Iteration    Objective       Primal Inf.    Dual Inf.      Time
INFO |      113    2.4892367e+07   0.000000e+00   0.000000e+00      0s
INFO | 
INFO | Solved in 113 iterations and 0.04 seconds (0.02 work units)
INFO | Optimal objective  2.489236731e+07
  --- Benders iteration 5  cuts_added=1  cuts_total=5  master_obj=0  eta=[bundle:0]  ---
INFO | Gurobi Optimizer version 13.0.0 build v13.0.0rc1 (mac64[rosetta2] - Darwin 25.5.0 25F84)
INFO | 
INFO | CPU model: Apple M1 Max
INFO | Thread count: 10 physical cores, 10 logical processors, using up to 10 threads
INFO | 
INFO | Non-default parameters:
INFO | LogToConsole  0
INFO | 
INFO | Optimize a model with 59 rows, 2437 columns and 421 nonzeros (Min)
INFO | Model fingerprint: 0x705d2675
INFO | Model has 157 linear objective coefficients
INFO | Variable types: 2167 continuous, 270 integer (270 binary)
INFO | Coefficient statistics:
INFO |   Matrix range     [1e+00, 9e+05]
INFO |   Objective range  [1e+00, 1e+09]
INFO |   Bounds range     [1e+00, 5e+03]
INFO |   RHS range        [2e+07, 3e+07]
INFO | Warning: Model contains large objective coefficients
INFO |          Consider reformulating model or setting NumericFocus parameter
INFO |          to avoid numerical issues.
INFO | 
INFO | MIP start from previous solve produced solution with objective 0 (0.00s)
INFO | Loaded MIP start from previous solve with objective 0
INFO | 
INFO | 
INFO | Explored 0 nodes (0 simplex iterations) in 0.00 seconds (0.00 work units)
INFO | Thread count was 1 (of 10 available processors)
INFO | 
INFO | Solution count 1: 0 
INFO | 
INFO | Optimal solution found (tolerance 1.00e-04)
INFO | Best objective 0.000000000000e+00, best bound 0.000000000000e+00, gap 0.0000%
INFO | Set parameter InfUnbdInfo to value 1
INFO | Set parameter DualReductions to value 0
INFO | Set parameter QCPDual to value 1
INFO | Gurobi Optimizer version 13.0.0 build v13.0.0rc1 (mac64[rosetta2] - Darwin 25.5.0 25F84)
INFO | 
INFO | CPU model: Apple M1 Max
INFO | Thread count: 10 physical cores, 10 logical processors, using up to 10 threads
INFO | 
INFO | Non-default parameters:
INFO | DualReductions  0
INFO | InfUnbdInfo  1
INFO | LogToConsole  0
INFO | QCPDual  1
INFO | 
INFO | Optimize a model with 17264 rows, 2436 columns and 33669 nonzeros (Min)
INFO | Model fingerprint: 0xae435bc1
INFO | Model has 110 linear objective coefficients
INFO | Coefficient statistics:
INFO |   Matrix range     [3e-01, 2e+05]
INFO |   Objective range  [1e+00, 2e+06]
INFO |   Bounds range     [1e+00, 5e+03]
INFO |   RHS range        [3e-01, 2e+05]
INFO | Presolve time: 0.00s
INFO | Presolved: 4263 rows, 957 columns, 17593 nonzeros
INFO | 
INFO | Concurrent LP optimizer: primal simplex, dual simplex, and barrier
INFO | Showing barrier log only...
INFO | 
INFO | Ordering time: 0.03s
INFO | 
INFO | Barrier performed 0 iterations in 0.04 seconds (0.03 work units)
INFO | Barrier solve interrupted - model solved by another algorithm
INFO | 
INFO | 
INFO | Solved with primal simplex
INFO | Iteration    Objective       Primal Inf.    Dual Inf.      Time
INFO |       89    2.4892305e+07   0.000000e+00   0.000000e+00      0s
INFO | 
INFO | Use crossover to convert LP symmetric solution to basic solution...
INFO | Crossover log...
INFO | 
INFO |       21 PPushes remaining with PInf 0.0000000e+00                 0s
INFO |        0 PPushes remaining with PInf 0.0000000e+00                 0s
INFO | 
INFO |   Push phase complete: Pinf 0.0000000e+00, Dinf 0.0000000e+00      0s
INFO | 
INFO | Crossover time: 0.00 seconds (0.00 work units)
INFO | Iteration    Objective       Primal Inf.    Dual Inf.      Time
INFO |      113    2.4892305e+07   0.000000e+00   0.000000e+00      0s
INFO | 
INFO | Solved in 113 iterations and 0.04 seconds (0.02 work units)
INFO | Optimal objective  2.489230450e+07
  --- Benders iteration 6  cuts_added=1  cuts_total=6  master_obj=0  eta=[bundle:0]  ---
INFO | Gurobi Optimizer version 13.0.0 build v13.0.0rc1 (mac64[rosetta2] - Darwin 25.5.0 25F84)
INFO | 
INFO | CPU model: Apple M1 Max
INFO | Thread count: 10 physical cores, 10 logical processors, using up to 10 threads
INFO | 
INFO | Non-default parameters:
INFO | LogToConsole  0
INFO | 
INFO | Optimize a model with 60 rows, 2437 columns and 460 nonzeros (Min)
INFO | Model fingerprint: 0xfa537eec
INFO | Model has 157 linear objective coefficients
INFO | Variable types: 2167 continuous, 270 integer (270 binary)
INFO | Coefficient statistics:
INFO |   Matrix range     [1e+00, 9e+05]
INFO |   Objective range  [1e+00, 1e+09]
INFO |   Bounds range     [1e+00, 5e+03]
INFO |   RHS range        [2e+07, 3e+07]
INFO | Warning: Model contains large objective coefficients
INFO |          Consider reformulating model or setting NumericFocus parameter
INFO |          to avoid numerical issues.
INFO | 
INFO | MIP start from previous solve produced solution with objective 0 (0.00s)
INFO | Loaded MIP start from previous solve with objective 0
INFO | 
INFO | 
INFO | Explored 0 nodes (0 simplex iterations) in 0.00 seconds (0.00 work units)
INFO | Thread count was 1 (of 10 available processors)
INFO | 
INFO | Solution count 1: 0 
INFO | 
INFO | Optimal solution found (tolerance 1.00e-04)
INFO | Best objective 0.000000000000e+00, best bound 0.000000000000e+00, gap 0.0000%
INFO | Set parameter InfUnbdInfo to value 1
INFO | Set parameter DualReductions to value 0
INFO | Set parameter QCPDual to value 1
INFO | Gurobi Optimizer version 13.0.0 build v13.0.0rc1 (mac64[rosetta2] - Darwin 25.5.0 25F84)
INFO | 
INFO | CPU model: Apple M1 Max
INFO | Thread count: 10 physical cores, 10 logical processors, using up to 10 threads
INFO | 
INFO | Non-default parameters:
INFO | DualReductions  0
INFO | InfUnbdInfo  1
INFO | LogToConsole  0
INFO | QCPDual  1
INFO | 
INFO | Optimize a model with 17264 rows, 2436 columns and 33669 nonzeros (Min)
INFO | Model fingerprint: 0x2b9066ec
INFO | Model has 110 linear objective coefficients
INFO | Coefficient statistics:
INFO |   Matrix range     [3e-01, 2e+05]
INFO |   Objective range  [1e+00, 2e+06]
INFO |   Bounds range     [1e+00, 5e+03]
INFO |   RHS range        [3e-01, 2e+05]
INFO | Presolve time: 0.00s
INFO | Presolved: 4263 rows, 957 columns, 17593 nonzeros
INFO | 
INFO | Concurrent LP optimizer: primal simplex, dual simplex, and barrier
INFO | Showing barrier log only...
INFO | 
INFO | Ordering time: 0.03s
INFO | 
INFO | Barrier performed 0 iterations in 0.04 seconds (0.03 work units)
INFO | Barrier solve interrupted - model solved by another algorithm
INFO | 
INFO | 
INFO | Solved with primal simplex
INFO | Iteration    Objective       Primal Inf.    Dual Inf.      Time
INFO |       89    2.4892240e+07   0.000000e+00   0.000000e+00      0s
INFO | 
INFO | Use crossover to convert LP symmetric solution to basic solution...
INFO | Crossover log...
INFO | 
INFO |       21 PPushes remaining with PInf 0.0000000e+00                 0s
INFO |        0 PPushes remaining with PInf 0.0000000e+00                 0s
INFO | 
INFO |   Push phase complete: Pinf 0.0000000e+00, Dinf 0.0000000e+00      0s
INFO | 
INFO | Crossover time: 0.00 seconds (0.00 work units)
INFO | Iteration    Objective       Primal Inf.    Dual Inf.      Time
INFO |      113    2.4892240e+07   0.000000e+00   0.000000e+00      0s
INFO | 
INFO | Solved in 113 iterations and 0.04 seconds (0.02 work units)
INFO | Optimal objective  2.489224013e+07
  --- Benders iteration 7  cuts_added=1  cuts_total=7  master_obj=0  eta=[bundle:0]  ---
INFO | Gurobi Optimizer version 13.0.0 build v13.0.0rc1 (mac64[rosetta2] - Darwin 25.5.0 25F84)
INFO | 
INFO | CPU model: Apple M1 Max
INFO | Thread count: 10 physical cores, 10 logical processors, using up to 10 threads
INFO | 
INFO | Non-default parameters:
INFO | LogToConsole  0
INFO | 
INFO | Optimize a model with 61 rows, 2437 columns and 499 nonzeros (Min)
INFO | Model fingerprint: 0x6180106c
INFO | Model has 157 linear objective coefficients
INFO | Variable types: 2167 continuous, 270 integer (270 binary)
INFO | Coefficient statistics:
INFO |   Matrix range     [1e+00, 9e+05]
INFO |   Objective range  [1e+00, 1e+09]
INFO |   Bounds range     [1e+00, 5e+03]
INFO |   RHS range        [2e+07, 3e+07]
INFO | Warning: Model contains large objective coefficients
INFO |          Consider reformulating model or setting NumericFocus parameter
INFO |          to avoid numerical issues.
INFO | 
INFO | MIP start from previous solve produced solution with objective 0 (0.00s)
INFO | Loaded MIP start from previous solve with objective 0
INFO | 
INFO | 
INFO | Explored 0 nodes (0 simplex iterations) in 0.00 seconds (0.00 work units)
INFO | Thread count was 1 (of 10 available processors)
INFO | 
INFO | Solution count 1: 0 
INFO | 
INFO | Optimal solution found (tolerance 1.00e-04)
INFO | Best objective 0.000000000000e+00, best bound 0.000000000000e+00, gap 0.0000%
INFO | Set parameter InfUnbdInfo to value 1
INFO | Set parameter DualReductions to value 0
INFO | Set parameter QCPDual to value 1
INFO | Gurobi Optimizer version 13.0.0 build v13.0.0rc1 (mac64[rosetta2] - Darwin 25.5.0 25F84)
INFO | 
INFO | CPU model: Apple M1 Max
INFO | Thread count: 10 physical cores, 10 logical processors, using up to 10 threads
INFO | 
INFO | Non-default parameters:
INFO | DualReductions  0
INFO | InfUnbdInfo  1
INFO | LogToConsole  0
INFO | QCPDual  1
INFO | 
INFO | Optimize a model with 17264 rows, 2436 columns and 33669 nonzeros (Min)
INFO | Model fingerprint: 0x0d980b27
INFO | Model has 110 linear objective coefficients
INFO | Coefficient statistics:
INFO |   Matrix range     [3e-01, 2e+05]
INFO |   Objective range  [1e+00, 2e+06]
INFO |   Bounds range     [1e+00, 5e+03]
INFO |   RHS range        [3e-01, 2e+05]
INFO | Presolve time: 0.00s
INFO | Presolved: 4263 rows, 957 columns, 17593 nonzeros
INFO | 
INFO | Concurrent LP optimizer: primal simplex, dual simplex, and barrier
INFO | Showing barrier log only...
INFO | 
INFO | Ordering time: 0.03s
INFO | 
INFO | Barrier performed 0 iterations in 0.04 seconds (0.03 work units)
INFO | Barrier solve interrupted - model solved by another algorithm
INFO | 
INFO | 
INFO | Solved with primal simplex
INFO | Iteration    Objective       Primal Inf.    Dual Inf.      Time
INFO |       89    2.4892177e+07   0.000000e+00   0.000000e+00      0s
INFO | 
INFO | Use crossover to convert LP symmetric solution to basic solution...
INFO | Crossover log...
INFO | 
INFO |       21 PPushes remaining with PInf 0.0000000e+00                 0s
INFO |        0 PPushes remaining with PInf 0.0000000e+00                 0s
INFO | 
INFO |   Push phase complete: Pinf 0.0000000e+00, Dinf 0.0000000e+00      0s
INFO | 
INFO | Crossover time: 0.00 seconds (0.00 work units)
INFO | Iteration    Objective       Primal Inf.    Dual Inf.      Time
INFO |      113    2.4892177e+07   0.000000e+00   0.000000e+00      0s
INFO | 
INFO | Solved in 113 iterations and 0.04 seconds (0.02 work units)
INFO | Optimal objective  2.489217732e+07
  --- Benders iteration 8  cuts_added=1  cuts_total=8  master_obj=0  eta=[bundle:0]  ---
INFO | Gurobi Optimizer version 13.0.0 build v13.0.0rc1 (mac64[rosetta2] - Darwin 25.5.0 25F84)
INFO | 
INFO | CPU model: Apple M1 Max
INFO | Thread count: 10 physical cores, 10 logical processors, using up to 10 threads
INFO | 
INFO | Non-default parameters:
INFO | LogToConsole  0
INFO | 
INFO | Optimize a model with 62 rows, 2437 columns and 536 nonzeros (Min)
INFO | Model fingerprint: 0xbbb2382c
INFO | Model has 157 linear objective coefficients
INFO | Variable types: 2167 continuous, 270 integer (270 binary)
INFO | Coefficient statistics:
INFO |   Matrix range     [1e+00, 9e+05]
INFO |   Objective range  [1e+00, 1e+09]
INFO |   Bounds range     [1e+00, 5e+03]
INFO |   RHS range        [2e+07, 3e+07]
INFO | Warning: Model contains large objective coefficients
INFO |          Consider reformulating model or setting NumericFocus parameter
INFO |          to avoid numerical issues.
INFO | 
INFO | MIP start from previous solve produced solution with objective 2.48922e+07 (0.00s)
INFO | Loaded MIP start from previous solve with objective 2.48922e+07
INFO | 
INFO | Presolve removed 62 rows and 2437 columns
INFO | Presolve time: 0.00s
INFO | Presolve: All rows and columns removed
INFO | 
INFO | Explored 0 nodes (0 simplex iterations) in 0.00 seconds (0.00 work units)
INFO | Thread count was 1 (of 10 available processors)
INFO | 
INFO | Solution count 1: 2.48922e+07 
INFO | 
INFO | Optimal solution found (tolerance 1.00e-04)
INFO | Best objective 2.489217731863e+07, best bound 2.489217731863e+07, gap 0.0000%
INFO | Set parameter InfUnbdInfo to value 1
INFO | Set parameter DualReductions to value 0
INFO | Set parameter QCPDual to value 1
INFO | Gurobi Optimizer version 13.0.0 build v13.0.0rc1 (mac64[rosetta2] - Darwin 25.5.0 25F84)
INFO | 
INFO | CPU model: Apple M1 Max
INFO | Thread count: 10 physical cores, 10 logical processors, using up to 10 threads
INFO | 
INFO | Non-default parameters:
INFO | DualReductions  0
INFO | InfUnbdInfo  1
INFO | LogToConsole  0
INFO | QCPDual  1
INFO | 
INFO | Optimize a model with 17264 rows, 2436 columns and 33669 nonzeros (Min)
INFO | Model fingerprint: 0x3855f8f1
INFO | Model has 110 linear objective coefficients
INFO | Coefficient statistics:
INFO |   Matrix range     [3e-01, 2e+05]
INFO |   Objective range  [1e+00, 2e+06]
INFO |   Bounds range     [1e+00, 5e+03]
INFO |   RHS range        [3e-01, 2e+05]
INFO | Presolve time: 0.00s
INFO | Presolved: 4263 rows, 957 columns, 17593 nonzeros
INFO | 
INFO | Concurrent LP optimizer: primal simplex, dual simplex, and barrier
INFO | Showing barrier log only...
INFO | 
INFO | Ordering time: 0.03s
INFO | 
INFO | Barrier performed 0 iterations in 0.04 seconds (0.03 work units)
INFO | Barrier solve interrupted - model solved by another algorithm
INFO | 
INFO | 
INFO | Solved with primal simplex
INFO | Iteration    Objective       Primal Inf.    Dual Inf.      Time
INFO |       89    2.4892177e+07   0.000000e+00   0.000000e+00      0s
INFO | 
INFO | Use crossover to convert LP symmetric solution to basic solution...
INFO | Crossover log...
INFO | 
INFO |       21 PPushes remaining with PInf 0.0000000e+00                 0s
INFO |        0 PPushes remaining with PInf 0.0000000e+00                 0s
INFO | 
INFO |   Push phase complete: Pinf 0.0000000e+00, Dinf 0.0000000e+00      0s
INFO | 
INFO | Crossover time: 0.00 seconds (0.00 work units)
INFO | Iteration    Objective       Primal Inf.    Dual Inf.      Time
INFO |      113    2.4892177e+07   0.000000e+00   0.000000e+00      0s
INFO | 
INFO | Solved in 113 iterations and 0.04 seconds (0.02 work units)
INFO | Optimal objective  2.489217732e+07
  --- Benders iteration 9  cuts_added=0  cuts_total=8  master_obj=2.48922e+07  eta=[bundle:2.489e+07]  CONVERGED (no cuts)  ---
INFO - Termination: No Cuts Added
INFO | Termination: No Cuts Added
INFO - 
INFO | 
INFO - ----------------------------------------------------------------------
INFO | ----------------------------------------------------------------------
INFO - BendersSolver - RESULTS
INFO | BendersSolver - RESULTS
INFO - Metadata context_name: Benders Iterations
INFO | Metadata context_name: Benders Iterations
INFO - Metadata policy: keep_latest
INFO | Metadata policy: keep_latest
INFO - Metadata as_solution_source: sparow.solnpool.solnpool._sparow_as_solution
INFO | Metadata as_solution_source: sparow.solnpool.solnpool._sparow_as_solution
INFO - Metadata solver: Benders Iteration Results
INFO | Metadata solver: Benders Iteration Results
INFO - Metadata solver_options: {'cached_model_generation': False, 'max_iterations': 50, 'convergence_tolerance': 0.001, 'solver_name': 'gurobi_persistent', 'solver_options': {}}
INFO | Metadata solver_options: {'cached_model_generation': False, 'max_iterations': 50, 'convergence_tolerance': 0.001, 'solver_name': 'gurobi_persistent', 'solver_options': {}}
INFO - Metadata iterations: 9
INFO | Metadata iterations: 9
INFO - Metadata termination_condition: Termination: No Cuts Added
INFO | Metadata termination_condition: Termination: No Cuts Added
INFO - Metadata start_time: 2026-08-08 13:29:39.338189
INFO | Metadata start_time: 2026-08-08 13:29:39.338189
INFO - Metadata end_time: 2026-08-08 13:29:45.402161
INFO | Metadata end_time: 2026-08-08 13:29:45.402161
INFO - Metadata time_elapsed: 0:00:06.063972
INFO | Metadata time_elapsed: 0:00:06.063972
INFO - Objective Value: ObjectiveInfo(value=24892177.31863191, name=None, index=None, suffix=MyMunch({}))
INFO | Objective Value: ObjectiveInfo(value=24892177.31863191, name=None, index=None, suffix=MyMunch({}))
INFO - 
INFO | 
INFO - ----------------------------------------------------------------------
INFO | ----------------------------------------------------------------------
INFO - BendersSolver - STOP
INFO | BendersSolver - STOP
  Solve returned after 9 Benders iteration(s), 8 cut(s) total.
  Benders objective value: 2.48922e+07
  |Benders - EF| = 7.45058e-09  (tol = 2489.22)
  Stage 8 PASSED – Benders matches EF within tolerance
