========================================================================
GTEP SPAROW staged diagnostics – MULTI-SCENARIO path
  package=scale_tests
========================================================================

=== STAGE 0: Environment ===
  Pyomo OK  (/opt/miniconda3/envs/topas_sparow_dev/lib/python3.13/site-packages/pyomo/__init__.py)
  SPAROW OK (/Users/matthewviens/Optimization/sparow/sparow/__init__.py)
  relax_second_stage importable
  OR-Topas OK
  EGRET OK  (/opt/miniconda3/envs/topas_sparow_dev/lib/python3.13/site-packages/egret/__init__.py)
  Stage 0 PASSED

=== STAGE 1: Build GTEP model (multi-scenario package tree) ===
  force_minimal=True → stages=1, reps=1, len_reps=4, commit=2, disp=1, flow=CP
  create_gtep_model from: /Users/matthewviens/Optimization/sparow_examples/sparow_examples/aos_gtep_benders_multiple_scenarios/scale_tests/load_0p95/driver_gtep.py
  data/ resolved to:      /Users/matthewviens/Optimization/sparow_examples/sparow_examples/aos_gtep_benders_multiple_scenarios/scale_tests/load_0p95/data
Did not find reserves.csv; assuming no reserves
WARNING | Did not find reserves.csv; assuming no reserves
Setting default t0 state in RTS-GMLC parser
WARNING | Setting default t0 state in RTS-GMLC parser
WARNING | DEPRECATED: Using __getitem__ to return a set value from its (ordered)
position is deprecated.  Please use at()  (deprecated in 6.1, will be
removed in (or after) 7.0)
(called from /Users/matthewviens/Optimization/sparow_examples/sparow_examples/aos_gtep_benders_multiple_scenarios/scale_tests/load_0p95/gtep_model.py:1282)
WARNING | DEPRECATED: Using __getitem__ to return a set value from its (ordered)
position is deprecated.  Please use at()  (deprecated in 6.1, will be
removed in (or after) 7.0)
(called from /Users/matthewviens/Optimization/sparow_examples/sparow_examples/aos_gtep_benders_multiple_scenarios/scale_tests/load_0p95/gtep_model.py:1352)
WARNING | DEPRECATED: Using __getitem__ to return a set value from its (ordered)
position is deprecated.  Please use at()  (deprecated in 6.1, will be
removed in (or after) 7.0)
(called from /Users/matthewviens/Optimization/sparow_examples/sparow_examples/aos_gtep_benders_multiple_scenarios/scale_tests/load_0p95/gtep_model.py:1391)
WARNING | Implicitly replacing the Component attribute storageCostInvestment (type=<class 'pyomo.core.base.var.ScalarVar'>) on block investmentStage[1] with a new Component (type=<class 'pyomo.core.base.expression.ScalarExpression'>).
This is usually indicative of a modelling error.
To avoid this warning, use block.del_component() and block.add_component().
[    0.00] Creating GTEP Model
  Model type: <class 'pyomo.core.base.PyomoModel.ConcreteModel'>
  Active objectives: ['total_cost_objective_rule']
  Component stages: length 1
  Component investmentStage: length 1
  Component representativePeriods: length 1
  Component thermalGenerators: length 33
  Component renewableGenerators: length 33
  Component storage: length 12
  Component transmission: length 9
  Total active Binary VarData (after bigM): 1776
  Stage 1 PASSED

=== STAGE 2: Inspect binary / integer variables ===
  Binary components:
    investmentStage[1].representativePeriod[1].commitmentPeriod[1].dispatchPeriod[1]._logical_to_disjunctive.auxiliary_vars  n=   36  sample_idx=[1, 2, 3]
    investmentStage[1].representativePeriod[1].commitmentPeriod[1].dispatchPeriod[1]._pyomo_gdp_bigm_reformulation.relaxedDisjuncts[0].localVarReferences.binary_indicator_var  n=    1  sample_idx=[None]
    investmentStage[1].representativePeriod[1].commitmentPeriod[1].dispatchPeriod[1]._pyomo_gdp_bigm_reformulation.relaxedDisjuncts[1].localVarReferences.binary_indicator_var  n=    1  sample_idx=[None]
    investmentStage[1].representativePeriod[1].commitmentPeriod[1].dispatchPeriod[1]._pyomo_gdp_bigm_reformulation.relaxedDisjuncts[2].localVarReferences.binary_indicator_var  n=    1  sample_idx=[None]
    investmentStage[1].representativePeriod[1].commitmentPeriod[1].dispatchPeriod[1]._pyomo_gdp_bigm_reformulation.relaxedDisjuncts[3].localVarReferences.binary_indicator_var  n=    1  sample_idx=[None]
    investmentStage[1].representativePeriod[1].commitmentPeriod[1].dispatchPeriod[1]._pyomo_gdp_bigm_reformulation.relaxedDisjuncts[4].localVarReferences.binary_indicator_var  n=    1  sample_idx=[None]
    investmentStage[1].representativePeriod[1].commitmentPeriod[1].dispatchPeriod[1]._pyomo_gdp_bigm_reformulation.relaxedDisjuncts[5].localVarReferences.binary_indicator_var  n=    1  sample_idx=[None]
    investmentStage[1].representativePeriod[1].commitmentPeriod[1].dispatchPeriod[1]._pyomo_gdp_bigm_reformulation.relaxedDisjuncts[6].localVarReferences.binary_indicator_var  n=    1  sample_idx=[None]
    investmentStage[1].representativePeriod[1].commitmentPeriod[1].dispatchPeriod[1]._pyomo_gdp_bigm_reformulation.relaxedDisjuncts[7].localVarReferences.binary_indicator_var  n=    1  sample_idx=[None]
    investmentStage[1].representativePeriod[1].commitmentPeriod[1].dispatchPeriod[1]._pyomo_gdp_bigm_reformulation.relaxedDisjuncts[8].localVarReferences.binary_indicator_var  n=    1  sample_idx=[None]
    investmentStage[1].representativePeriod[1].commitmentPeriod[1].dispatchPeriod[1]._pyomo_gdp_bigm_reformulation.relaxedDisjuncts[9].localVarReferences.binary_indicator_var  n=    1  sample_idx=[None]
    investmentStage[1].representativePeriod[1].commitmentPeriod[1].dispatchPeriod[1]._pyomo_gdp_bigm_reformulation.relaxedDisjuncts[10].localVarReferences.binary_indicator_var  n=    1  sample_idx=[None]
    investmentStage[1].representativePeriod[1].commitmentPeriod[1].dispatchPeriod[1]._pyomo_gdp_bigm_reformulation.relaxedDisjuncts[11].localVarReferences.binary_indicator_var  n=    1  sample_idx=[None]
    investmentStage[1].representativePeriod[1].commitmentPeriod[1].dispatchPeriod[1]._pyomo_gdp_bigm_reformulation.relaxedDisjuncts[12].localVarReferences.binary_indicator_var  n=    1  sample_idx=[None]
    investmentStage[1].representativePeriod[1].commitmentPeriod[1].dispatchPeriod[1]._pyomo_gdp_bigm_reformulation.relaxedDisjuncts[13].localVarReferences.binary_indicator_var  n=    1  sample_idx=[None]
    investmentStage[1].representativePeriod[1].commitmentPeriod[1].dispatchPeriod[1]._pyomo_gdp_bigm_reformulation.relaxedDisjuncts[14].localVarReferences.binary_indicator_var  n=    1  sample_idx=[None]
    investmentStage[1].representativePeriod[1].commitmentPeriod[1].dispatchPeriod[1]._pyomo_gdp_bigm_reformulation.relaxedDisjuncts[15].localVarReferences.binary_indicator_var  n=    1  sample_idx=[None]
    investmentStage[1].representativePeriod[1].commitmentPeriod[1].dispatchPeriod[1]._pyomo_gdp_bigm_reformulation.relaxedDisjuncts[16].localVarReferences.binary_indicator_var  n=    1  sample_idx=[None]
    investmentStage[1].representativePeriod[1].commitmentPeriod[1].dispatchPeriod[1]._pyomo_gdp_bigm_reformulation.relaxedDisjuncts[17].localVarReferences.binary_indicator_var  n=    1  sample_idx=[None]
    investmentStage[1].representativePeriod[1].commitmentPeriod[1]._logical_to_disjunctive.auxiliary_vars  n=  135  sample_idx=[1, 2, 3]
    investmentStage[1].representativePeriod[1].commitmentPeriod[1]._pyomo_gdp_bigm_reformulation.relaxedDisjuncts[0].localVarReferences.binary_indicator_var  n=    1  sample_idx=[None]
    investmentStage[1].representativePeriod[1].commitmentPeriod[1]._pyomo_gdp_bigm_reformulation.relaxedDisjuncts[1].localVarReferences.binary_indicator_var  n=    1  sample_idx=[None]
    investmentStage[1].representativePeriod[1].commitmentPeriod[1]._pyomo_gdp_bigm_reformulation.relaxedDisjuncts[2].localVarReferences.binary_indicator_var  n=    1  sample_idx=[None]
    investmentStage[1].representativePeriod[1].commitmentPeriod[1]._pyomo_gdp_bigm_reformulation.relaxedDisjuncts[3].localVarReferences.binary_indicator_var  n=    1  sample_idx=[None]
    investmentStage[1].representativePeriod[1].commitmentPeriod[1]._pyomo_gdp_bigm_reformulation.relaxedDisjuncts[4].localVarReferences.binary_indicator_var  n=    1  sample_idx=[None]
    investmentStage[1].representativePeriod[1].commitmentPeriod[1]._pyomo_gdp_bigm_reformulation.relaxedDisjuncts[5].localVarReferences.binary_indicator_var  n=    1  sample_idx=[None]
    investmentStage[1].representativePeriod[1].commitmentPeriod[1]._pyomo_gdp_bigm_reformulation.relaxedDisjuncts[6].localVarReferences.binary_indicator_var  n=    1  sample_idx=[None]
    investmentStage[1].representativePeriod[1].commitmentPeriod[1]._pyomo_gdp_bigm_reformulation.relaxedDisjuncts[7].localVarReferences.binary_indicator_var  n=    1  sample_idx=[None]
    investmentStage[1].representativePeriod[1].commitmentPeriod[1]._pyomo_gdp_bigm_reformulation.relaxedDisjuncts[8].localVarReferences.binary_indicator_var  n=    1  sample_idx=[None]
    investmentStage[1].representativePeriod[1].commitmentPeriod[1]._pyomo_gdp_bigm_reformulation.relaxedDisjuncts[9].localVarReferences.binary_indicator_var  n=    1  sample_idx=[None]
    investmentStage[1].representativePeriod[1].commitmentPeriod[1]._pyomo_gdp_bigm_reformulation.relaxedDisjuncts[10].localVarReferences.binary_indicator_var  n=    1  sample_idx=[None]
    investmentStage[1].representativePeriod[1].commitmentPeriod[1]._pyomo_gdp_bigm_reformulation.relaxedDisjuncts[11].localVarReferences.binary_indicator_var  n=    1  sample_idx=[None]
    investmentStage[1].representativePeriod[1].commitmentPeriod[1]._pyomo_gdp_bigm_reformulation.relaxedDisjuncts[12].localVarReferences.binary_indicator_var  n=    1  sample_idx=[None]
    investmentStage[1].representativePeriod[1].commitmentPeriod[1]._pyomo_gdp_bigm_reformulation.relaxedDisjuncts[13].localVarReferences.binary_indicator_var  n=    1  sample_idx=[None]
    investmentStage[1].representativePeriod[1].commitmentPeriod[1]._pyomo_gdp_bigm_reformulation.relaxedDisjuncts[14].localVarReferences.binary_indicator_var  n=    1  sample_idx=[None]
    investmentStage[1].representativePeriod[1].commitmentPeriod[1]._pyomo_gdp_bigm_reformulation.relaxedDisjuncts[15].localVarReferences.binary_indicator_var  n=    1  sample_idx=[None]
    investmentStage[1].representativePeriod[1].commitmentPeriod[1]._pyomo_gdp_bigm_reformulation.relaxedDisjuncts[16].localVarReferences.binary_indicator_var  n=    1  sample_idx=[None]
    investmentStage[1].representativePeriod[1].commitmentPeriod[1]._pyomo_gdp_bigm_reformulation.relaxedDisjuncts[17].localVarReferences.binary_indicator_var  n=    1  sample_idx=[None]
    investmentStage[1].representativePeriod[1].commitmentPeriod[1]._pyomo_gdp_bigm_reformulation.relaxedDisjuncts[18].localVarReferences.binary_indicator_var  n=    1  sample_idx=[None]
    investmentStage[1].representativePeriod[1].commitmentPeriod[1]._pyomo_gdp_bigm_reformulation.relaxedDisjuncts[19].localVarReferences.binary_indicator_var  n=    1  sample_idx=[None]
    investmentStage[1].representativePeriod[1].commitmentPeriod[1]._pyomo_gdp_bigm_reformulation.relaxedDisjuncts[20].localVarReferences.binary_indicator_var  n=    1  sample_idx=[None]
    investmentStage[1].representativePeriod[1].commitmentPeriod[1]._pyomo_gdp_bigm_reformulation.relaxedDisjuncts[21].localVarReferences.binary_indicator_var  n=    1  sample_idx=[None]
    investmentStage[1].representativePeriod[1].commitmentPeriod[1]._pyomo_gdp_bigm_reformulation.relaxedDisjuncts[22].localVarReferences.binary_indicator_var  n=    1  sample_idx=[None]
    investmentStage[1].representativePeriod[1].commitmentPeriod[1]._pyomo_gdp_bigm_reformulation.relaxedDisjuncts[23].localVarReferences.binary_indicator_var  n=    1  sample_idx=[None]
    investmentStage[1].representativePeriod[1].commitmentPeriod[1]._pyomo_gdp_bigm_reformulation.relaxedDisjuncts[24].localVarReferences.binary_indicator_var  n=    1  sample_idx=[None]
    investmentStage[1].representativePeriod[1].commitmentPeriod[1]._pyomo_gdp_bigm_reformulation.relaxedDisjuncts[25].localVarReferences.binary_indicator_var  n=    1  sample_idx=[None]
    investmentStage[1].representativePeriod[1].commitmentPeriod[1]._pyomo_gdp_bigm_reformulation.relaxedDisjuncts[26].localVarReferences.binary_indicator_var  n=    1  sample_idx=[None]
    investmentStage[1].representativePeriod[1].commitmentPeriod[1]._pyomo_gdp_bigm_reformulation.relaxedDisjuncts[27].localVarReferences.binary_indicator_var  n=    1  sample_idx=[None]
    investmentStage[1].representativePeriod[1].commitmentPeriod[1]._pyomo_gdp_bigm_reformulation.relaxedDisjuncts[28].localVarReferences.binary_indicator_var  n=    1  sample_idx=[None]
    investmentStage[1].representativePeriod[1].commitmentPeriod[1]._pyomo_gdp_bigm_reformulation.relaxedDisjuncts[29].localVarReferences.binary_indicator_var  n=    1  sample_idx=[None]
    investmentStage[1].representativePeriod[1].commitmentPeriod[1]._pyomo_gdp_bigm_reformulation.relaxedDisjuncts[30].localVarReferences.binary_indicator_var  n=    1  sample_idx=[None]
    investmentStage[1].representativePeriod[1].commitmentPeriod[1]._pyomo_gdp_bigm_reformulation.relaxedDisjuncts[31].localVarReferences.binary_indicator_var  n=    1  sample_idx=[None]
    investmentStage[1].representativePeriod[1].commitmentPeriod[1]._pyomo_gdp_bigm_reformulation.relaxedDisjuncts[32].localVarReferences.binary_indicator_var  n=    1  sample_idx=[None]
    investmentStage[1].representativePeriod[1].commitmentPeriod[1]._pyomo_gdp_bigm_reformulation.relaxedDisjuncts[33].localVarReferences.binary_indicator_var  n=    1  sample_idx=[None]
    investmentStage[1].representativePeriod[1].commitmentPeriod[1]._pyomo_gdp_bigm_reformulation.relaxedDisjuncts[34].localVarReferences.binary_indicator_var  n=    1  sample_idx=[None]
    investmentStage[1].representativePeriod[1].commitmentPeriod[1]._pyomo_gdp_bigm_reformulation.relaxedDisjuncts[35].localVarReferences.binary_indicator_var  n=    1  sample_idx=[None]
    investmentStage[1].representativePeriod[1].commitmentPeriod[1]._pyomo_gdp_bigm_reformulation.relaxedDisjuncts[36].localVarReferences.binary_indicator_var  n=    1  sample_idx=[None]
    investmentStage[1].representativePeriod[1].commitmentPeriod[1]._pyomo_gdp_bigm_reformulation.relaxedDisjuncts[37].localVarReferences.binary_indicator_var  n=    1  sample_idx=[None]
    investmentStage[1].representativePeriod[1].commitmentPeriod[1]._pyomo_gdp_bigm_reformulation.relaxedDisjuncts[38].localVarReferences.binary_indicator_var  n=    1  sample_idx=[None]
    investmentStage[1].representativePeriod[1].commitmentPeriod[1]._pyomo_gdp_bigm_reformulation.relaxedDisjuncts[39].localVarReferences.binary_indicator_var  n=    1  sample_idx=[None]
    investmentStage[1].representativePeriod[1].commitmentPeriod[1]._pyomo_gdp_bigm_reformulation.relaxedDisjuncts[40].localVarReferences.binary_indicator_var  n=    1  sample_idx=[None]
    investmentStage[1].representativePeriod[1].commitmentPeriod[1]._pyomo_gdp_bigm_reformulation.relaxedDisjuncts[41].localVarReferences.binary_indicator_var  n=    1  sample_idx=[None]
    investmentStage[1].representativePeriod[1].commitmentPeriod[1]._pyomo_gdp_bigm_reformulation.relaxedDisjuncts[42].localVarReferences.binary_indicator_var  n=    1  sample_idx=[None]
    investmentStage[1].representativePeriod[1].commitmentPeriod[1]._pyomo_gdp_bigm_reformulation.relaxedDisjuncts[43].localVarReferences.binary_indicator_var  n=    1  sample_idx=[None]
    investmentStage[1].representativePeriod[1].commitmentPeriod[1]._pyomo_gdp_bigm_reformulation.relaxedDisjuncts[44].localVarReferences.binary_indicator_var  n=    1  sample_idx=[None]
    investmentStage[1].representativePeriod[1].commitmentPeriod[1]._pyomo_gdp_bigm_reformulation.relaxedDisjuncts[45].localVarReferences.binary_indicator_var  n=    1  sample_idx=[None]
    investmentStage[1].representativePeriod[1].commitmentPeriod[1]._pyomo_gdp_bigm_reformulation.relaxedDisjuncts[46].localVarReferences.binary_indicator_var  n=    1  sample_idx=[None]
    investmentStage[1].representativePeriod[1].commitmentPeriod[1]._pyomo_gdp_bigm_reformulation.relaxedDisjuncts[47].localVarReferences.binary_indicator_var  n=    1  sample_idx=[None]
    investmentStage[1].representativePeriod[1].commitmentPeriod[1]._pyomo_gdp_bigm_reformulation.relaxedDisjuncts[48].localVarReferences.binary_indicator_var  n=    1  sample_idx=[None]
    investmentStage[1].representativePeriod[1].commitmentPeriod[1]._pyomo_gdp_bigm_reformulation.relaxedDisjuncts[49].localVarReferences.binary_indicator_var  n=    1  sample_idx=[None]
    investmentStage[1].representativePeriod[1].commitmentPeriod[1]._pyomo_gdp_bigm_reformulation.relaxedDisjuncts[50].localVarReferences.binary_indicator_var  n=    1  sample_idx=[None]
    investmentStage[1].representativePeriod[1].commitmentPeriod[1]._pyomo_gdp_bigm_reformulation.relaxedDisjuncts[51].localVarReferences.binary_indicator_var  n=    1  sample_idx=[None]
    investmentStage[1].representativePeriod[1].commitmentPeriod[1]._pyomo_gdp_bigm_reformulation.relaxedDisjuncts[52].localVarReferences.binary_indicator_var  n=    1  sample_idx=[None]
    investmentStage[1].representativePeriod[1].commitmentPeriod[1]._pyomo_gdp_bigm_reformulation.relaxedDisjuncts[53].localVarReferences.binary_indicator_var  n=    1  sample_idx=[None]
    investmentStage[1].representativePeriod[1].commitmentPeriod[1]._pyomo_gdp_bigm_reformulation.relaxedDisjuncts[54].localVarReferences.binary_indicator_var  n=    1  sample_idx=[None]
    investmentStage[1].representativePeriod[1].commitmentPeriod[1]._pyomo_gdp_bigm_reformulation.relaxedDisjuncts[55].localVarReferences.binary_indicator_var  n=    1  sample_idx=[None]
    investmentStage[1].representativePeriod[1].commitmentPeriod[1]._pyomo_gdp_bigm_reformulation.relaxedDisjuncts[56].localVarReferences.binary_indicator_var  n=    1  sample_idx=[None]
    investmentStage[1].representativePeriod[1].commitmentPeriod[1]._pyomo_gdp_bigm_reformulation.relaxedDisjuncts[57].localVarReferences.binary_indicator_var  n=    1  sample_idx=[None]
    investmentStage[1].representativePeriod[1].commitmentPeriod[1]._pyomo_gdp_bigm_reformulation.relaxedDisjuncts[58].localVarReferences.binary_indicator_var  n=    1  sample_idx=[None]
    investmentStage[1].representativePeriod[1].commitmentPeriod[1]._pyomo_gdp_bigm_reformulation.relaxedDisjuncts[59].localVarReferences.binary_indicator_var  n=    1  sample_idx=[None]
    investmentStage[1].representativePeriod[1].commitmentPeriod[1]._pyomo_gdp_bigm_reformulation.relaxedDisjuncts[60].localVarReferences.binary_indicator_var  n=    1  sample_idx=[None]
    investmentStage[1].representativePeriod[1].commitmentPeriod[1]._pyomo_gdp_bigm_reformulation.relaxedDisjuncts[61].localVarReferences.binary_indicator_var  n=    1  sample_idx=[None]
    investmentStage[1].representativePeriod[1].commitmentPeriod[1]._pyomo_gdp_bigm_reformulation.relaxedDisjuncts[62].localVarReferences.binary_indicator_var  n=    1  sample_idx=[None]
    investmentStage[1].representativePeriod[1].commitmentPeriod[1]._pyomo_gdp_bigm_reformulation.relaxedDisjuncts[63].localVarReferences.binary_indicator_var  n=    1  sample_idx=[None]
    investmentStage[1].representativePeriod[1].commitmentPeriod[1]._pyomo_gdp_bigm_reformulation.relaxedDisjuncts[64].localVarReferences.binary_indicator_var  n=    1  sample_idx=[None]
    investmentStage[1].representativePeriod[1].commitmentPeriod[1]._pyomo_gdp_bigm_reformulation.relaxedDisjuncts[65].localVarReferences.binary_indicator_var  n=    1  sample_idx=[None]
    investmentStage[1].representativePeriod[1].commitmentPeriod[1]._pyomo_gdp_bigm_reformulation.relaxedDisjuncts[66].localVarReferences.binary_indicator_var  n=    1  sample_idx=[None]
    investmentStage[1].representativePeriod[1].commitmentPeriod[1]._pyomo_gdp_bigm_reformulation.relaxedDisjuncts[67].localVarReferences.binary_indicator_var  n=    1  sample_idx=[None]
    investmentStage[1].representativePeriod[1].commitmentPeriod[1]._pyomo_gdp_bigm_reformulation.relaxedDisjuncts[68].localVarReferences.binary_indicator_var  n=    1  sample_idx=[None]
    investmentStage[1].representativePeriod[1].commitmentPeriod[1]._pyomo_gdp_bigm_reformulation.relaxedDisjuncts[69].localVarReferences.binary_indicator_var  n=    1  sample_idx=[None]
    investmentStage[1].representativePeriod[1].commitmentPeriod[1]._pyomo_gdp_bigm_reformulation.relaxedDisjuncts[70].localVarReferences.binary_indicator_var  n=    1  sample_idx=[None]
    investmentStage[1].representativePeriod[1].commitmentPeriod[1]._pyomo_gdp_bigm_reformulation.relaxedDisjuncts[71].localVarReferences.binary_indicator_var  n=    1  sample_idx=[None]
    investmentStage[1].representativePeriod[1].commitmentPeriod[1]._pyomo_gdp_bigm_reformulation.relaxedDisjuncts[72].localVarReferences.binary_indicator_var  n=    1  sample_idx=[None]
    investmentStage[1].representativePeriod[1].commitmentPeriod[1]._pyomo_gdp_bigm_reformulation.relaxedDisjuncts[73].localVarReferences.binary_indicator_var  n=    1  sample_idx=[None]
    investmentStage[1].representativePeriod[1].commitmentPeriod[1]._pyomo_gdp_bigm_reformulation.relaxedDisjuncts[74].localVarReferences.binary_indicator_var  n=    1  sample_idx=[None]
    investmentStage[1].representativePeriod[1].commitmentPeriod[1]._pyomo_gdp_bigm_reformulation.relaxedDisjuncts[75].localVarReferences.binary_indicator_var  n=    1  sample_idx=[None]
    investmentStage[1].representativePeriod[1].commitmentPeriod[1]._pyomo_gdp_bigm_reformulation.relaxedDisjuncts[76].localVarReferences.binary_indicator_var  n=    1  sample_idx=[None]
    investmentStage[1].representativePeriod[1].commitmentPeriod[1]._pyomo_gdp_bigm_reformulation.relaxedDisjuncts[77].localVarReferences.binary_indicator_var  n=    1  sample_idx=[None]
    investmentStage[1].representativePeriod[1].commitmentPeriod[1]._pyomo_gdp_bigm_reformulation.relaxedDisjuncts[78].localVarReferences.binary_indicator_var  n=    1  sample_idx=[None]
    investmentStage[1].representativePeriod[1].commitmentPeriod[1]._pyomo_gdp_bigm_reformulation.relaxedDisjuncts[79].localVarReferences.binary_indicator_var  n=    1  sample_idx=[None]
    investmentStage[1].representativePeriod[1].commitmentPeriod[1]._pyomo_gdp_bigm_reformulation.relaxedDisjuncts[80].localVarReferences.binary_indicator_var  n=    1  sample_idx=[None]
    investmentStage[1].representativePeriod[1].commitmentPeriod[1]._pyomo_gdp_bigm_reformulation.relaxedDisjuncts[81].localVarReferences.binary_indicator_var  n=    1  sample_idx=[None]
    investmentStage[1].representativePeriod[1].commitmentPeriod[1]._pyomo_gdp_bigm_reformulation.relaxedDisjuncts[82].localVarReferences.binary_indicator_var  n=    1  sample_idx=[None]
    investmentStage[1].representativePeriod[1].commitmentPeriod[1]._pyomo_gdp_bigm_reformulation.relaxedDisjuncts[83].localVarReferences.binary_indicator_var  n=    1  sample_idx=[None]
    investmentStage[1].representativePeriod[1].commitmentPeriod[1]._pyomo_gdp_bigm_reformulation.relaxedDisjuncts[84].localVarReferences.binary_indicator_var  n=    1  sample_idx=[None]
    investmentStage[1].representativePeriod[1].commitmentPeriod[1]._pyomo_gdp_bigm_reformulation.relaxedDisjuncts[85].localVarReferences.binary_indicator_var  n=    1  sample_idx=[None]
    investmentStage[1].representativePeriod[1].commitmentPeriod[1]._pyomo_gdp_bigm_reformulation.relaxedDisjuncts[86].localVarReferences.binary_indicator_var  n=    1  sample_idx=[None]
    investmentStage[1].representativePeriod[1].commitmentPeriod[1]._pyomo_gdp_bigm_reformulation.relaxedDisjuncts[87].localVarReferences.binary_indicator_var  n=    1  sample_idx=[None]
    investmentStage[1].representativePeriod[1].commitmentPeriod[1]._pyomo_gdp_bigm_reformulation.relaxedDisjuncts[88].localVarReferences.binary_indicator_var  n=    1  sample_idx=[None]
    investmentStage[1].representativePeriod[1].commitmentPeriod[1]._pyomo_gdp_bigm_reformulation.relaxedDisjuncts[89].localVarReferences.binary_indicator_var  n=    1  sample_idx=[None]
    investmentStage[1].representativePeriod[1].commitmentPeriod[1]._pyomo_gdp_bigm_reformulation.relaxedDisjuncts[90].localVarReferences.binary_indicator_var  n=    1  sample_idx=[None]
    investmentStage[1].representativePeriod[1].commitmentPeriod[1]._pyomo_gdp_bigm_reformulation.relaxedDisjuncts[91].localVarReferences.binary_indicator_var  n=    1  sample_idx=[None]
    investmentStage[1].representativePeriod[1].commitmentPeriod[1]._pyomo_gdp_bigm_reformulation.relaxedDisjuncts[92].localVarReferences.binary_indicator_var  n=    1  sample_idx=[None]
    investmentStage[1].representativePeriod[1].commitmentPeriod[1]._pyomo_gdp_bigm_reformulation.relaxedDisjuncts[93].localVarReferences.binary_indicator_var  n=    1  sample_idx=[None]
    investmentStage[1].representativePeriod[1].commitmentPeriod[1]._pyomo_gdp_bigm_reformulation.relaxedDisjuncts[94].localVarReferences.binary_indicator_var  n=    1  sample_idx=[None]
    investmentStage[1].representativePeriod[1].commitmentPeriod[1]._pyomo_gdp_bigm_reformulation.relaxedDisjuncts[95].localVarReferences.binary_indicator_var  n=    1  sample_idx=[None]
    investmentStage[1].representativePeriod[1].commitmentPeriod[1]._pyomo_gdp_bigm_reformulation.relaxedDisjuncts[96].localVarReferences.binary_indicator_var  n=    1  sample_idx=[None]
    investmentStage[1].representativePeriod[1].commitmentPeriod[1]._pyomo_gdp_bigm_reformulation.relaxedDisjuncts[97].localVarReferences.binary_indicator_var  n=    1  sample_idx=[None]
    investmentStage[1].representativePeriod[1].commitmentPeriod[1]._pyomo_gdp_bigm_reformulation.relaxedDisjuncts[98].localVarReferences.binary_indicator_var  n=    1  sample_idx=[None]
    investmentStage[1].representativePeriod[1].commitmentPeriod[1]._pyomo_gdp_bigm_reformulation.relaxedDisjuncts[99].localVarReferences.binary_indicator_var  n=    1  sample_idx=[None]
    investmentStage[1].representativePeriod[1].commitmentPeriod[1]._pyomo_gdp_bigm_reformulation.relaxedDisjuncts[100].localVarReferences.binary_indicator_var  n=    1  sample_idx=[None]
    investmentStage[1].representativePeriod[1].commitmentPeriod[1]._pyomo_gdp_bigm_reformulation.relaxedDisjuncts[101].localVarReferences.binary_indicator_var  n=    1  sample_idx=[None]
    investmentStage[1].representativePeriod[1].commitmentPeriod[1]._pyomo_gdp_bigm_reformulation.relaxedDisjuncts[102].localVarReferences.binary_indicator_var  n=    1  sample_idx=[None]
    investmentStage[1].representativePeriod[1].commitmentPeriod[1]._pyomo_gdp_bigm_reformulation.relaxedDisjuncts[103].localVarReferences.binary_indicator_var  n=    1  sample_idx=[None]
    investmentStage[1].representativePeriod[1].commitmentPeriod[1]._pyomo_gdp_bigm_reformulation.relaxedDisjuncts[104].localVarReferences.binary_indicator_var  n=    1  sample_idx=[None]
    investmentStage[1].representativePeriod[1].commitmentPeriod[1]._pyomo_gdp_bigm_reformulation.relaxedDisjuncts[105].localVarReferences.binary_indicator_var  n=    1  sample_idx=[None]
    investmentStage[1].representativePeriod[1].commitmentPeriod[1]._pyomo_gdp_bigm_reformulation.relaxedDisjuncts[106].localVarReferences.binary_indicator_var  n=    1  sample_idx=[None]
    investmentStage[1].representativePeriod[1].commitmentPeriod[1]._pyomo_gdp_bigm_reformulation.relaxedDisjuncts[107].localVarReferences.binary_indicator_var  n=    1  sample_idx=[None]
    investmentStage[1].representativePeriod[1].commitmentPeriod[1]._pyomo_gdp_bigm_reformulation.relaxedDisjuncts[108].localVarReferences.binary_indicator_var  n=    1  sample_idx=[None]
    investmentStage[1].representativePeriod[1].commitmentPeriod[1]._pyomo_gdp_bigm_reformulation.relaxedDisjuncts[109].localVarReferences.binary_indicator_var  n=    1  sample_idx=[None]
    investmentStage[1].representativePeriod[1].commitmentPeriod[1]._pyomo_gdp_bigm_reformulation.relaxedDisjuncts[110].localVarReferences.binary_indicator_var  n=    1  sample_idx=[None]
    investmentStage[1].representativePeriod[1].commitmentPeriod[1]._pyomo_gdp_bigm_reformulation.relaxedDisjuncts[111].localVarReferences.binary_indicator_var  n=    1  sample_idx=[None]
    investmentStage[1].representativePeriod[1].commitmentPeriod[1]._pyomo_gdp_bigm_reformulation.relaxedDisjuncts[112].localVarReferences.binary_indicator_var  n=    1  sample_idx=[None]
    investmentStage[1].representativePeriod[1].commitmentPeriod[1]._pyomo_gdp_bigm_reformulation.relaxedDisjuncts[113].localVarReferences.binary_indicator_var  n=    1  sample_idx=[None]
    investmentStage[1].representativePeriod[1].commitmentPeriod[1]._pyomo_gdp_bigm_reformulation.relaxedDisjuncts[114].localVarReferences.binary_indicator_var  n=    1  sample_idx=[None]
    investmentStage[1].representativePeriod[1].commitmentPeriod[1]._pyomo_gdp_bigm_reformulation.relaxedDisjuncts[115].localVarReferences.binary_indicator_var  n=    1  sample_idx=[None]
    investmentStage[1].representativePeriod[1].commitmentPeriod[1]._pyomo_gdp_bigm_reformulation.relaxedDisjuncts[116].localVarReferences.binary_indicator_var  n=    1  sample_idx=[None]
    investmentStage[1].representativePeriod[1].commitmentPeriod[1]._pyomo_gdp_bigm_reformulation.relaxedDisjuncts[117].localVarReferences.binary_indicator_var  n=    1  sample_idx=[None]
    investmentStage[1].representativePeriod[1].commitmentPeriod[1]._pyomo_gdp_bigm_reformulation.relaxedDisjuncts[118].localVarReferences.binary_indicator_var  n=    1  sample_idx=[None]
    investmentStage[1].representativePeriod[1].commitmentPeriod[1]._pyomo_gdp_bigm_reformulation.relaxedDisjuncts[119].localVarReferences.binary_indicator_var  n=    1  sample_idx=[None]
    investmentStage[1].representativePeriod[1].commitmentPeriod[1]._pyomo_gdp_bigm_reformulation.relaxedDisjuncts[120].localVarReferences.binary_indicator_var  n=    1  sample_idx=[None]
    investmentStage[1].representativePeriod[1].commitmentPeriod[1]._pyomo_gdp_bigm_reformulation.relaxedDisjuncts[121].localVarReferences.binary_indicator_var  n=    1  sample_idx=[None]
    investmentStage[1].representativePeriod[1].commitmentPeriod[1]._pyomo_gdp_bigm_reformulation.relaxedDisjuncts[122].localVarReferences.binary_indicator_var  n=    1  sample_idx=[None]
    investmentStage[1].representativePeriod[1].commitmentPeriod[1]._pyomo_gdp_bigm_reformulation.relaxedDisjuncts[123].localVarReferences.binary_indicator_var  n=    1  sample_idx=[None]
    investmentStage[1].representativePeriod[1].commitmentPeriod[1]._pyomo_gdp_bigm_reformulation.relaxedDisjuncts[124].localVarReferences.binary_indicator_var  n=    1  sample_idx=[None]
    investmentStage[1].representativePeriod[1].commitmentPeriod[1]._pyomo_gdp_bigm_reformulation.relaxedDisjuncts[125].localVarReferences.binary_indicator_var  n=    1  sample_idx=[None]
    investmentStage[1].representativePeriod[1].commitmentPeriod[1]._pyomo_gdp_bigm_reformulation.relaxedDisjuncts[126].localVarReferences.binary_indicator_var  n=    1  sample_idx=[None]
    investmentStage[1].representativePeriod[1].commitmentPeriod[1]._pyomo_gdp_bigm_reformulation.relaxedDisjuncts[127].localVarReferences.binary_indicator_var  n=    1  sample_idx=[None]
    investmentStage[1].representativePeriod[1].commitmentPeriod[1]._pyomo_gdp_bigm_reformulation.relaxedDisjuncts[128].localVarReferences.binary_indicator_var  n=    1  sample_idx=[None]
    investmentStage[1].representativePeriod[1].commitmentPeriod[1]._pyomo_gdp_bigm_reformulation.relaxedDisjuncts[129].localVarReferences.binary_indicator_var  n=    1  sample_idx=[None]
    investmentStage[1].representativePeriod[1].commitmentPeriod[1]._pyomo_gdp_bigm_reformulation.relaxedDisjuncts[130].localVarReferences.binary_indicator_var  n=    1  sample_idx=[None]
    investmentStage[1].representativePeriod[1].commitmentPeriod[1]._pyomo_gdp_bigm_reformulation.relaxedDisjuncts[131].localVarReferences.binary_indicator_var  n=    1  sample_idx=[None]
    investmentStage[1].representativePeriod[1].commitmentPeriod[1]._pyomo_gdp_bigm_reformulation.relaxedDisjuncts[132].localVarReferences.binary_indicator_var  n=    1  sample_idx=[None]
    investmentStage[1].representativePeriod[1].commitmentPeriod[1]._pyomo_gdp_bigm_reformulation.relaxedDisjuncts[133].localVarReferences.binary_indicator_var  n=    1  sample_idx=[None]
    investmentStage[1].representativePeriod[1].commitmentPeriod[1]._pyomo_gdp_bigm_reformulation.relaxedDisjuncts[134].localVarReferences.binary_indicator_var  n=    1  sample_idx=[None]
    investmentStage[1].representativePeriod[1].commitmentPeriod[1]._pyomo_gdp_bigm_reformulation.relaxedDisjuncts[135].localVarReferences.binary_indicator_var  n=    1  sample_idx=[None]
    investmentStage[1].representativePeriod[1].commitmentPeriod[1]._pyomo_gdp_bigm_reformulation.relaxedDisjuncts[136].localVarReferences.binary_indicator_var  n=    1  sample_idx=[None]
    investmentStage[1].representativePeriod[1].commitmentPeriod[1]._pyomo_gdp_bigm_reformulation.relaxedDisjuncts[137].localVarReferences.binary_indicator_var  n=    1  sample_idx=[None]
    investmentStage[1].representativePeriod[1].commitmentPeriod[1]._pyomo_gdp_bigm_reformulation.relaxedDisjuncts[138].localVarReferences.binary_indicator_var  n=    1  sample_idx=[None]
    investmentStage[1].representativePeriod[1].commitmentPeriod[1]._pyomo_gdp_bigm_reformulation.relaxedDisjuncts[139].localVarReferences.binary_indicator_var  n=    1  sample_idx=[None]
    investmentStage[1].representativePeriod[1].commitmentPeriod[1]._pyomo_gdp_bigm_reformulation.relaxedDisjuncts[140].localVarReferences.binary_indicator_var  n=    1  sample_idx=[None]
    investmentStage[1].representativePeriod[1].commitmentPeriod[1]._pyomo_gdp_bigm_reformulation.relaxedDisjuncts[141].localVarReferences.binary_indicator_var  n=    1  sample_idx=[None]
    investmentStage[1].representativePeriod[1].commitmentPeriod[1]._pyomo_gdp_bigm_reformulation.relaxedDisjuncts[142].localVarReferences.binary_indicator_var  n=    1  sample_idx=[None]
    investmentStage[1].representativePeriod[1].commitmentPeriod[1]._pyomo_gdp_bigm_reformulation.relaxedDisjuncts[143].localVarReferences.binary_indicator_var  n=    1  sample_idx=[None]
    investmentStage[1].representativePeriod[1].commitmentPeriod[1]._pyomo_gdp_bigm_reformulation.relaxedDisjuncts[144].localVarReferences.binary_indicator_var  n=    1  sample_idx=[None]
    investmentStage[1].representativePeriod[1].commitmentPeriod[1]._pyomo_gdp_bigm_reformulation.relaxedDisjuncts[145].localVarReferences.binary_indicator_var  n=    1  sample_idx=[None]
    investmentStage[1].representativePeriod[1].commitmentPeriod[1]._pyomo_gdp_bigm_reformulation.relaxedDisjuncts[146].localVarReferences.binary_indicator_var  n=    1  sample_idx=[None]
    investmentStage[1].representativePeriod[1].commitmentPeriod[1]._pyomo_gdp_bigm_reformulation.relaxedDisjuncts[147].localVarReferences.binary_indicator_var  n=    1  sample_idx=[None]
    investmentStage[1].representativePeriod[1].commitmentPeriod[1]._pyomo_gdp_bigm_reformulation.relaxedDisjuncts[148].localVarReferences.binary_indicator_var  n=    1  sample_idx=[None]
    investmentStage[1].representativePeriod[1].commitmentPeriod[1]._pyomo_gdp_bigm_reformulation.relaxedDisjuncts[149].localVarReferences.binary_indicator_var  n=    1  sample_idx=[None]
    investmentStage[1].representativePeriod[1].commitmentPeriod[1]._pyomo_gdp_bigm_reformulation.relaxedDisjuncts[150].localVarReferences.binary_indicator_var  n=    1  sample_idx=[None]
    investmentStage[1].representativePeriod[1].commitmentPeriod[1]._pyomo_gdp_bigm_reformulation.relaxedDisjuncts[151].localVarReferences.binary_indicator_var  n=    1  sample_idx=[None]
    investmentStage[1].representativePeriod[1].commitmentPeriod[1]._pyomo_gdp_bigm_reformulation.relaxedDisjuncts[152].localVarReferences.binary_indicator_var  n=    1  sample_idx=[None]
    investmentStage[1].representativePeriod[1].commitmentPeriod[1]._pyomo_gdp_bigm_reformulation.relaxedDisjuncts[153].localVarReferences.binary_indicator_var  n=    1  sample_idx=[None]
    investmentStage[1].representativePeriod[1].commitmentPeriod[1]._pyomo_gdp_bigm_reformulation.relaxedDisjuncts[154].localVarReferences.binary_indicator_var  n=    1  sample_idx=[None]
    investmentStage[1].representativePeriod[1].commitmentPeriod[1]._pyomo_gdp_bigm_reformulation.relaxedDisjuncts[155].localVarReferences.binary_indicator_var  n=    1  sample_idx=[None]
    investmentStage[1].representativePeriod[1].commitmentPeriod[1]._pyomo_gdp_bigm_reformulation.relaxedDisjuncts[156].localVarReferences.binary_indicator_var  n=    1  sample_idx=[None]
    investmentStage[1].representativePeriod[1].commitmentPeriod[1]._pyomo_gdp_bigm_reformulation.relaxedDisjuncts[157].localVarReferences.binary_indicator_var  n=    1  sample_idx=[None]
    investmentStage[1].representativePeriod[1].commitmentPeriod[1]._pyomo_gdp_bigm_reformulation.relaxedDisjuncts[158].localVarReferences.binary_indicator_var  n=    1  sample_idx=[None]
    investmentStage[1].representativePeriod[1].commitmentPeriod[1]._pyomo_gdp_bigm_reformulation.relaxedDisjuncts[159].localVarReferences.binary_indicator_var  n=    1  sample_idx=[None]
    investmentStage[1].representativePeriod[1].commitmentPeriod[1]._pyomo_gdp_bigm_reformulation.relaxedDisjuncts[160].localVarReferences.binary_indicator_var  n=    1  sample_idx=[None]
    investmentStage[1].representativePeriod[1].commitmentPeriod[1]._pyomo_gdp_bigm_reformulation.relaxedDisjuncts[161].localVarReferences.binary_indicator_var  n=    1  sample_idx=[None]
    investmentStage[1].representativePeriod[1].commitmentPeriod[1]._pyomo_gdp_bigm_reformulation.relaxedDisjuncts[162].localVarReferences.binary_indicator_var  n=    1  sample_idx=[None]
    investmentStage[1].representativePeriod[1].commitmentPeriod[1]._pyomo_gdp_bigm_reformulation.relaxedDisjuncts[163].localVarReferences.binary_indicator_var  n=    1  sample_idx=[None]
    investmentStage[1].representativePeriod[1].commitmentPeriod[1]._pyomo_gdp_bigm_reformulation.relaxedDisjuncts[164].localVarReferences.binary_indicator_var  n=    1  sample_idx=[None]
    investmentStage[1].representativePeriod[1].commitmentPeriod[1]._pyomo_gdp_bigm_reformulation.relaxedDisjuncts[165].localVarReferences.binary_indicator_var  n=    1  sample_idx=[None]
    investmentStage[1].representativePeriod[1].commitmentPeriod[1]._pyomo_gdp_bigm_reformulation.relaxedDisjuncts[166].localVarReferences.binary_indicator_var  n=    1  sample_idx=[None]
    investmentStage[1].representativePeriod[1].commitmentPeriod[1]._pyomo_gdp_bigm_reformulation.relaxedDisjuncts[167].localVarReferences.binary_indicator_var  n=    1  sample_idx=[None]
    investmentStage[1].representativePeriod[1].commitmentPeriod[2].dispatchPeriod[1]._logical_to_disjunctive.auxiliary_vars  n=   36  sample_idx=[1, 2, 3]
    investmentStage[1].representativePeriod[1].commitmentPeriod[2].dispatchPeriod[1]._pyomo_gdp_bigm_reformulation.relaxedDisjuncts[0].localVarReferences.binary_indicator_var  n=    1  sample_idx=[None]
    investmentStage[1].representativePeriod[1].commitmentPeriod[2].dispatchPeriod[1]._pyomo_gdp_bigm_reformulation.relaxedDisjuncts[1].localVarReferences.binary_indicator_var  n=    1  sample_idx=[None]
    investmentStage[1].representativePeriod[1].commitmentPeriod[2].dispatchPeriod[1]._pyomo_gdp_bigm_reformulation.relaxedDisjuncts[2].localVarReferences.binary_indicator_var  n=    1  sample_idx=[None]
    investmentStage[1].representativePeriod[1].commitmentPeriod[2].dispatchPeriod[1]._pyomo_gdp_bigm_reformulation.relaxedDisjuncts[3].localVarReferences.binary_indicator_var  n=    1  sample_idx=[None]
    investmentStage[1].representativePeriod[1].commitmentPeriod[2].dispatchPeriod[1]._pyomo_gdp_bigm_reformulation.relaxedDisjuncts[4].localVarReferences.binary_indicator_var  n=    1  sample_idx=[None]
    investmentStage[1].representativePeriod[1].commitmentPeriod[2].dispatchPeriod[1]._pyomo_gdp_bigm_reformulation.relaxedDisjuncts[5].localVarReferences.binary_indicator_var  n=    1  sample_idx=[None]
    investmentStage[1].representativePeriod[1].commitmentPeriod[2].dispatchPeriod[1]._pyomo_gdp_bigm_reformulation.relaxedDisjuncts[6].localVarReferences.binary_indicator_var  n=    1  sample_idx=[None]
    investmentStage[1].representativePeriod[1].commitmentPeriod[2].dispatchPeriod[1]._pyomo_gdp_bigm_reformulation.relaxedDisjuncts[7].localVarReferences.binary_indicator_var  n=    1  sample_idx=[None]
    investmentStage[1].representativePeriod[1].commitmentPeriod[2].dispatchPeriod[1]._pyomo_gdp_bigm_reformulation.relaxedDisjuncts[8].localVarReferences.binary_indicator_var  n=    1  sample_idx=[None]
    investmentStage[1].representativePeriod[1].commitmentPeriod[2].dispatchPeriod[1]._pyomo_gdp_bigm_reformulation.relaxedDisjuncts[9].localVarReferences.binary_indicator_var  n=    1  sample_idx=[None]
    investmentStage[1].representativePeriod[1].commitmentPeriod[2].dispatchPeriod[1]._pyomo_gdp_bigm_reformulation.relaxedDisjuncts[10].localVarReferences.binary_indicator_var  n=    1  sample_idx=[None]
    investmentStage[1].representativePeriod[1].commitmentPeriod[2].dispatchPeriod[1]._pyomo_gdp_bigm_reformulation.relaxedDisjuncts[11].localVarReferences.binary_indicator_var  n=    1  sample_idx=[None]
    investmentStage[1].representativePeriod[1].commitmentPeriod[2].dispatchPeriod[1]._pyomo_gdp_bigm_reformulation.relaxedDisjuncts[12].localVarReferences.binary_indicator_var  n=    1  sample_idx=[None]
    investmentStage[1].representativePeriod[1].commitmentPeriod[2].dispatchPeriod[1]._pyomo_gdp_bigm_reformulation.relaxedDisjuncts[13].localVarReferences.binary_indicator_var  n=    1  sample_idx=[None]
    investmentStage[1].representativePeriod[1].commitmentPeriod[2].dispatchPeriod[1]._pyomo_gdp_bigm_reformulation.relaxedDisjuncts[14].localVarReferences.binary_indicator_var  n=    1  sample_idx=[None]
    investmentStage[1].representativePeriod[1].commitmentPeriod[2].dispatchPeriod[1]._pyomo_gdp_bigm_reformulation.relaxedDisjuncts[15].localVarReferences.binary_indicator_var  n=    1  sample_idx=[None]
    investmentStage[1].representativePeriod[1].commitmentPeriod[2].dispatchPeriod[1]._pyomo_gdp_bigm_reformulation.relaxedDisjuncts[16].localVarReferences.binary_indicator_var  n=    1  sample_idx=[None]
    investmentStage[1].representativePeriod[1].commitmentPeriod[2].dispatchPeriod[1]._pyomo_gdp_bigm_reformulation.relaxedDisjuncts[17].localVarReferences.binary_indicator_var  n=    1  sample_idx=[None]
    investmentStage[1].representativePeriod[1].commitmentPeriod[2]._logical_to_disjunctive.auxiliary_vars  n=  135  sample_idx=[1, 2, 3]
    investmentStage[1].representativePeriod[1].commitmentPeriod[2]._pyomo_gdp_bigm_reformulation.relaxedDisjuncts[0].localVarReferences.binary_indicator_var  n=    1  sample_idx=[None]
    investmentStage[1].representativePeriod[1].commitmentPeriod[2]._pyomo_gdp_bigm_reformulation.relaxedDisjuncts[1].localVarReferences.binary_indicator_var  n=    1  sample_idx=[None]
    investmentStage[1].representativePeriod[1].commitmentPeriod[2]._pyomo_gdp_bigm_reformulation.relaxedDisjuncts[2].localVarReferences.binary_indicator_var  n=    1  sample_idx=[None]
    investmentStage[1].representativePeriod[1].commitmentPeriod[2]._pyomo_gdp_bigm_reformulation.relaxedDisjuncts[3].localVarReferences.binary_indicator_var  n=    1  sample_idx=[None]
    investmentStage[1].representativePeriod[1].commitmentPeriod[2]._pyomo_gdp_bigm_reformulation.relaxedDisjuncts[4].localVarReferences.binary_indicator_var  n=    1  sample_idx=[None]
    investmentStage[1].representativePeriod[1].commitmentPeriod[2]._pyomo_gdp_bigm_reformulation.relaxedDisjuncts[5].localVarReferences.binary_indicator_var  n=    1  sample_idx=[None]
    investmentStage[1].representativePeriod[1].commitmentPeriod[2]._pyomo_gdp_bigm_reformulation.relaxedDisjuncts[6].localVarReferences.binary_indicator_var  n=    1  sample_idx=[None]
    investmentStage[1].representativePeriod[1].commitmentPeriod[2]._pyomo_gdp_bigm_reformulation.relaxedDisjuncts[7].localVarReferences.binary_indicator_var  n=    1  sample_idx=[None]
    investmentStage[1].representativePeriod[1].commitmentPeriod[2]._pyomo_gdp_bigm_reformulation.relaxedDisjuncts[8].localVarReferences.binary_indicator_var  n=    1  sample_idx=[None]
    investmentStage[1].representativePeriod[1].commitmentPeriod[2]._pyomo_gdp_bigm_reformulation.relaxedDisjuncts[9].localVarReferences.binary_indicator_var  n=    1  sample_idx=[None]
    investmentStage[1].representativePeriod[1].commitmentPeriod[2]._pyomo_gdp_bigm_reformulation.relaxedDisjuncts[10].localVarReferences.binary_indicator_var  n=    1  sample_idx=[None]
    investmentStage[1].representativePeriod[1].commitmentPeriod[2]._pyomo_gdp_bigm_reformulation.relaxedDisjuncts[11].localVarReferences.binary_indicator_var  n=    1  sample_idx=[None]
    investmentStage[1].representativePeriod[1].commitmentPeriod[2]._pyomo_gdp_bigm_reformulation.relaxedDisjuncts[12].localVarReferences.binary_indicator_var  n=    1  sample_idx=[None]
    investmentStage[1].representativePeriod[1].commitmentPeriod[2]._pyomo_gdp_bigm_reformulation.relaxedDisjuncts[13].localVarReferences.binary_indicator_var  n=    1  sample_idx=[None]
    investmentStage[1].representativePeriod[1].commitmentPeriod[2]._pyomo_gdp_bigm_reformulation.relaxedDisjuncts[14].localVarReferences.binary_indicator_var  n=    1  sample_idx=[None]
    investmentStage[1].representativePeriod[1].commitmentPeriod[2]._pyomo_gdp_bigm_reformulation.relaxedDisjuncts[15].localVarReferences.binary_indicator_var  n=    1  sample_idx=[None]
    investmentStage[1].representativePeriod[1].commitmentPeriod[2]._pyomo_gdp_bigm_reformulation.relaxedDisjuncts[16].localVarReferences.binary_indicator_var  n=    1  sample_idx=[None]
    investmentStage[1].representativePeriod[1].commitmentPeriod[2]._pyomo_gdp_bigm_reformulation.relaxedDisjuncts[17].localVarReferences.binary_indicator_var  n=    1  sample_idx=[None]
    investmentStage[1].representativePeriod[1].commitmentPeriod[2]._pyomo_gdp_bigm_reformulation.relaxedDisjuncts[18].localVarReferences.binary_indicator_var  n=    1  sample_idx=[None]
    investmentStage[1].representativePeriod[1].commitmentPeriod[2]._pyomo_gdp_bigm_reformulation.relaxedDisjuncts[19].localVarReferences.binary_indicator_var  n=    1  sample_idx=[None]
    investmentStage[1].representativePeriod[1].commitmentPeriod[2]._pyomo_gdp_bigm_reformulation.relaxedDisjuncts[20].localVarReferences.binary_indicator_var  n=    1  sample_idx=[None]
    investmentStage[1].representativePeriod[1].commitmentPeriod[2]._pyomo_gdp_bigm_reformulation.relaxedDisjuncts[21].localVarReferences.binary_indicator_var  n=    1  sample_idx=[None]
    investmentStage[1].representativePeriod[1].commitmentPeriod[2]._pyomo_gdp_bigm_reformulation.relaxedDisjuncts[22].localVarReferences.binary_indicator_var  n=    1  sample_idx=[None]
    investmentStage[1].representativePeriod[1].commitmentPeriod[2]._pyomo_gdp_bigm_reformulation.relaxedDisjuncts[23].localVarReferences.binary_indicator_var  n=    1  sample_idx=[None]
    investmentStage[1].representativePeriod[1].commitmentPeriod[2]._pyomo_gdp_bigm_reformulation.relaxedDisjuncts[24].localVarReferences.binary_indicator_var  n=    1  sample_idx=[None]
    investmentStage[1].representativePeriod[1].commitmentPeriod[2]._pyomo_gdp_bigm_reformulation.relaxedDisjuncts[25].localVarReferences.binary_indicator_var  n=    1  sample_idx=[None]
    investmentStage[1].representativePeriod[1].commitmentPeriod[2]._pyomo_gdp_bigm_reformulation.relaxedDisjuncts[26].localVarReferences.binary_indicator_var  n=    1  sample_idx=[None]
    investmentStage[1].representativePeriod[1].commitmentPeriod[2]._pyomo_gdp_bigm_reformulation.relaxedDisjuncts[27].localVarReferences.binary_indicator_var  n=    1  sample_idx=[None]
    investmentStage[1].representativePeriod[1].commitmentPeriod[2]._pyomo_gdp_bigm_reformulation.relaxedDisjuncts[28].localVarReferences.binary_indicator_var  n=    1  sample_idx=[None]
    investmentStage[1].representativePeriod[1].commitmentPeriod[2]._pyomo_gdp_bigm_reformulation.relaxedDisjuncts[29].localVarReferences.binary_indicator_var  n=    1  sample_idx=[None]
    investmentStage[1].representativePeriod[1].commitmentPeriod[2]._pyomo_gdp_bigm_reformulation.relaxedDisjuncts[30].localVarReferences.binary_indicator_var  n=    1  sample_idx=[None]
    investmentStage[1].representativePeriod[1].commitmentPeriod[2]._pyomo_gdp_bigm_reformulation.relaxedDisjuncts[31].localVarReferences.binary_indicator_var  n=    1  sample_idx=[None]
    investmentStage[1].representativePeriod[1].commitmentPeriod[2]._pyomo_gdp_bigm_reformulation.relaxedDisjuncts[32].localVarReferences.binary_indicator_var  n=    1  sample_idx=[None]
    investmentStage[1].representativePeriod[1].commitmentPeriod[2]._pyomo_gdp_bigm_reformulation.relaxedDisjuncts[33].localVarReferences.binary_indicator_var  n=    1  sample_idx=[None]
    investmentStage[1].representativePeriod[1].commitmentPeriod[2]._pyomo_gdp_bigm_reformulation.relaxedDisjuncts[34].localVarReferences.binary_indicator_var  n=    1  sample_idx=[None]
    investmentStage[1].representativePeriod[1].commitmentPeriod[2]._pyomo_gdp_bigm_reformulation.relaxedDisjuncts[35].localVarReferences.binary_indicator_var  n=    1  sample_idx=[None]
    investmentStage[1].representativePeriod[1].commitmentPeriod[2]._pyomo_gdp_bigm_reformulation.relaxedDisjuncts[36].localVarReferences.binary_indicator_var  n=    1  sample_idx=[None]
    investmentStage[1].representativePeriod[1].commitmentPeriod[2]._pyomo_gdp_bigm_reformulation.relaxedDisjuncts[37].localVarReferences.binary_indicator_var  n=    1  sample_idx=[None]
    investmentStage[1].representativePeriod[1].commitmentPeriod[2]._pyomo_gdp_bigm_reformulation.relaxedDisjuncts[38].localVarReferences.binary_indicator_var  n=    1  sample_idx=[None]
    investmentStage[1].representativePeriod[1].commitmentPeriod[2]._pyomo_gdp_bigm_reformulation.relaxedDisjuncts[39].localVarReferences.binary_indicator_var  n=    1  sample_idx=[None]
    investmentStage[1].representativePeriod[1].commitmentPeriod[2]._pyomo_gdp_bigm_reformulation.relaxedDisjuncts[40].localVarReferences.binary_indicator_var  n=    1  sample_idx=[None]
    investmentStage[1].representativePeriod[1].commitmentPeriod[2]._pyomo_gdp_bigm_reformulation.relaxedDisjuncts[41].localVarReferences.binary_indicator_var  n=    1  sample_idx=[None]
    investmentStage[1].representativePeriod[1].commitmentPeriod[2]._pyomo_gdp_bigm_reformulation.relaxedDisjuncts[42].localVarReferences.binary_indicator_var  n=    1  sample_idx=[None]
    investmentStage[1].representativePeriod[1].commitmentPeriod[2]._pyomo_gdp_bigm_reformulation.relaxedDisjuncts[43].localVarReferences.binary_indicator_var  n=    1  sample_idx=[None]
    investmentStage[1].representativePeriod[1].commitmentPeriod[2]._pyomo_gdp_bigm_reformulation.relaxedDisjuncts[44].localVarReferences.binary_indicator_var  n=    1  sample_idx=[None]
    investmentStage[1].representativePeriod[1].commitmentPeriod[2]._pyomo_gdp_bigm_reformulation.relaxedDisjuncts[45].localVarReferences.binary_indicator_var  n=    1  sample_idx=[None]
    investmentStage[1].representativePeriod[1].commitmentPeriod[2]._pyomo_gdp_bigm_reformulation.relaxedDisjuncts[46].localVarReferences.binary_indicator_var  n=    1  sample_idx=[None]
    investmentStage[1].representativePeriod[1].commitmentPeriod[2]._pyomo_gdp_bigm_reformulation.relaxedDisjuncts[47].localVarReferences.binary_indicator_var  n=    1  sample_idx=[None]
    investmentStage[1].representativePeriod[1].commitmentPeriod[2]._pyomo_gdp_bigm_reformulation.relaxedDisjuncts[48].localVarReferences.binary_indicator_var  n=    1  sample_idx=[None]
    investmentStage[1].representativePeriod[1].commitmentPeriod[2]._pyomo_gdp_bigm_reformulation.relaxedDisjuncts[49].localVarReferences.binary_indicator_var  n=    1  sample_idx=[None]
    investmentStage[1].representativePeriod[1].commitmentPeriod[2]._pyomo_gdp_bigm_reformulation.relaxedDisjuncts[50].localVarReferences.binary_indicator_var  n=    1  sample_idx=[None]
    investmentStage[1].representativePeriod[1].commitmentPeriod[2]._pyomo_gdp_bigm_reformulation.relaxedDisjuncts[51].localVarReferences.binary_indicator_var  n=    1  sample_idx=[None]
    investmentStage[1].representativePeriod[1].commitmentPeriod[2]._pyomo_gdp_bigm_reformulation.relaxedDisjuncts[52].localVarReferences.binary_indicator_var  n=    1  sample_idx=[None]
    investmentStage[1].representativePeriod[1].commitmentPeriod[2]._pyomo_gdp_bigm_reformulation.relaxedDisjuncts[53].localVarReferences.binary_indicator_var  n=    1  sample_idx=[None]
    investmentStage[1].representativePeriod[1].commitmentPeriod[2]._pyomo_gdp_bigm_reformulation.relaxedDisjuncts[54].localVarReferences.binary_indicator_var  n=    1  sample_idx=[None]
    investmentStage[1].representativePeriod[1].commitmentPeriod[2]._pyomo_gdp_bigm_reformulation.relaxedDisjuncts[55].localVarReferences.binary_indicator_var  n=    1  sample_idx=[None]
    investmentStage[1].representativePeriod[1].commitmentPeriod[2]._pyomo_gdp_bigm_reformulation.relaxedDisjuncts[56].localVarReferences.binary_indicator_var  n=    1  sample_idx=[None]
    investmentStage[1].representativePeriod[1].commitmentPeriod[2]._pyomo_gdp_bigm_reformulation.relaxedDisjuncts[57].localVarReferences.binary_indicator_var  n=    1  sample_idx=[None]
    investmentStage[1].representativePeriod[1].commitmentPeriod[2]._pyomo_gdp_bigm_reformulation.relaxedDisjuncts[58].localVarReferences.binary_indicator_var  n=    1  sample_idx=[None]
    investmentStage[1].representativePeriod[1].commitmentPeriod[2]._pyomo_gdp_bigm_reformulation.relaxedDisjuncts[59].localVarReferences.binary_indicator_var  n=    1  sample_idx=[None]
    investmentStage[1].representativePeriod[1].commitmentPeriod[2]._pyomo_gdp_bigm_reformulation.relaxedDisjuncts[60].localVarReferences.binary_indicator_var  n=    1  sample_idx=[None]
    investmentStage[1].representativePeriod[1].commitmentPeriod[2]._pyomo_gdp_bigm_reformulation.relaxedDisjuncts[61].localVarReferences.binary_indicator_var  n=    1  sample_idx=[None]
    investmentStage[1].representativePeriod[1].commitmentPeriod[2]._pyomo_gdp_bigm_reformulation.relaxedDisjuncts[62].localVarReferences.binary_indicator_var  n=    1  sample_idx=[None]
    investmentStage[1].representativePeriod[1].commitmentPeriod[2]._pyomo_gdp_bigm_reformulation.relaxedDisjuncts[63].localVarReferences.binary_indicator_var  n=    1  sample_idx=[None]
    investmentStage[1].representativePeriod[1].commitmentPeriod[2]._pyomo_gdp_bigm_reformulation.relaxedDisjuncts[64].localVarReferences.binary_indicator_var  n=    1  sample_idx=[None]
    investmentStage[1].representativePeriod[1].commitmentPeriod[2]._pyomo_gdp_bigm_reformulation.relaxedDisjuncts[65].localVarReferences.binary_indicator_var  n=    1  sample_idx=[None]
    investmentStage[1].representativePeriod[1].commitmentPeriod[2]._pyomo_gdp_bigm_reformulation.relaxedDisjuncts[66].localVarReferences.binary_indicator_var  n=    1  sample_idx=[None]
    investmentStage[1].representativePeriod[1].commitmentPeriod[2]._pyomo_gdp_bigm_reformulation.relaxedDisjuncts[67].localVarReferences.binary_indicator_var  n=    1  sample_idx=[None]
    investmentStage[1].representativePeriod[1].commitmentPeriod[2]._pyomo_gdp_bigm_reformulation.relaxedDisjuncts[68].localVarReferences.binary_indicator_var  n=    1  sample_idx=[None]
    investmentStage[1].representativePeriod[1].commitmentPeriod[2]._pyomo_gdp_bigm_reformulation.relaxedDisjuncts[69].localVarReferences.binary_indicator_var  n=    1  sample_idx=[None]
    investmentStage[1].representativePeriod[1].commitmentPeriod[2]._pyomo_gdp_bigm_reformulation.relaxedDisjuncts[70].localVarReferences.binary_indicator_var  n=    1  sample_idx=[None]
    investmentStage[1].representativePeriod[1].commitmentPeriod[2]._pyomo_gdp_bigm_reformulation.relaxedDisjuncts[71].localVarReferences.binary_indicator_var  n=    1  sample_idx=[None]
    investmentStage[1].representativePeriod[1].commitmentPeriod[2]._pyomo_gdp_bigm_reformulation.relaxedDisjuncts[72].localVarReferences.binary_indicator_var  n=    1  sample_idx=[None]
    investmentStage[1].representativePeriod[1].commitmentPeriod[2]._pyomo_gdp_bigm_reformulation.relaxedDisjuncts[73].localVarReferences.binary_indicator_var  n=    1  sample_idx=[None]
    investmentStage[1].representativePeriod[1].commitmentPeriod[2]._pyomo_gdp_bigm_reformulation.relaxedDisjuncts[74].localVarReferences.binary_indicator_var  n=    1  sample_idx=[None]
    investmentStage[1].representativePeriod[1].commitmentPeriod[2]._pyomo_gdp_bigm_reformulation.relaxedDisjuncts[75].localVarReferences.binary_indicator_var  n=    1  sample_idx=[None]
    investmentStage[1].representativePeriod[1].commitmentPeriod[2]._pyomo_gdp_bigm_reformulation.relaxedDisjuncts[76].localVarReferences.binary_indicator_var  n=    1  sample_idx=[None]
    investmentStage[1].representativePeriod[1].commitmentPeriod[2]._pyomo_gdp_bigm_reformulation.relaxedDisjuncts[77].localVarReferences.binary_indicator_var  n=    1  sample_idx=[None]
    investmentStage[1].representativePeriod[1].commitmentPeriod[2]._pyomo_gdp_bigm_reformulation.relaxedDisjuncts[78].localVarReferences.binary_indicator_var  n=    1  sample_idx=[None]
    investmentStage[1].representativePeriod[1].commitmentPeriod[2]._pyomo_gdp_bigm_reformulation.relaxedDisjuncts[79].localVarReferences.binary_indicator_var  n=    1  sample_idx=[None]
    investmentStage[1].representativePeriod[1].commitmentPeriod[2]._pyomo_gdp_bigm_reformulation.relaxedDisjuncts[80].localVarReferences.binary_indicator_var  n=    1  sample_idx=[None]
    investmentStage[1].representativePeriod[1].commitmentPeriod[2]._pyomo_gdp_bigm_reformulation.relaxedDisjuncts[81].localVarReferences.binary_indicator_var  n=    1  sample_idx=[None]
    investmentStage[1].representativePeriod[1].commitmentPeriod[2]._pyomo_gdp_bigm_reformulation.relaxedDisjuncts[82].localVarReferences.binary_indicator_var  n=    1  sample_idx=[None]
    investmentStage[1].representativePeriod[1].commitmentPeriod[2]._pyomo_gdp_bigm_reformulation.relaxedDisjuncts[83].localVarReferences.binary_indicator_var  n=    1  sample_idx=[None]
    investmentStage[1].representativePeriod[1].commitmentPeriod[2]._pyomo_gdp_bigm_reformulation.relaxedDisjuncts[84].localVarReferences.binary_indicator_var  n=    1  sample_idx=[None]
    investmentStage[1].representativePeriod[1].commitmentPeriod[2]._pyomo_gdp_bigm_reformulation.relaxedDisjuncts[85].localVarReferences.binary_indicator_var  n=    1  sample_idx=[None]
    investmentStage[1].representativePeriod[1].commitmentPeriod[2]._pyomo_gdp_bigm_reformulation.relaxedDisjuncts[86].localVarReferences.binary_indicator_var  n=    1  sample_idx=[None]
    investmentStage[1].representativePeriod[1].commitmentPeriod[2]._pyomo_gdp_bigm_reformulation.relaxedDisjuncts[87].localVarReferences.binary_indicator_var  n=    1  sample_idx=[None]
    investmentStage[1].representativePeriod[1].commitmentPeriod[2]._pyomo_gdp_bigm_reformulation.relaxedDisjuncts[88].localVarReferences.binary_indicator_var  n=    1  sample_idx=[None]
    investmentStage[1].representativePeriod[1].commitmentPeriod[2]._pyomo_gdp_bigm_reformulation.relaxedDisjuncts[89].localVarReferences.binary_indicator_var  n=    1  sample_idx=[None]
    investmentStage[1].representativePeriod[1].commitmentPeriod[2]._pyomo_gdp_bigm_reformulation.relaxedDisjuncts[90].localVarReferences.binary_indicator_var  n=    1  sample_idx=[None]
    investmentStage[1].representativePeriod[1].commitmentPeriod[2]._pyomo_gdp_bigm_reformulation.relaxedDisjuncts[91].localVarReferences.binary_indicator_var  n=    1  sample_idx=[None]
    investmentStage[1].representativePeriod[1].commitmentPeriod[2]._pyomo_gdp_bigm_reformulation.relaxedDisjuncts[92].localVarReferences.binary_indicator_var  n=    1  sample_idx=[None]
    investmentStage[1].representativePeriod[1].commitmentPeriod[2]._pyomo_gdp_bigm_reformulation.relaxedDisjuncts[93].localVarReferences.binary_indicator_var  n=    1  sample_idx=[None]
    investmentStage[1].representativePeriod[1].commitmentPeriod[2]._pyomo_gdp_bigm_reformulation.relaxedDisjuncts[94].localVarReferences.binary_indicator_var  n=    1  sample_idx=[None]
    investmentStage[1].representativePeriod[1].commitmentPeriod[2]._pyomo_gdp_bigm_reformulation.relaxedDisjuncts[95].localVarReferences.binary_indicator_var  n=    1  sample_idx=[None]
    investmentStage[1].representativePeriod[1].commitmentPeriod[2]._pyomo_gdp_bigm_reformulation.relaxedDisjuncts[96].localVarReferences.binary_indicator_var  n=    1  sample_idx=[None]
    investmentStage[1].representativePeriod[1].commitmentPeriod[2]._pyomo_gdp_bigm_reformulation.relaxedDisjuncts[97].localVarReferences.binary_indicator_var  n=    1  sample_idx=[None]
    investmentStage[1].representativePeriod[1].commitmentPeriod[2]._pyomo_gdp_bigm_reformulation.relaxedDisjuncts[98].localVarReferences.binary_indicator_var  n=    1  sample_idx=[None]
    investmentStage[1].representativePeriod[1].commitmentPeriod[2]._pyomo_gdp_bigm_reformulation.relaxedDisjuncts[99].localVarReferences.binary_indicator_var  n=    1  sample_idx=[None]
    investmentStage[1].representativePeriod[1].commitmentPeriod[2]._pyomo_gdp_bigm_reformulation.relaxedDisjuncts[100].localVarReferences.binary_indicator_var  n=    1  sample_idx=[None]
    investmentStage[1].representativePeriod[1].commitmentPeriod[2]._pyomo_gdp_bigm_reformulation.relaxedDisjuncts[101].localVarReferences.binary_indicator_var  n=    1  sample_idx=[None]
    investmentStage[1].representativePeriod[1].commitmentPeriod[2]._pyomo_gdp_bigm_reformulation.relaxedDisjuncts[102].localVarReferences.binary_indicator_var  n=    1  sample_idx=[None]
    investmentStage[1].representativePeriod[1].commitmentPeriod[2]._pyomo_gdp_bigm_reformulation.relaxedDisjuncts[103].localVarReferences.binary_indicator_var  n=    1  sample_idx=[None]
    investmentStage[1].representativePeriod[1].commitmentPeriod[2]._pyomo_gdp_bigm_reformulation.relaxedDisjuncts[104].localVarReferences.binary_indicator_var  n=    1  sample_idx=[None]
    investmentStage[1].representativePeriod[1].commitmentPeriod[2]._pyomo_gdp_bigm_reformulation.relaxedDisjuncts[105].localVarReferences.binary_indicator_var  n=    1  sample_idx=[None]
    investmentStage[1].representativePeriod[1].commitmentPeriod[2]._pyomo_gdp_bigm_reformulation.relaxedDisjuncts[106].localVarReferences.binary_indicator_var  n=    1  sample_idx=[None]
    investmentStage[1].representativePeriod[1].commitmentPeriod[2]._pyomo_gdp_bigm_reformulation.relaxedDisjuncts[107].localVarReferences.binary_indicator_var  n=    1  sample_idx=[None]
    investmentStage[1].representativePeriod[1].commitmentPeriod[2]._pyomo_gdp_bigm_reformulation.relaxedDisjuncts[108].localVarReferences.binary_indicator_var  n=    1  sample_idx=[None]
    investmentStage[1].representativePeriod[1].commitmentPeriod[2]._pyomo_gdp_bigm_reformulation.relaxedDisjuncts[109].localVarReferences.binary_indicator_var  n=    1  sample_idx=[None]
    investmentStage[1].representativePeriod[1].commitmentPeriod[2]._pyomo_gdp_bigm_reformulation.relaxedDisjuncts[110].localVarReferences.binary_indicator_var  n=    1  sample_idx=[None]
    investmentStage[1].representativePeriod[1].commitmentPeriod[2]._pyomo_gdp_bigm_reformulation.relaxedDisjuncts[111].localVarReferences.binary_indicator_var  n=    1  sample_idx=[None]
    investmentStage[1].representativePeriod[1].commitmentPeriod[2]._pyomo_gdp_bigm_reformulation.relaxedDisjuncts[112].localVarReferences.binary_indicator_var  n=    1  sample_idx=[None]
    investmentStage[1].representativePeriod[1].commitmentPeriod[2]._pyomo_gdp_bigm_reformulation.relaxedDisjuncts[113].localVarReferences.binary_indicator_var  n=    1  sample_idx=[None]
    investmentStage[1].representativePeriod[1].commitmentPeriod[2]._pyomo_gdp_bigm_reformulation.relaxedDisjuncts[114].localVarReferences.binary_indicator_var  n=    1  sample_idx=[None]
    investmentStage[1].representativePeriod[1].commitmentPeriod[2]._pyomo_gdp_bigm_reformulation.relaxedDisjuncts[115].localVarReferences.binary_indicator_var  n=    1  sample_idx=[None]
    investmentStage[1].representativePeriod[1].commitmentPeriod[2]._pyomo_gdp_bigm_reformulation.relaxedDisjuncts[116].localVarReferences.binary_indicator_var  n=    1  sample_idx=[None]
    investmentStage[1].representativePeriod[1].commitmentPeriod[2]._pyomo_gdp_bigm_reformulation.relaxedDisjuncts[117].localVarReferences.binary_indicator_var  n=    1  sample_idx=[None]
    investmentStage[1].representativePeriod[1].commitmentPeriod[2]._pyomo_gdp_bigm_reformulation.relaxedDisjuncts[118].localVarReferences.binary_indicator_var  n=    1  sample_idx=[None]
    investmentStage[1].representativePeriod[1].commitmentPeriod[2]._pyomo_gdp_bigm_reformulation.relaxedDisjuncts[119].localVarReferences.binary_indicator_var  n=    1  sample_idx=[None]
    investmentStage[1].representativePeriod[1].commitmentPeriod[2]._pyomo_gdp_bigm_reformulation.relaxedDisjuncts[120].localVarReferences.binary_indicator_var  n=    1  sample_idx=[None]
    investmentStage[1].representativePeriod[1].commitmentPeriod[2]._pyomo_gdp_bigm_reformulation.relaxedDisjuncts[121].localVarReferences.binary_indicator_var  n=    1  sample_idx=[None]
    investmentStage[1].representativePeriod[1].commitmentPeriod[2]._pyomo_gdp_bigm_reformulation.relaxedDisjuncts[122].localVarReferences.binary_indicator_var  n=    1  sample_idx=[None]
    investmentStage[1].representativePeriod[1].commitmentPeriod[2]._pyomo_gdp_bigm_reformulation.relaxedDisjuncts[123].localVarReferences.binary_indicator_var  n=    1  sample_idx=[None]
    investmentStage[1].representativePeriod[1].commitmentPeriod[2]._pyomo_gdp_bigm_reformulation.relaxedDisjuncts[124].localVarReferences.binary_indicator_var  n=    1  sample_idx=[None]
    investmentStage[1].representativePeriod[1].commitmentPeriod[2]._pyomo_gdp_bigm_reformulation.relaxedDisjuncts[125].localVarReferences.binary_indicator_var  n=    1  sample_idx=[None]
    investmentStage[1].representativePeriod[1].commitmentPeriod[2]._pyomo_gdp_bigm_reformulation.relaxedDisjuncts[126].localVarReferences.binary_indicator_var  n=    1  sample_idx=[None]
    investmentStage[1].representativePeriod[1].commitmentPeriod[2]._pyomo_gdp_bigm_reformulation.relaxedDisjuncts[127].localVarReferences.binary_indicator_var  n=    1  sample_idx=[None]
    investmentStage[1].representativePeriod[1].commitmentPeriod[2]._pyomo_gdp_bigm_reformulation.relaxedDisjuncts[128].localVarReferences.binary_indicator_var  n=    1  sample_idx=[None]
    investmentStage[1].representativePeriod[1].commitmentPeriod[2]._pyomo_gdp_bigm_reformulation.relaxedDisjuncts[129].localVarReferences.binary_indicator_var  n=    1  sample_idx=[None]
    investmentStage[1].representativePeriod[1].commitmentPeriod[2]._pyomo_gdp_bigm_reformulation.relaxedDisjuncts[130].localVarReferences.binary_indicator_var  n=    1  sample_idx=[None]
    investmentStage[1].representativePeriod[1].commitmentPeriod[2]._pyomo_gdp_bigm_reformulation.relaxedDisjuncts[131].localVarReferences.binary_indicator_var  n=    1  sample_idx=[None]
    investmentStage[1].representativePeriod[1].commitmentPeriod[2]._pyomo_gdp_bigm_reformulation.relaxedDisjuncts[132].localVarReferences.binary_indicator_var  n=    1  sample_idx=[None]
    investmentStage[1].representativePeriod[1].commitmentPeriod[2]._pyomo_gdp_bigm_reformulation.relaxedDisjuncts[133].localVarReferences.binary_indicator_var  n=    1  sample_idx=[None]
    investmentStage[1].representativePeriod[1].commitmentPeriod[2]._pyomo_gdp_bigm_reformulation.relaxedDisjuncts[134].localVarReferences.binary_indicator_var  n=    1  sample_idx=[None]
    investmentStage[1].representativePeriod[1].commitmentPeriod[2]._pyomo_gdp_bigm_reformulation.relaxedDisjuncts[135].localVarReferences.binary_indicator_var  n=    1  sample_idx=[None]
    investmentStage[1].representativePeriod[1].commitmentPeriod[2]._pyomo_gdp_bigm_reformulation.relaxedDisjuncts[136].localVarReferences.binary_indicator_var  n=    1  sample_idx=[None]
    investmentStage[1].representativePeriod[1].commitmentPeriod[2]._pyomo_gdp_bigm_reformulation.relaxedDisjuncts[137].localVarReferences.binary_indicator_var  n=    1  sample_idx=[None]
    investmentStage[1].representativePeriod[1].commitmentPeriod[2]._pyomo_gdp_bigm_reformulation.relaxedDisjuncts[138].localVarReferences.binary_indicator_var  n=    1  sample_idx=[None]
    investmentStage[1].representativePeriod[1].commitmentPeriod[2]._pyomo_gdp_bigm_reformulation.relaxedDisjuncts[139].localVarReferences.binary_indicator_var  n=    1  sample_idx=[None]
    investmentStage[1].representativePeriod[1].commitmentPeriod[2]._pyomo_gdp_bigm_reformulation.relaxedDisjuncts[140].localVarReferences.binary_indicator_var  n=    1  sample_idx=[None]
    investmentStage[1].representativePeriod[1].commitmentPeriod[2]._pyomo_gdp_bigm_reformulation.relaxedDisjuncts[141].localVarReferences.binary_indicator_var  n=    1  sample_idx=[None]
    investmentStage[1].representativePeriod[1].commitmentPeriod[2]._pyomo_gdp_bigm_reformulation.relaxedDisjuncts[142].localVarReferences.binary_indicator_var  n=    1  sample_idx=[None]
    investmentStage[1].representativePeriod[1].commitmentPeriod[2]._pyomo_gdp_bigm_reformulation.relaxedDisjuncts[143].localVarReferences.binary_indicator_var  n=    1  sample_idx=[None]
    investmentStage[1].representativePeriod[1].commitmentPeriod[2]._pyomo_gdp_bigm_reformulation.relaxedDisjuncts[144].localVarReferences.binary_indicator_var  n=    1  sample_idx=[None]
    investmentStage[1].representativePeriod[1].commitmentPeriod[2]._pyomo_gdp_bigm_reformulation.relaxedDisjuncts[145].localVarReferences.binary_indicator_var  n=    1  sample_idx=[None]
    investmentStage[1].representativePeriod[1].commitmentPeriod[2]._pyomo_gdp_bigm_reformulation.relaxedDisjuncts[146].localVarReferences.binary_indicator_var  n=    1  sample_idx=[None]
    investmentStage[1].representativePeriod[1].commitmentPeriod[2]._pyomo_gdp_bigm_reformulation.relaxedDisjuncts[147].localVarReferences.binary_indicator_var  n=    1  sample_idx=[None]
    investmentStage[1].representativePeriod[1].commitmentPeriod[2]._pyomo_gdp_bigm_reformulation.relaxedDisjuncts[148].localVarReferences.binary_indicator_var  n=    1  sample_idx=[None]
    investmentStage[1].representativePeriod[1].commitmentPeriod[2]._pyomo_gdp_bigm_reformulation.relaxedDisjuncts[149].localVarReferences.binary_indicator_var  n=    1  sample_idx=[None]
    investmentStage[1].representativePeriod[1].commitmentPeriod[2]._pyomo_gdp_bigm_reformulation.relaxedDisjuncts[150].localVarReferences.binary_indicator_var  n=    1  sample_idx=[None]
    investmentStage[1].representativePeriod[1].commitmentPeriod[2]._pyomo_gdp_bigm_reformulation.relaxedDisjuncts[151].localVarReferences.binary_indicator_var  n=    1  sample_idx=[None]
    investmentStage[1].representativePeriod[1].commitmentPeriod[2]._pyomo_gdp_bigm_reformulation.relaxedDisjuncts[152].localVarReferences.binary_indicator_var  n=    1  sample_idx=[None]
    investmentStage[1].representativePeriod[1].commitmentPeriod[2]._pyomo_gdp_bigm_reformulation.relaxedDisjuncts[153].localVarReferences.binary_indicator_var  n=    1  sample_idx=[None]
    investmentStage[1].representativePeriod[1].commitmentPeriod[2]._pyomo_gdp_bigm_reformulation.relaxedDisjuncts[154].localVarReferences.binary_indicator_var  n=    1  sample_idx=[None]
    investmentStage[1].representativePeriod[1].commitmentPeriod[2]._pyomo_gdp_bigm_reformulation.relaxedDisjuncts[155].localVarReferences.binary_indicator_var  n=    1  sample_idx=[None]
    investmentStage[1].representativePeriod[1].commitmentPeriod[2]._pyomo_gdp_bigm_reformulation.relaxedDisjuncts[156].localVarReferences.binary_indicator_var  n=    1  sample_idx=[None]
    investmentStage[1].representativePeriod[1].commitmentPeriod[2]._pyomo_gdp_bigm_reformulation.relaxedDisjuncts[157].localVarReferences.binary_indicator_var  n=    1  sample_idx=[None]
    investmentStage[1].representativePeriod[1].commitmentPeriod[2]._pyomo_gdp_bigm_reformulation.relaxedDisjuncts[158].localVarReferences.binary_indicator_var  n=    1  sample_idx=[None]
    investmentStage[1].representativePeriod[1].commitmentPeriod[2]._pyomo_gdp_bigm_reformulation.relaxedDisjuncts[159].localVarReferences.binary_indicator_var  n=    1  sample_idx=[None]
    investmentStage[1].representativePeriod[1].commitmentPeriod[2]._pyomo_gdp_bigm_reformulation.relaxedDisjuncts[160].localVarReferences.binary_indicator_var  n=    1  sample_idx=[None]
    investmentStage[1].representativePeriod[1].commitmentPeriod[2]._pyomo_gdp_bigm_reformulation.relaxedDisjuncts[161].localVarReferences.binary_indicator_var  n=    1  sample_idx=[None]
    investmentStage[1].representativePeriod[1].commitmentPeriod[2]._pyomo_gdp_bigm_reformulation.relaxedDisjuncts[162].localVarReferences.binary_indicator_var  n=    1  sample_idx=[None]
    investmentStage[1].representativePeriod[1].commitmentPeriod[2]._pyomo_gdp_bigm_reformulation.relaxedDisjuncts[163].localVarReferences.binary_indicator_var  n=    1  sample_idx=[None]
    investmentStage[1].representativePeriod[1].commitmentPeriod[2]._pyomo_gdp_bigm_reformulation.relaxedDisjuncts[164].localVarReferences.binary_indicator_var  n=    1  sample_idx=[None]
    investmentStage[1].representativePeriod[1].commitmentPeriod[2]._pyomo_gdp_bigm_reformulation.relaxedDisjuncts[165].localVarReferences.binary_indicator_var  n=    1  sample_idx=[None]
    investmentStage[1].representativePeriod[1].commitmentPeriod[2]._pyomo_gdp_bigm_reformulation.relaxedDisjuncts[166].localVarReferences.binary_indicator_var  n=    1  sample_idx=[None]
    investmentStage[1].representativePeriod[1].commitmentPeriod[2]._pyomo_gdp_bigm_reformulation.relaxedDisjuncts[167].localVarReferences.binary_indicator_var  n=    1  sample_idx=[None]
    investmentStage[1].representativePeriod[1]._logical_to_disjunctive.auxiliary_vars  n=  396  sample_idx=[1, 2, 3]
    investmentStage[1].representativePeriod[1]._logical_to_disjunctive._pyomo_gdp_bigm_reformulation.relaxedDisjuncts[0].localVarReferences.binary_indicator_var  n=    1  sample_idx=[None]
    investmentStage[1].representativePeriod[1]._logical_to_disjunctive._pyomo_gdp_bigm_reformulation.relaxedDisjuncts[1].localVarReferences.binary_indicator_var  n=    1  sample_idx=[None]
    investmentStage[1].representativePeriod[1]._logical_to_disjunctive._pyomo_gdp_bigm_reformulation.relaxedDisjuncts[2].localVarReferences.binary_indicator_var  n=    1  sample_idx=[None]
    investmentStage[1].representativePeriod[1]._logical_to_disjunctive._pyomo_gdp_bigm_reformulation.relaxedDisjuncts[3].localVarReferences.binary_indicator_var  n=    1  sample_idx=[None]
    investmentStage[1].representativePeriod[1]._logical_to_disjunctive._pyomo_gdp_bigm_reformulation.relaxedDisjuncts[4].localVarReferences.binary_indicator_var  n=    1  sample_idx=[None]
    investmentStage[1].representativePeriod[1]._logical_to_disjunctive._pyomo_gdp_bigm_reformulation.relaxedDisjuncts[5].localVarReferences.binary_indicator_var  n=    1  sample_idx=[None]
    investmentStage[1].representativePeriod[1]._logical_to_disjunctive._pyomo_gdp_bigm_reformulation.relaxedDisjuncts[6].localVarReferences.binary_indicator_var  n=    1  sample_idx=[None]
    investmentStage[1].representativePeriod[1]._logical_to_disjunctive._pyomo_gdp_bigm_reformulation.relaxedDisjuncts[7].localVarReferences.binary_indicator_var  n=    1  sample_idx=[None]
    investmentStage[1].representativePeriod[1]._logical_to_disjunctive._pyomo_gdp_bigm_reformulation.relaxedDisjuncts[8].localVarReferences.binary_indicator_var  n=    1  sample_idx=[None]
    investmentStage[1].representativePeriod[1]._logical_to_disjunctive._pyomo_gdp_bigm_reformulation.relaxedDisjuncts[9].localVarReferences.binary_indicator_var  n=    1  sample_idx=[None]
    investmentStage[1].representativePeriod[1]._logical_to_disjunctive._pyomo_gdp_bigm_reformulation.relaxedDisjuncts[10].localVarReferences.binary_indicator_var  n=    1  sample_idx=[None]
    investmentStage[1].representativePeriod[1]._logical_to_disjunctive._pyomo_gdp_bigm_reformulation.relaxedDisjuncts[11].localVarReferences.binary_indicator_var  n=    1  sample_idx=[None]
    investmentStage[1].representativePeriod[1]._logical_to_disjunctive._pyomo_gdp_bigm_reformulation.relaxedDisjuncts[12].localVarReferences.binary_indicator_var  n=    1  sample_idx=[None]
    investmentStage[1].representativePeriod[1]._logical_to_disjunctive._pyomo_gdp_bigm_reformulation.relaxedDisjuncts[13].localVarReferences.binary_indicator_var  n=    1  sample_idx=[None]
    investmentStage[1].representativePeriod[1]._logical_to_disjunctive._pyomo_gdp_bigm_reformulation.relaxedDisjuncts[14].localVarReferences.binary_indicator_var  n=    1  sample_idx=[None]
    investmentStage[1].representativePeriod[1]._logical_to_disjunctive._pyomo_gdp_bigm_reformulation.relaxedDisjuncts[15].localVarReferences.binary_indicator_var  n=    1  sample_idx=[None]
    investmentStage[1].representativePeriod[1]._logical_to_disjunctive._pyomo_gdp_bigm_reformulation.relaxedDisjuncts[16].localVarReferences.binary_indicator_var  n=    1  sample_idx=[None]
    investmentStage[1].representativePeriod[1]._logical_to_disjunctive._pyomo_gdp_bigm_reformulation.relaxedDisjuncts[17].localVarReferences.binary_indicator_var  n=    1  sample_idx=[None]
    investmentStage[1].representativePeriod[1]._logical_to_disjunctive._pyomo_gdp_bigm_reformulation.relaxedDisjuncts[18].localVarReferences.binary_indicator_var  n=    1  sample_idx=[None]
    investmentStage[1].representativePeriod[1]._logical_to_disjunctive._pyomo_gdp_bigm_reformulation.relaxedDisjuncts[19].localVarReferences.binary_indicator_var  n=    1  sample_idx=[None]
    investmentStage[1].representativePeriod[1]._logical_to_disjunctive._pyomo_gdp_bigm_reformulation.relaxedDisjuncts[20].localVarReferences.binary_indicator_var  n=    1  sample_idx=[None]
    investmentStage[1].representativePeriod[1]._logical_to_disjunctive._pyomo_gdp_bigm_reformulation.relaxedDisjuncts[21].localVarReferences.binary_indicator_var  n=    1  sample_idx=[None]
    investmentStage[1].representativePeriod[1]._logical_to_disjunctive._pyomo_gdp_bigm_reformulation.relaxedDisjuncts[22].localVarReferences.binary_indicator_var  n=    1  sample_idx=[None]
    investmentStage[1].representativePeriod[1]._logical_to_disjunctive._pyomo_gdp_bigm_reformulation.relaxedDisjuncts[23].localVarReferences.binary_indicator_var  n=    1  sample_idx=[None]
    investmentStage[1].representativePeriod[1]._logical_to_disjunctive._pyomo_gdp_bigm_reformulation.relaxedDisjuncts[24].localVarReferences.binary_indicator_var  n=    1  sample_idx=[None]
    investmentStage[1].representativePeriod[1]._logical_to_disjunctive._pyomo_gdp_bigm_reformulation.relaxedDisjuncts[25].localVarReferences.binary_indicator_var  n=    1  sample_idx=[None]
    investmentStage[1].representativePeriod[1]._logical_to_disjunctive._pyomo_gdp_bigm_reformulation.relaxedDisjuncts[26].localVarReferences.binary_indicator_var  n=    1  sample_idx=[None]
    investmentStage[1].representativePeriod[1]._logical_to_disjunctive._pyomo_gdp_bigm_reformulation.relaxedDisjuncts[27].localVarReferences.binary_indicator_var  n=    1  sample_idx=[None]
    investmentStage[1].representativePeriod[1]._logical_to_disjunctive._pyomo_gdp_bigm_reformulation.relaxedDisjuncts[28].localVarReferences.binary_indicator_var  n=    1  sample_idx=[None]
    investmentStage[1].representativePeriod[1]._logical_to_disjunctive._pyomo_gdp_bigm_reformulation.relaxedDisjuncts[29].localVarReferences.binary_indicator_var  n=    1  sample_idx=[None]
    investmentStage[1].representativePeriod[1]._logical_to_disjunctive._pyomo_gdp_bigm_reformulation.relaxedDisjuncts[30].localVarReferences.binary_indicator_var  n=    1  sample_idx=[None]
    investmentStage[1].representativePeriod[1]._logical_to_disjunctive._pyomo_gdp_bigm_reformulation.relaxedDisjuncts[31].localVarReferences.binary_indicator_var  n=    1  sample_idx=[None]
    investmentStage[1].representativePeriod[1]._logical_to_disjunctive._pyomo_gdp_bigm_reformulation.relaxedDisjuncts[32].localVarReferences.binary_indicator_var  n=    1  sample_idx=[None]
    investmentStage[1].representativePeriod[1]._logical_to_disjunctive._pyomo_gdp_bigm_reformulation.relaxedDisjuncts[33].localVarReferences.binary_indicator_var  n=    1  sample_idx=[None]
    investmentStage[1].representativePeriod[1]._logical_to_disjunctive._pyomo_gdp_bigm_reformulation.relaxedDisjuncts[34].localVarReferences.binary_indicator_var  n=    1  sample_idx=[None]
    investmentStage[1].representativePeriod[1]._logical_to_disjunctive._pyomo_gdp_bigm_reformulation.relaxedDisjuncts[35].localVarReferences.binary_indicator_var  n=    1  sample_idx=[None]
    investmentStage[1].representativePeriod[1]._logical_to_disjunctive._pyomo_gdp_bigm_reformulation.relaxedDisjuncts[36].localVarReferences.binary_indicator_var  n=    1  sample_idx=[None]
    investmentStage[1].representativePeriod[1]._logical_to_disjunctive._pyomo_gdp_bigm_reformulation.relaxedDisjuncts[37].localVarReferences.binary_indicator_var  n=    1  sample_idx=[None]
    investmentStage[1].representativePeriod[1]._logical_to_disjunctive._pyomo_gdp_bigm_reformulation.relaxedDisjuncts[38].localVarReferences.binary_indicator_var  n=    1  sample_idx=[None]
    investmentStage[1].representativePeriod[1]._logical_to_disjunctive._pyomo_gdp_bigm_reformulation.relaxedDisjuncts[39].localVarReferences.binary_indicator_var  n=    1  sample_idx=[None]
    investmentStage[1].representativePeriod[1]._logical_to_disjunctive._pyomo_gdp_bigm_reformulation.relaxedDisjuncts[40].localVarReferences.binary_indicator_var  n=    1  sample_idx=[None]
    investmentStage[1].representativePeriod[1]._logical_to_disjunctive._pyomo_gdp_bigm_reformulation.relaxedDisjuncts[41].localVarReferences.binary_indicator_var  n=    1  sample_idx=[None]
    investmentStage[1].representativePeriod[1]._logical_to_disjunctive._pyomo_gdp_bigm_reformulation.relaxedDisjuncts[42].localVarReferences.binary_indicator_var  n=    1  sample_idx=[None]
    investmentStage[1].representativePeriod[1]._logical_to_disjunctive._pyomo_gdp_bigm_reformulation.relaxedDisjuncts[43].localVarReferences.binary_indicator_var  n=    1  sample_idx=[None]
    investmentStage[1].representativePeriod[1]._logical_to_disjunctive._pyomo_gdp_bigm_reformulation.relaxedDisjuncts[44].localVarReferences.binary_indicator_var  n=    1  sample_idx=[None]
    investmentStage[1].representativePeriod[1]._logical_to_disjunctive._pyomo_gdp_bigm_reformulation.relaxedDisjuncts[45].localVarReferences.binary_indicator_var  n=    1  sample_idx=[None]
    investmentStage[1].representativePeriod[1]._logical_to_disjunctive._pyomo_gdp_bigm_reformulation.relaxedDisjuncts[46].localVarReferences.binary_indicator_var  n=    1  sample_idx=[None]
    investmentStage[1].representativePeriod[1]._logical_to_disjunctive._pyomo_gdp_bigm_reformulation.relaxedDisjuncts[47].localVarReferences.binary_indicator_var  n=    1  sample_idx=[None]
    investmentStage[1].representativePeriod[1]._logical_to_disjunctive._pyomo_gdp_bigm_reformulation.relaxedDisjuncts[48].localVarReferences.binary_indicator_var  n=    1  sample_idx=[None]
    investmentStage[1].representativePeriod[1]._logical_to_disjunctive._pyomo_gdp_bigm_reformulation.relaxedDisjuncts[49].localVarReferences.binary_indicator_var  n=    1  sample_idx=[None]
    investmentStage[1].representativePeriod[1]._logical_to_disjunctive._pyomo_gdp_bigm_reformulation.relaxedDisjuncts[50].localVarReferences.binary_indicator_var  n=    1  sample_idx=[None]
    investmentStage[1].representativePeriod[1]._logical_to_disjunctive._pyomo_gdp_bigm_reformulation.relaxedDisjuncts[51].localVarReferences.binary_indicator_var  n=    1  sample_idx=[None]
    investmentStage[1].representativePeriod[1]._logical_to_disjunctive._pyomo_gdp_bigm_reformulation.relaxedDisjuncts[52].localVarReferences.binary_indicator_var  n=    1  sample_idx=[None]
    investmentStage[1].representativePeriod[1]._logical_to_disjunctive._pyomo_gdp_bigm_reformulation.relaxedDisjuncts[53].localVarReferences.binary_indicator_var  n=    1  sample_idx=[None]
    investmentStage[1].representativePeriod[1]._logical_to_disjunctive._pyomo_gdp_bigm_reformulation.relaxedDisjuncts[54].localVarReferences.binary_indicator_var  n=    1  sample_idx=[None]
    investmentStage[1].representativePeriod[1]._logical_to_disjunctive._pyomo_gdp_bigm_reformulation.relaxedDisjuncts[55].localVarReferences.binary_indicator_var  n=    1  sample_idx=[None]
    investmentStage[1].representativePeriod[1]._logical_to_disjunctive._pyomo_gdp_bigm_reformulation.relaxedDisjuncts[56].localVarReferences.binary_indicator_var  n=    1  sample_idx=[None]
    investmentStage[1].representativePeriod[1]._logical_to_disjunctive._pyomo_gdp_bigm_reformulation.relaxedDisjuncts[57].localVarReferences.binary_indicator_var  n=    1  sample_idx=[None]
    investmentStage[1].representativePeriod[1]._logical_to_disjunctive._pyomo_gdp_bigm_reformulation.relaxedDisjuncts[58].localVarReferences.binary_indicator_var  n=    1  sample_idx=[None]
    investmentStage[1].representativePeriod[1]._logical_to_disjunctive._pyomo_gdp_bigm_reformulation.relaxedDisjuncts[59].localVarReferences.binary_indicator_var  n=    1  sample_idx=[None]
    investmentStage[1].representativePeriod[1]._logical_to_disjunctive._pyomo_gdp_bigm_reformulation.relaxedDisjuncts[60].localVarReferences.binary_indicator_var  n=    1  sample_idx=[None]
    investmentStage[1].representativePeriod[1]._logical_to_disjunctive._pyomo_gdp_bigm_reformulation.relaxedDisjuncts[61].localVarReferences.binary_indicator_var  n=    1  sample_idx=[None]
    investmentStage[1].representativePeriod[1]._logical_to_disjunctive._pyomo_gdp_bigm_reformulation.relaxedDisjuncts[62].localVarReferences.binary_indicator_var  n=    1  sample_idx=[None]
    investmentStage[1].representativePeriod[1]._logical_to_disjunctive._pyomo_gdp_bigm_reformulation.relaxedDisjuncts[63].localVarReferences.binary_indicator_var  n=    1  sample_idx=[None]
    investmentStage[1].representativePeriod[1]._logical_to_disjunctive._pyomo_gdp_bigm_reformulation.relaxedDisjuncts[64].localVarReferences.binary_indicator_var  n=    1  sample_idx=[None]
    investmentStage[1].representativePeriod[1]._logical_to_disjunctive._pyomo_gdp_bigm_reformulation.relaxedDisjuncts[65].localVarReferences.binary_indicator_var  n=    1  sample_idx=[None]
    investmentStage[1].representativePeriod[1]._logical_to_disjunctive._pyomo_gdp_bigm_reformulation.relaxedDisjuncts[66].localVarReferences.binary_indicator_var  n=    1  sample_idx=[None]
    investmentStage[1].representativePeriod[1]._logical_to_disjunctive._pyomo_gdp_bigm_reformulation.relaxedDisjuncts[67].localVarReferences.binary_indicator_var  n=    1  sample_idx=[None]
    investmentStage[1].representativePeriod[1]._logical_to_disjunctive._pyomo_gdp_bigm_reformulation.relaxedDisjuncts[68].localVarReferences.binary_indicator_var  n=    1  sample_idx=[None]
    investmentStage[1].representativePeriod[1]._logical_to_disjunctive._pyomo_gdp_bigm_reformulation.relaxedDisjuncts[69].localVarReferences.binary_indicator_var  n=    1  sample_idx=[None]
    investmentStage[1].representativePeriod[1]._logical_to_disjunctive._pyomo_gdp_bigm_reformulation.relaxedDisjuncts[70].localVarReferences.binary_indicator_var  n=    1  sample_idx=[None]
    investmentStage[1].representativePeriod[1]._logical_to_disjunctive._pyomo_gdp_bigm_reformulation.relaxedDisjuncts[71].localVarReferences.binary_indicator_var  n=    1  sample_idx=[None]
    investmentStage[1].representativePeriod[1]._logical_to_disjunctive._pyomo_gdp_bigm_reformulation.relaxedDisjuncts[72].localVarReferences.binary_indicator_var  n=    1  sample_idx=[None]
    investmentStage[1].representativePeriod[1]._logical_to_disjunctive._pyomo_gdp_bigm_reformulation.relaxedDisjuncts[73].localVarReferences.binary_indicator_var  n=    1  sample_idx=[None]
    investmentStage[1].representativePeriod[1]._logical_to_disjunctive._pyomo_gdp_bigm_reformulation.relaxedDisjuncts[74].localVarReferences.binary_indicator_var  n=    1  sample_idx=[None]
    investmentStage[1].representativePeriod[1]._logical_to_disjunctive._pyomo_gdp_bigm_reformulation.relaxedDisjuncts[75].localVarReferences.binary_indicator_var  n=    1  sample_idx=[None]
    investmentStage[1].representativePeriod[1]._logical_to_disjunctive._pyomo_gdp_bigm_reformulation.relaxedDisjuncts[76].localVarReferences.binary_indicator_var  n=    1  sample_idx=[None]
    investmentStage[1].representativePeriod[1]._logical_to_disjunctive._pyomo_gdp_bigm_reformulation.relaxedDisjuncts[77].localVarReferences.binary_indicator_var  n=    1  sample_idx=[None]
    investmentStage[1].representativePeriod[1]._logical_to_disjunctive._pyomo_gdp_bigm_reformulation.relaxedDisjuncts[78].localVarReferences.binary_indicator_var  n=    1  sample_idx=[None]
    investmentStage[1].representativePeriod[1]._logical_to_disjunctive._pyomo_gdp_bigm_reformulation.relaxedDisjuncts[79].localVarReferences.binary_indicator_var  n=    1  sample_idx=[None]
    investmentStage[1].representativePeriod[1]._logical_to_disjunctive._pyomo_gdp_bigm_reformulation.relaxedDisjuncts[80].localVarReferences.binary_indicator_var  n=    1  sample_idx=[None]
    investmentStage[1].representativePeriod[1]._logical_to_disjunctive._pyomo_gdp_bigm_reformulation.relaxedDisjuncts[81].localVarReferences.binary_indicator_var  n=    1  sample_idx=[None]
    investmentStage[1].representativePeriod[1]._logical_to_disjunctive._pyomo_gdp_bigm_reformulation.relaxedDisjuncts[82].localVarReferences.binary_indicator_var  n=    1  sample_idx=[None]
    investmentStage[1].representativePeriod[1]._logical_to_disjunctive._pyomo_gdp_bigm_reformulation.relaxedDisjuncts[83].localVarReferences.binary_indicator_var  n=    1  sample_idx=[None]
    investmentStage[1].representativePeriod[1]._logical_to_disjunctive._pyomo_gdp_bigm_reformulation.relaxedDisjuncts[84].localVarReferences.binary_indicator_var  n=    1  sample_idx=[None]
    investmentStage[1].representativePeriod[1]._logical_to_disjunctive._pyomo_gdp_bigm_reformulation.relaxedDisjuncts[85].localVarReferences.binary_indicator_var  n=    1  sample_idx=[None]
    investmentStage[1].representativePeriod[1]._logical_to_disjunctive._pyomo_gdp_bigm_reformulation.relaxedDisjuncts[86].localVarReferences.binary_indicator_var  n=    1  sample_idx=[None]
    investmentStage[1].representativePeriod[1]._logical_to_disjunctive._pyomo_gdp_bigm_reformulation.relaxedDisjuncts[87].localVarReferences.binary_indicator_var  n=    1  sample_idx=[None]
    investmentStage[1].representativePeriod[1]._logical_to_disjunctive._pyomo_gdp_bigm_reformulation.relaxedDisjuncts[88].localVarReferences.binary_indicator_var  n=    1  sample_idx=[None]
    investmentStage[1].representativePeriod[1]._logical_to_disjunctive._pyomo_gdp_bigm_reformulation.relaxedDisjuncts[89].localVarReferences.binary_indicator_var  n=    1  sample_idx=[None]
    investmentStage[1].representativePeriod[1]._logical_to_disjunctive._pyomo_gdp_bigm_reformulation.relaxedDisjuncts[90].localVarReferences.binary_indicator_var  n=    1  sample_idx=[None]
    investmentStage[1].representativePeriod[1]._logical_to_disjunctive._pyomo_gdp_bigm_reformulation.relaxedDisjuncts[91].localVarReferences.binary_indicator_var  n=    1  sample_idx=[None]
    investmentStage[1].representativePeriod[1]._logical_to_disjunctive._pyomo_gdp_bigm_reformulation.relaxedDisjuncts[92].localVarReferences.binary_indicator_var  n=    1  sample_idx=[None]
    investmentStage[1].representativePeriod[1]._logical_to_disjunctive._pyomo_gdp_bigm_reformulation.relaxedDisjuncts[93].localVarReferences.binary_indicator_var  n=    1  sample_idx=[None]
    investmentStage[1].representativePeriod[1]._logical_to_disjunctive._pyomo_gdp_bigm_reformulation.relaxedDisjuncts[94].localVarReferences.binary_indicator_var  n=    1  sample_idx=[None]
    investmentStage[1].representativePeriod[1]._logical_to_disjunctive._pyomo_gdp_bigm_reformulation.relaxedDisjuncts[95].localVarReferences.binary_indicator_var  n=    1  sample_idx=[None]
    investmentStage[1].representativePeriod[1]._logical_to_disjunctive._pyomo_gdp_bigm_reformulation.relaxedDisjuncts[96].localVarReferences.binary_indicator_var  n=    1  sample_idx=[None]
    investmentStage[1].representativePeriod[1]._logical_to_disjunctive._pyomo_gdp_bigm_reformulation.relaxedDisjuncts[97].localVarReferences.binary_indicator_var  n=    1  sample_idx=[None]
    investmentStage[1].representativePeriod[1]._logical_to_disjunctive._pyomo_gdp_bigm_reformulation.relaxedDisjuncts[98].localVarReferences.binary_indicator_var  n=    1  sample_idx=[None]
    investmentStage[1].representativePeriod[1]._logical_to_disjunctive._pyomo_gdp_bigm_reformulation.relaxedDisjuncts[99].localVarReferences.binary_indicator_var  n=    1  sample_idx=[None]
    investmentStage[1].representativePeriod[1]._logical_to_disjunctive._pyomo_gdp_bigm_reformulation.relaxedDisjuncts[100].localVarReferences.binary_indicator_var  n=    1  sample_idx=[None]
    investmentStage[1].representativePeriod[1]._logical_to_disjunctive._pyomo_gdp_bigm_reformulation.relaxedDisjuncts[101].localVarReferences.binary_indicator_var  n=    1  sample_idx=[None]
    investmentStage[1].representativePeriod[1]._logical_to_disjunctive._pyomo_gdp_bigm_reformulation.relaxedDisjuncts[102].localVarReferences.binary_indicator_var  n=    1  sample_idx=[None]
    investmentStage[1].representativePeriod[1]._logical_to_disjunctive._pyomo_gdp_bigm_reformulation.relaxedDisjuncts[103].localVarReferences.binary_indicator_var  n=    1  sample_idx=[None]
    investmentStage[1].representativePeriod[1]._logical_to_disjunctive._pyomo_gdp_bigm_reformulation.relaxedDisjuncts[104].localVarReferences.binary_indicator_var  n=    1  sample_idx=[None]
    investmentStage[1].representativePeriod[1]._logical_to_disjunctive._pyomo_gdp_bigm_reformulation.relaxedDisjuncts[105].localVarReferences.binary_indicator_var  n=    1  sample_idx=[None]
    investmentStage[1].representativePeriod[1]._logical_to_disjunctive._pyomo_gdp_bigm_reformulation.relaxedDisjuncts[106].localVarReferences.binary_indicator_var  n=    1  sample_idx=[None]
    investmentStage[1].representativePeriod[1]._logical_to_disjunctive._pyomo_gdp_bigm_reformulation.relaxedDisjuncts[107].localVarReferences.binary_indicator_var  n=    1  sample_idx=[None]
    investmentStage[1].representativePeriod[1]._logical_to_disjunctive._pyomo_gdp_bigm_reformulation.relaxedDisjuncts[108].localVarReferences.binary_indicator_var  n=    1  sample_idx=[None]
    investmentStage[1].representativePeriod[1]._logical_to_disjunctive._pyomo_gdp_bigm_reformulation.relaxedDisjuncts[109].localVarReferences.binary_indicator_var  n=    1  sample_idx=[None]
    investmentStage[1].representativePeriod[1]._logical_to_disjunctive._pyomo_gdp_bigm_reformulation.relaxedDisjuncts[110].localVarReferences.binary_indicator_var  n=    1  sample_idx=[None]
    investmentStage[1].representativePeriod[1]._logical_to_disjunctive._pyomo_gdp_bigm_reformulation.relaxedDisjuncts[111].localVarReferences.binary_indicator_var  n=    1  sample_idx=[None]
    investmentStage[1].representativePeriod[1]._logical_to_disjunctive._pyomo_gdp_bigm_reformulation.relaxedDisjuncts[112].localVarReferences.binary_indicator_var  n=    1  sample_idx=[None]
    investmentStage[1].representativePeriod[1]._logical_to_disjunctive._pyomo_gdp_bigm_reformulation.relaxedDisjuncts[113].localVarReferences.binary_indicator_var  n=    1  sample_idx=[None]
    investmentStage[1].representativePeriod[1]._logical_to_disjunctive._pyomo_gdp_bigm_reformulation.relaxedDisjuncts[114].localVarReferences.binary_indicator_var  n=    1  sample_idx=[None]
    investmentStage[1].representativePeriod[1]._logical_to_disjunctive._pyomo_gdp_bigm_reformulation.relaxedDisjuncts[115].localVarReferences.binary_indicator_var  n=    1  sample_idx=[None]
    investmentStage[1].representativePeriod[1]._logical_to_disjunctive._pyomo_gdp_bigm_reformulation.relaxedDisjuncts[116].localVarReferences.binary_indicator_var  n=    1  sample_idx=[None]
    investmentStage[1].representativePeriod[1]._logical_to_disjunctive._pyomo_gdp_bigm_reformulation.relaxedDisjuncts[117].localVarReferences.binary_indicator_var  n=    1  sample_idx=[None]
    investmentStage[1].representativePeriod[1]._logical_to_disjunctive._pyomo_gdp_bigm_reformulation.relaxedDisjuncts[118].localVarReferences.binary_indicator_var  n=    1  sample_idx=[None]
    investmentStage[1].representativePeriod[1]._logical_to_disjunctive._pyomo_gdp_bigm_reformulation.relaxedDisjuncts[119].localVarReferences.binary_indicator_var  n=    1  sample_idx=[None]
    investmentStage[1].representativePeriod[1]._logical_to_disjunctive._pyomo_gdp_bigm_reformulation.relaxedDisjuncts[120].localVarReferences.binary_indicator_var  n=    1  sample_idx=[None]
    investmentStage[1].representativePeriod[1]._logical_to_disjunctive._pyomo_gdp_bigm_reformulation.relaxedDisjuncts[121].localVarReferences.binary_indicator_var  n=    1  sample_idx=[None]
    investmentStage[1].representativePeriod[1]._logical_to_disjunctive._pyomo_gdp_bigm_reformulation.relaxedDisjuncts[122].localVarReferences.binary_indicator_var  n=    1  sample_idx=[None]
    investmentStage[1].representativePeriod[1]._logical_to_disjunctive._pyomo_gdp_bigm_reformulation.relaxedDisjuncts[123].localVarReferences.binary_indicator_var  n=    1  sample_idx=[None]
    investmentStage[1].representativePeriod[1]._logical_to_disjunctive._pyomo_gdp_bigm_reformulation.relaxedDisjuncts[124].localVarReferences.binary_indicator_var  n=    1  sample_idx=[None]
    investmentStage[1].representativePeriod[1]._logical_to_disjunctive._pyomo_gdp_bigm_reformulation.relaxedDisjuncts[125].localVarReferences.binary_indicator_var  n=    1  sample_idx=[None]
    investmentStage[1].representativePeriod[1]._logical_to_disjunctive._pyomo_gdp_bigm_reformulation.relaxedDisjuncts[126].localVarReferences.binary_indicator_var  n=    1  sample_idx=[None]
    investmentStage[1].representativePeriod[1]._logical_to_disjunctive._pyomo_gdp_bigm_reformulation.relaxedDisjuncts[127].localVarReferences.binary_indicator_var  n=    1  sample_idx=[None]
    investmentStage[1].representativePeriod[1]._logical_to_disjunctive._pyomo_gdp_bigm_reformulation.relaxedDisjuncts[128].localVarReferences.binary_indicator_var  n=    1  sample_idx=[None]
    investmentStage[1].representativePeriod[1]._logical_to_disjunctive._pyomo_gdp_bigm_reformulation.relaxedDisjuncts[129].localVarReferences.binary_indicator_var  n=    1  sample_idx=[None]
    investmentStage[1].representativePeriod[1]._logical_to_disjunctive._pyomo_gdp_bigm_reformulation.relaxedDisjuncts[130].localVarReferences.binary_indicator_var  n=    1  sample_idx=[None]
    investmentStage[1].representativePeriod[1]._logical_to_disjunctive._pyomo_gdp_bigm_reformulation.relaxedDisjuncts[131].localVarReferences.binary_indicator_var  n=    1  sample_idx=[None]
    investmentStage[1].representativePeriod[1]._logical_to_disjunctive._pyomo_gdp_bigm_reformulation.relaxedDisjuncts[132].localVarReferences.binary_indicator_var  n=    1  sample_idx=[None]
    investmentStage[1].representativePeriod[1]._logical_to_disjunctive._pyomo_gdp_bigm_reformulation.relaxedDisjuncts[133].localVarReferences.binary_indicator_var  n=    1  sample_idx=[None]
    investmentStage[1].representativePeriod[1]._logical_to_disjunctive._pyomo_gdp_bigm_reformulation.relaxedDisjuncts[134].localVarReferences.binary_indicator_var  n=    1  sample_idx=[None]
    investmentStage[1].representativePeriod[1]._logical_to_disjunctive._pyomo_gdp_bigm_reformulation.relaxedDisjuncts[135].localVarReferences.binary_indicator_var  n=    1  sample_idx=[None]
    investmentStage[1].representativePeriod[1]._logical_to_disjunctive._pyomo_gdp_bigm_reformulation.relaxedDisjuncts[136].localVarReferences.binary_indicator_var  n=    1  sample_idx=[None]
    investmentStage[1].representativePeriod[1]._logical_to_disjunctive._pyomo_gdp_bigm_reformulation.relaxedDisjuncts[137].localVarReferences.binary_indicator_var  n=    1  sample_idx=[None]
    investmentStage[1].representativePeriod[1]._logical_to_disjunctive._pyomo_gdp_bigm_reformulation.relaxedDisjuncts[138].localVarReferences.binary_indicator_var  n=    1  sample_idx=[None]
    investmentStage[1].representativePeriod[1]._logical_to_disjunctive._pyomo_gdp_bigm_reformulation.relaxedDisjuncts[139].localVarReferences.binary_indicator_var  n=    1  sample_idx=[None]
    investmentStage[1].representativePeriod[1]._logical_to_disjunctive._pyomo_gdp_bigm_reformulation.relaxedDisjuncts[140].localVarReferences.binary_indicator_var  n=    1  sample_idx=[None]
    investmentStage[1].representativePeriod[1]._logical_to_disjunctive._pyomo_gdp_bigm_reformulation.relaxedDisjuncts[141].localVarReferences.binary_indicator_var  n=    1  sample_idx=[None]
    investmentStage[1].representativePeriod[1]._logical_to_disjunctive._pyomo_gdp_bigm_reformulation.relaxedDisjuncts[142].localVarReferences.binary_indicator_var  n=    1  sample_idx=[None]
    investmentStage[1].representativePeriod[1]._logical_to_disjunctive._pyomo_gdp_bigm_reformulation.relaxedDisjuncts[143].localVarReferences.binary_indicator_var  n=    1  sample_idx=[None]
    investmentStage[1].representativePeriod[1]._logical_to_disjunctive._pyomo_gdp_bigm_reformulation.relaxedDisjuncts[144].localVarReferences.binary_indicator_var  n=    1  sample_idx=[None]
    investmentStage[1].representativePeriod[1]._logical_to_disjunctive._pyomo_gdp_bigm_reformulation.relaxedDisjuncts[145].localVarReferences.binary_indicator_var  n=    1  sample_idx=[None]
    investmentStage[1].representativePeriod[1]._logical_to_disjunctive._pyomo_gdp_bigm_reformulation.relaxedDisjuncts[146].localVarReferences.binary_indicator_var  n=    1  sample_idx=[None]
    investmentStage[1].representativePeriod[1]._logical_to_disjunctive._pyomo_gdp_bigm_reformulation.relaxedDisjuncts[147].localVarReferences.binary_indicator_var  n=    1  sample_idx=[None]
    investmentStage[1].representativePeriod[1]._logical_to_disjunctive._pyomo_gdp_bigm_reformulation.relaxedDisjuncts[148].localVarReferences.binary_indicator_var  n=    1  sample_idx=[None]
    investmentStage[1].representativePeriod[1]._logical_to_disjunctive._pyomo_gdp_bigm_reformulation.relaxedDisjuncts[149].localVarReferences.binary_indicator_var  n=    1  sample_idx=[None]
    investmentStage[1].representativePeriod[1]._logical_to_disjunctive._pyomo_gdp_bigm_reformulation.relaxedDisjuncts[150].localVarReferences.binary_indicator_var  n=    1  sample_idx=[None]
    investmentStage[1].representativePeriod[1]._logical_to_disjunctive._pyomo_gdp_bigm_reformulation.relaxedDisjuncts[151].localVarReferences.binary_indicator_var  n=    1  sample_idx=[None]
    investmentStage[1].representativePeriod[1]._logical_to_disjunctive._pyomo_gdp_bigm_reformulation.relaxedDisjuncts[152].localVarReferences.binary_indicator_var  n=    1  sample_idx=[None]
    investmentStage[1].representativePeriod[1]._logical_to_disjunctive._pyomo_gdp_bigm_reformulation.relaxedDisjuncts[153].localVarReferences.binary_indicator_var  n=    1  sample_idx=[None]
    investmentStage[1].representativePeriod[1]._logical_to_disjunctive._pyomo_gdp_bigm_reformulation.relaxedDisjuncts[154].localVarReferences.binary_indicator_var  n=    1  sample_idx=[None]
    investmentStage[1].representativePeriod[1]._logical_to_disjunctive._pyomo_gdp_bigm_reformulation.relaxedDisjuncts[155].localVarReferences.binary_indicator_var  n=    1  sample_idx=[None]
    investmentStage[1].representativePeriod[1]._logical_to_disjunctive._pyomo_gdp_bigm_reformulation.relaxedDisjuncts[156].localVarReferences.binary_indicator_var  n=    1  sample_idx=[None]
    investmentStage[1].representativePeriod[1]._logical_to_disjunctive._pyomo_gdp_bigm_reformulation.relaxedDisjuncts[157].localVarReferences.binary_indicator_var  n=    1  sample_idx=[None]
    investmentStage[1].representativePeriod[1]._logical_to_disjunctive._pyomo_gdp_bigm_reformulation.relaxedDisjuncts[158].localVarReferences.binary_indicator_var  n=    1  sample_idx=[None]
    investmentStage[1].representativePeriod[1]._logical_to_disjunctive._pyomo_gdp_bigm_reformulation.relaxedDisjuncts[159].localVarReferences.binary_indicator_var  n=    1  sample_idx=[None]
    investmentStage[1].representativePeriod[1]._logical_to_disjunctive._pyomo_gdp_bigm_reformulation.relaxedDisjuncts[160].localVarReferences.binary_indicator_var  n=    1  sample_idx=[None]
    investmentStage[1].representativePeriod[1]._logical_to_disjunctive._pyomo_gdp_bigm_reformulation.relaxedDisjuncts[161].localVarReferences.binary_indicator_var  n=    1  sample_idx=[None]
    investmentStage[1].representativePeriod[1]._logical_to_disjunctive._pyomo_gdp_bigm_reformulation.relaxedDisjuncts[162].localVarReferences.binary_indicator_var  n=    1  sample_idx=[None]
    investmentStage[1].representativePeriod[1]._logical_to_disjunctive._pyomo_gdp_bigm_reformulation.relaxedDisjuncts[163].localVarReferences.binary_indicator_var  n=    1  sample_idx=[None]
    investmentStage[1].representativePeriod[1]._logical_to_disjunctive._pyomo_gdp_bigm_reformulation.relaxedDisjuncts[164].localVarReferences.binary_indicator_var  n=    1  sample_idx=[None]
    investmentStage[1].representativePeriod[1]._logical_to_disjunctive._pyomo_gdp_bigm_reformulation.relaxedDisjuncts[165].localVarReferences.binary_indicator_var  n=    1  sample_idx=[None]
    investmentStage[1].representativePeriod[1]._logical_to_disjunctive._pyomo_gdp_bigm_reformulation.relaxedDisjuncts[166].localVarReferences.binary_indicator_var  n=    1  sample_idx=[None]
    investmentStage[1].representativePeriod[1]._logical_to_disjunctive._pyomo_gdp_bigm_reformulation.relaxedDisjuncts[167].localVarReferences.binary_indicator_var  n=    1  sample_idx=[None]
    investmentStage[1].representativePeriod[1]._logical_to_disjunctive._pyomo_gdp_bigm_reformulation.relaxedDisjuncts[168].localVarReferences.binary_indicator_var  n=    1  sample_idx=[None]
    investmentStage[1].representativePeriod[1]._logical_to_disjunctive._pyomo_gdp_bigm_reformulation.relaxedDisjuncts[169].localVarReferences.binary_indicator_var  n=    1  sample_idx=[None]
    investmentStage[1].representativePeriod[1]._logical_to_disjunctive._pyomo_gdp_bigm_reformulation.relaxedDisjuncts[170].localVarReferences.binary_indicator_var  n=    1  sample_idx=[None]
    investmentStage[1].representativePeriod[1]._logical_to_disjunctive._pyomo_gdp_bigm_reformulation.relaxedDisjuncts[171].localVarReferences.binary_indicator_var  n=    1  sample_idx=[None]
    investmentStage[1].representativePeriod[1]._logical_to_disjunctive._pyomo_gdp_bigm_reformulation.relaxedDisjuncts[172].localVarReferences.binary_indicator_var  n=    1  sample_idx=[None]
    investmentStage[1].representativePeriod[1]._logical_to_disjunctive._pyomo_gdp_bigm_reformulation.relaxedDisjuncts[173].localVarReferences.binary_indicator_var  n=    1  sample_idx=[None]
    investmentStage[1].representativePeriod[1]._logical_to_disjunctive._pyomo_gdp_bigm_reformulation.relaxedDisjuncts[174].localVarReferences.binary_indicator_var  n=    1  sample_idx=[None]
    investmentStage[1].representativePeriod[1]._logical_to_disjunctive._pyomo_gdp_bigm_reformulation.relaxedDisjuncts[175].localVarReferences.binary_indicator_var  n=    1  sample_idx=[None]
    investmentStage[1].representativePeriod[1]._logical_to_disjunctive._pyomo_gdp_bigm_reformulation.relaxedDisjuncts[176].localVarReferences.binary_indicator_var  n=    1  sample_idx=[None]
    investmentStage[1].representativePeriod[1]._logical_to_disjunctive._pyomo_gdp_bigm_reformulation.relaxedDisjuncts[177].localVarReferences.binary_indicator_var  n=    1  sample_idx=[None]
    investmentStage[1].representativePeriod[1]._logical_to_disjunctive._pyomo_gdp_bigm_reformulation.relaxedDisjuncts[178].localVarReferences.binary_indicator_var  n=    1  sample_idx=[None]
    investmentStage[1].representativePeriod[1]._logical_to_disjunctive._pyomo_gdp_bigm_reformulation.relaxedDisjuncts[179].localVarReferences.binary_indicator_var  n=    1  sample_idx=[None]
    investmentStage[1].representativePeriod[1]._logical_to_disjunctive._pyomo_gdp_bigm_reformulation.relaxedDisjuncts[180].localVarReferences.binary_indicator_var  n=    1  sample_idx=[None]
    investmentStage[1].representativePeriod[1]._logical_to_disjunctive._pyomo_gdp_bigm_reformulation.relaxedDisjuncts[181].localVarReferences.binary_indicator_var  n=    1  sample_idx=[None]
    investmentStage[1].representativePeriod[1]._logical_to_disjunctive._pyomo_gdp_bigm_reformulation.relaxedDisjuncts[182].localVarReferences.binary_indicator_var  n=    1  sample_idx=[None]
    investmentStage[1].representativePeriod[1]._logical_to_disjunctive._pyomo_gdp_bigm_reformulation.relaxedDisjuncts[183].localVarReferences.binary_indicator_var  n=    1  sample_idx=[None]
    investmentStage[1].representativePeriod[1]._logical_to_disjunctive._pyomo_gdp_bigm_reformulation.relaxedDisjuncts[184].localVarReferences.binary_indicator_var  n=    1  sample_idx=[None]
    investmentStage[1].representativePeriod[1]._logical_to_disjunctive._pyomo_gdp_bigm_reformulation.relaxedDisjuncts[185].localVarReferences.binary_indicator_var  n=    1  sample_idx=[None]
    investmentStage[1].representativePeriod[1]._logical_to_disjunctive._pyomo_gdp_bigm_reformulation.relaxedDisjuncts[186].localVarReferences.binary_indicator_var  n=    1  sample_idx=[None]
    investmentStage[1].representativePeriod[1]._logical_to_disjunctive._pyomo_gdp_bigm_reformulation.relaxedDisjuncts[187].localVarReferences.binary_indicator_var  n=    1  sample_idx=[None]
    investmentStage[1].representativePeriod[1]._logical_to_disjunctive._pyomo_gdp_bigm_reformulation.relaxedDisjuncts[188].localVarReferences.binary_indicator_var  n=    1  sample_idx=[None]
    investmentStage[1].representativePeriod[1]._logical_to_disjunctive._pyomo_gdp_bigm_reformulation.relaxedDisjuncts[189].localVarReferences.binary_indicator_var  n=    1  sample_idx=[None]
    investmentStage[1].representativePeriod[1]._logical_to_disjunctive._pyomo_gdp_bigm_reformulation.relaxedDisjuncts[190].localVarReferences.binary_indicator_var  n=    1  sample_idx=[None]
    investmentStage[1].representativePeriod[1]._logical_to_disjunctive._pyomo_gdp_bigm_reformulation.relaxedDisjuncts[191].localVarReferences.binary_indicator_var  n=    1  sample_idx=[None]
    investmentStage[1].representativePeriod[1]._logical_to_disjunctive._pyomo_gdp_bigm_reformulation.relaxedDisjuncts[192].localVarReferences.binary_indicator_var  n=    1  sample_idx=[None]
    investmentStage[1].representativePeriod[1]._logical_to_disjunctive._pyomo_gdp_bigm_reformulation.relaxedDisjuncts[193].localVarReferences.binary_indicator_var  n=    1  sample_idx=[None]
    investmentStage[1].representativePeriod[1]._logical_to_disjunctive._pyomo_gdp_bigm_reformulation.relaxedDisjuncts[194].localVarReferences.binary_indicator_var  n=    1  sample_idx=[None]
    investmentStage[1].representativePeriod[1]._logical_to_disjunctive._pyomo_gdp_bigm_reformulation.relaxedDisjuncts[195].localVarReferences.binary_indicator_var  n=    1  sample_idx=[None]
    investmentStage[1].representativePeriod[1]._logical_to_disjunctive._pyomo_gdp_bigm_reformulation.relaxedDisjuncts[196].localVarReferences.binary_indicator_var  n=    1  sample_idx=[None]
    investmentStage[1].representativePeriod[1]._logical_to_disjunctive._pyomo_gdp_bigm_reformulation.relaxedDisjuncts[197].localVarReferences.binary_indicator_var  n=    1  sample_idx=[None]
    investmentStage[1].representativePeriod[1]._logical_to_disjunctive._pyomo_gdp_bigm_reformulation.relaxedDisjuncts[198].localVarReferences.binary_indicator_var  n=    1  sample_idx=[None]
    investmentStage[1].representativePeriod[1]._logical_to_disjunctive._pyomo_gdp_bigm_reformulation.relaxedDisjuncts[199].localVarReferences.binary_indicator_var  n=    1  sample_idx=[None]
    investmentStage[1].representativePeriod[1]._logical_to_disjunctive._pyomo_gdp_bigm_reformulation.relaxedDisjuncts[200].localVarReferences.binary_indicator_var  n=    1  sample_idx=[None]
    investmentStage[1].representativePeriod[1]._logical_to_disjunctive._pyomo_gdp_bigm_reformulation.relaxedDisjuncts[201].localVarReferences.binary_indicator_var  n=    1  sample_idx=[None]
    investmentStage[1].representativePeriod[1]._logical_to_disjunctive._pyomo_gdp_bigm_reformulation.relaxedDisjuncts[202].localVarReferences.binary_indicator_var  n=    1  sample_idx=[None]
    investmentStage[1].representativePeriod[1]._logical_to_disjunctive._pyomo_gdp_bigm_reformulation.relaxedDisjuncts[203].localVarReferences.binary_indicator_var  n=    1  sample_idx=[None]
    investmentStage[1].representativePeriod[1]._logical_to_disjunctive._pyomo_gdp_bigm_reformulation.relaxedDisjuncts[204].localVarReferences.binary_indicator_var  n=    1  sample_idx=[None]
    investmentStage[1].representativePeriod[1]._logical_to_disjunctive._pyomo_gdp_bigm_reformulation.relaxedDisjuncts[205].localVarReferences.binary_indicator_var  n=    1  sample_idx=[None]
    investmentStage[1].representativePeriod[1]._logical_to_disjunctive._pyomo_gdp_bigm_reformulation.relaxedDisjuncts[206].localVarReferences.binary_indicator_var  n=    1  sample_idx=[None]
    investmentStage[1].representativePeriod[1]._logical_to_disjunctive._pyomo_gdp_bigm_reformulation.relaxedDisjuncts[207].localVarReferences.binary_indicator_var  n=    1  sample_idx=[None]
    investmentStage[1].representativePeriod[1]._logical_to_disjunctive._pyomo_gdp_bigm_reformulation.relaxedDisjuncts[208].localVarReferences.binary_indicator_var  n=    1  sample_idx=[None]
    investmentStage[1].representativePeriod[1]._logical_to_disjunctive._pyomo_gdp_bigm_reformulation.relaxedDisjuncts[209].localVarReferences.binary_indicator_var  n=    1  sample_idx=[None]
    investmentStage[1].representativePeriod[1]._logical_to_disjunctive._pyomo_gdp_bigm_reformulation.relaxedDisjuncts[210].localVarReferences.binary_indicator_var  n=    1  sample_idx=[None]
    investmentStage[1].representativePeriod[1]._logical_to_disjunctive._pyomo_gdp_bigm_reformulation.relaxedDisjuncts[211].localVarReferences.binary_indicator_var  n=    1  sample_idx=[None]
    investmentStage[1].representativePeriod[1]._logical_to_disjunctive._pyomo_gdp_bigm_reformulation.relaxedDisjuncts[212].localVarReferences.binary_indicator_var  n=    1  sample_idx=[None]
    investmentStage[1].representativePeriod[1]._logical_to_disjunctive._pyomo_gdp_bigm_reformulation.relaxedDisjuncts[213].localVarReferences.binary_indicator_var  n=    1  sample_idx=[None]
    investmentStage[1].representativePeriod[1]._logical_to_disjunctive._pyomo_gdp_bigm_reformulation.relaxedDisjuncts[214].localVarReferences.binary_indicator_var  n=    1  sample_idx=[None]
    investmentStage[1].representativePeriod[1]._logical_to_disjunctive._pyomo_gdp_bigm_reformulation.relaxedDisjuncts[215].localVarReferences.binary_indicator_var  n=    1  sample_idx=[None]
    investmentStage[1].representativePeriod[1]._logical_to_disjunctive._pyomo_gdp_bigm_reformulation.relaxedDisjuncts[216].localVarReferences.binary_indicator_var  n=    1  sample_idx=[None]
    investmentStage[1].representativePeriod[1]._logical_to_disjunctive._pyomo_gdp_bigm_reformulation.relaxedDisjuncts[217].localVarReferences.binary_indicator_var  n=    1  sample_idx=[None]
    investmentStage[1].representativePeriod[1]._logical_to_disjunctive._pyomo_gdp_bigm_reformulation.relaxedDisjuncts[218].localVarReferences.binary_indicator_var  n=    1  sample_idx=[None]
    investmentStage[1].representativePeriod[1]._logical_to_disjunctive._pyomo_gdp_bigm_reformulation.relaxedDisjuncts[219].localVarReferences.binary_indicator_var  n=    1  sample_idx=[None]
    investmentStage[1].representativePeriod[1]._logical_to_disjunctive._pyomo_gdp_bigm_reformulation.relaxedDisjuncts[220].localVarReferences.binary_indicator_var  n=    1  sample_idx=[None]
    investmentStage[1].representativePeriod[1]._logical_to_disjunctive._pyomo_gdp_bigm_reformulation.relaxedDisjuncts[221].localVarReferences.binary_indicator_var  n=    1  sample_idx=[None]
    investmentStage[1].representativePeriod[1]._logical_to_disjunctive._pyomo_gdp_bigm_reformulation.relaxedDisjuncts[222].localVarReferences.binary_indicator_var  n=    1  sample_idx=[None]
    investmentStage[1].representativePeriod[1]._logical_to_disjunctive._pyomo_gdp_bigm_reformulation.relaxedDisjuncts[223].localVarReferences.binary_indicator_var  n=    1  sample_idx=[None]
    investmentStage[1].representativePeriod[1]._logical_to_disjunctive._pyomo_gdp_bigm_reformulation.relaxedDisjuncts[224].localVarReferences.binary_indicator_var  n=    1  sample_idx=[None]
    investmentStage[1].representativePeriod[1]._logical_to_disjunctive._pyomo_gdp_bigm_reformulation.relaxedDisjuncts[225].localVarReferences.binary_indicator_var  n=    1  sample_idx=[None]
    investmentStage[1].representativePeriod[1]._logical_to_disjunctive._pyomo_gdp_bigm_reformulation.relaxedDisjuncts[226].localVarReferences.binary_indicator_var  n=    1  sample_idx=[None]
    investmentStage[1].representativePeriod[1]._logical_to_disjunctive._pyomo_gdp_bigm_reformulation.relaxedDisjuncts[227].localVarReferences.binary_indicator_var  n=    1  sample_idx=[None]
    investmentStage[1].representativePeriod[1]._logical_to_disjunctive._pyomo_gdp_bigm_reformulation.relaxedDisjuncts[228].localVarReferences.binary_indicator_var  n=    1  sample_idx=[None]
    investmentStage[1].representativePeriod[1]._logical_to_disjunctive._pyomo_gdp_bigm_reformulation.relaxedDisjuncts[229].localVarReferences.binary_indicator_var  n=    1  sample_idx=[None]
    investmentStage[1].representativePeriod[1]._logical_to_disjunctive._pyomo_gdp_bigm_reformulation.relaxedDisjuncts[230].localVarReferences.binary_indicator_var  n=    1  sample_idx=[None]
    investmentStage[1].representativePeriod[1]._logical_to_disjunctive._pyomo_gdp_bigm_reformulation.relaxedDisjuncts[231].localVarReferences.binary_indicator_var  n=    1  sample_idx=[None]
    investmentStage[1].representativePeriod[1]._logical_to_disjunctive._pyomo_gdp_bigm_reformulation.relaxedDisjuncts[232].localVarReferences.binary_indicator_var  n=    1  sample_idx=[None]
    investmentStage[1].representativePeriod[1]._logical_to_disjunctive._pyomo_gdp_bigm_reformulation.relaxedDisjuncts[233].localVarReferences.binary_indicator_var  n=    1  sample_idx=[None]
    investmentStage[1].representativePeriod[1]._logical_to_disjunctive._pyomo_gdp_bigm_reformulation.relaxedDisjuncts[234].localVarReferences.binary_indicator_var  n=    1  sample_idx=[None]
    investmentStage[1].representativePeriod[1]._logical_to_disjunctive._pyomo_gdp_bigm_reformulation.relaxedDisjuncts[235].localVarReferences.binary_indicator_var  n=    1  sample_idx=[None]
    investmentStage[1].representativePeriod[1]._logical_to_disjunctive._pyomo_gdp_bigm_reformulation.relaxedDisjuncts[236].localVarReferences.binary_indicator_var  n=    1  sample_idx=[None]
    investmentStage[1].representativePeriod[1]._logical_to_disjunctive._pyomo_gdp_bigm_reformulation.relaxedDisjuncts[237].localVarReferences.binary_indicator_var  n=    1  sample_idx=[None]
    investmentStage[1].representativePeriod[1]._logical_to_disjunctive._pyomo_gdp_bigm_reformulation.relaxedDisjuncts[238].localVarReferences.binary_indicator_var  n=    1  sample_idx=[None]
    investmentStage[1].representativePeriod[1]._logical_to_disjunctive._pyomo_gdp_bigm_reformulation.relaxedDisjuncts[239].localVarReferences.binary_indicator_var  n=    1  sample_idx=[None]
    investmentStage[1].representativePeriod[1]._logical_to_disjunctive._pyomo_gdp_bigm_reformulation.relaxedDisjuncts[240].localVarReferences.binary_indicator_var  n=    1  sample_idx=[None]
    investmentStage[1].representativePeriod[1]._logical_to_disjunctive._pyomo_gdp_bigm_reformulation.relaxedDisjuncts[241].localVarReferences.binary_indicator_var  n=    1  sample_idx=[None]
    investmentStage[1].representativePeriod[1]._logical_to_disjunctive._pyomo_gdp_bigm_reformulation.relaxedDisjuncts[242].localVarReferences.binary_indicator_var  n=    1  sample_idx=[None]
    investmentStage[1].representativePeriod[1]._logical_to_disjunctive._pyomo_gdp_bigm_reformulation.relaxedDisjuncts[243].localVarReferences.binary_indicator_var  n=    1  sample_idx=[None]
    investmentStage[1].representativePeriod[1]._logical_to_disjunctive._pyomo_gdp_bigm_reformulation.relaxedDisjuncts[244].localVarReferences.binary_indicator_var  n=    1  sample_idx=[None]
    investmentStage[1].representativePeriod[1]._logical_to_disjunctive._pyomo_gdp_bigm_reformulation.relaxedDisjuncts[245].localVarReferences.binary_indicator_var  n=    1  sample_idx=[None]
    investmentStage[1].representativePeriod[1]._logical_to_disjunctive._pyomo_gdp_bigm_reformulation.relaxedDisjuncts[246].localVarReferences.binary_indicator_var  n=    1  sample_idx=[None]
    investmentStage[1].representativePeriod[1]._logical_to_disjunctive._pyomo_gdp_bigm_reformulation.relaxedDisjuncts[247].localVarReferences.binary_indicator_var  n=    1  sample_idx=[None]
    investmentStage[1].representativePeriod[1]._logical_to_disjunctive._pyomo_gdp_bigm_reformulation.relaxedDisjuncts[248].localVarReferences.binary_indicator_var  n=    1  sample_idx=[None]
    investmentStage[1].representativePeriod[1]._logical_to_disjunctive._pyomo_gdp_bigm_reformulation.relaxedDisjuncts[249].localVarReferences.binary_indicator_var  n=    1  sample_idx=[None]
    investmentStage[1].representativePeriod[1]._logical_to_disjunctive._pyomo_gdp_bigm_reformulation.relaxedDisjuncts[250].localVarReferences.binary_indicator_var  n=    1  sample_idx=[None]
    investmentStage[1].representativePeriod[1]._logical_to_disjunctive._pyomo_gdp_bigm_reformulation.relaxedDisjuncts[251].localVarReferences.binary_indicator_var  n=    1  sample_idx=[None]
    investmentStage[1].representativePeriod[1]._logical_to_disjunctive._pyomo_gdp_bigm_reformulation.relaxedDisjuncts[252].localVarReferences.binary_indicator_var  n=    1  sample_idx=[None]
    investmentStage[1].representativePeriod[1]._logical_to_disjunctive._pyomo_gdp_bigm_reformulation.relaxedDisjuncts[253].localVarReferences.binary_indicator_var  n=    1  sample_idx=[None]
    investmentStage[1].representativePeriod[1]._logical_to_disjunctive._pyomo_gdp_bigm_reformulation.relaxedDisjuncts[254].localVarReferences.binary_indicator_var  n=    1  sample_idx=[None]
    investmentStage[1].representativePeriod[1]._logical_to_disjunctive._pyomo_gdp_bigm_reformulation.relaxedDisjuncts[255].localVarReferences.binary_indicator_var  n=    1  sample_idx=[None]
    investmentStage[1].representativePeriod[1]._logical_to_disjunctive._pyomo_gdp_bigm_reformulation.relaxedDisjuncts[256].localVarReferences.binary_indicator_var  n=    1  sample_idx=[None]
    investmentStage[1].representativePeriod[1]._logical_to_disjunctive._pyomo_gdp_bigm_reformulation.relaxedDisjuncts[257].localVarReferences.binary_indicator_var  n=    1  sample_idx=[None]
    investmentStage[1].representativePeriod[1]._logical_to_disjunctive._pyomo_gdp_bigm_reformulation.relaxedDisjuncts[258].localVarReferences.binary_indicator_var  n=    1  sample_idx=[None]
    investmentStage[1].representativePeriod[1]._logical_to_disjunctive._pyomo_gdp_bigm_reformulation.relaxedDisjuncts[259].localVarReferences.binary_indicator_var  n=    1  sample_idx=[None]
    investmentStage[1].representativePeriod[1]._logical_to_disjunctive._pyomo_gdp_bigm_reformulation.relaxedDisjuncts[260].localVarReferences.binary_indicator_var  n=    1  sample_idx=[None]
    investmentStage[1].representativePeriod[1]._logical_to_disjunctive._pyomo_gdp_bigm_reformulation.relaxedDisjuncts[261].localVarReferences.binary_indicator_var  n=    1  sample_idx=[None]
    investmentStage[1].representativePeriod[1]._logical_to_disjunctive._pyomo_gdp_bigm_reformulation.relaxedDisjuncts[262].localVarReferences.binary_indicator_var  n=    1  sample_idx=[None]
    investmentStage[1].representativePeriod[1]._logical_to_disjunctive._pyomo_gdp_bigm_reformulation.relaxedDisjuncts[263].localVarReferences.binary_indicator_var  n=    1  sample_idx=[None]
    investmentStage[1].representativePeriod[1]._logical_to_disjunctive._pyomo_gdp_bigm_reformulation.relaxedDisjuncts[264].localVarReferences.binary_indicator_var  n=    1  sample_idx=[None]
    investmentStage[1].representativePeriod[1]._logical_to_disjunctive._pyomo_gdp_bigm_reformulation.relaxedDisjuncts[265].localVarReferences.binary_indicator_var  n=    1  sample_idx=[None]
    investmentStage[1].representativePeriod[1]._logical_to_disjunctive._pyomo_gdp_bigm_reformulation.relaxedDisjuncts[266].localVarReferences.binary_indicator_var  n=    1  sample_idx=[None]
    investmentStage[1].representativePeriod[1]._logical_to_disjunctive._pyomo_gdp_bigm_reformulation.relaxedDisjuncts[267].localVarReferences.binary_indicator_var  n=    1  sample_idx=[None]
    investmentStage[1].representativePeriod[1]._logical_to_disjunctive._pyomo_gdp_bigm_reformulation.relaxedDisjuncts[268].localVarReferences.binary_indicator_var  n=    1  sample_idx=[None]
    investmentStage[1].representativePeriod[1]._logical_to_disjunctive._pyomo_gdp_bigm_reformulation.relaxedDisjuncts[269].localVarReferences.binary_indicator_var  n=    1  sample_idx=[None]
    investmentStage[1].representativePeriod[1]._logical_to_disjunctive._pyomo_gdp_bigm_reformulation.relaxedDisjuncts[270].localVarReferences.binary_indicator_var  n=    1  sample_idx=[None]
    investmentStage[1].representativePeriod[1]._logical_to_disjunctive._pyomo_gdp_bigm_reformulation.relaxedDisjuncts[271].localVarReferences.binary_indicator_var  n=    1  sample_idx=[None]
    investmentStage[1].representativePeriod[1]._logical_to_disjunctive._pyomo_gdp_bigm_reformulation.relaxedDisjuncts[272].localVarReferences.binary_indicator_var  n=    1  sample_idx=[None]
    investmentStage[1].representativePeriod[1]._logical_to_disjunctive._pyomo_gdp_bigm_reformulation.relaxedDisjuncts[273].localVarReferences.binary_indicator_var  n=    1  sample_idx=[None]
    investmentStage[1].representativePeriod[1]._logical_to_disjunctive._pyomo_gdp_bigm_reformulation.relaxedDisjuncts[274].localVarReferences.binary_indicator_var  n=    1  sample_idx=[None]
    investmentStage[1].representativePeriod[1]._logical_to_disjunctive._pyomo_gdp_bigm_reformulation.relaxedDisjuncts[275].localVarReferences.binary_indicator_var  n=    1  sample_idx=[None]
    investmentStage[1].representativePeriod[1]._logical_to_disjunctive._pyomo_gdp_bigm_reformulation.relaxedDisjuncts[276].localVarReferences.binary_indicator_var  n=    1  sample_idx=[None]
    investmentStage[1].representativePeriod[1]._logical_to_disjunctive._pyomo_gdp_bigm_reformulation.relaxedDisjuncts[277].localVarReferences.binary_indicator_var  n=    1  sample_idx=[None]
    investmentStage[1].representativePeriod[1]._logical_to_disjunctive._pyomo_gdp_bigm_reformulation.relaxedDisjuncts[278].localVarReferences.binary_indicator_var  n=    1  sample_idx=[None]
    investmentStage[1].representativePeriod[1]._logical_to_disjunctive._pyomo_gdp_bigm_reformulation.relaxedDisjuncts[279].localVarReferences.binary_indicator_var  n=    1  sample_idx=[None]
    investmentStage[1].representativePeriod[1]._logical_to_disjunctive._pyomo_gdp_bigm_reformulation.relaxedDisjuncts[280].localVarReferences.binary_indicator_var  n=    1  sample_idx=[None]
    investmentStage[1].representativePeriod[1]._logical_to_disjunctive._pyomo_gdp_bigm_reformulation.relaxedDisjuncts[281].localVarReferences.binary_indicator_var  n=    1  sample_idx=[None]
    investmentStage[1].representativePeriod[1]._logical_to_disjunctive._pyomo_gdp_bigm_reformulation.relaxedDisjuncts[282].localVarReferences.binary_indicator_var  n=    1  sample_idx=[None]
    investmentStage[1].representativePeriod[1]._logical_to_disjunctive._pyomo_gdp_bigm_reformulation.relaxedDisjuncts[283].localVarReferences.binary_indicator_var  n=    1  sample_idx=[None]
    investmentStage[1].representativePeriod[1]._logical_to_disjunctive._pyomo_gdp_bigm_reformulation.relaxedDisjuncts[284].localVarReferences.binary_indicator_var  n=    1  sample_idx=[None]
    investmentStage[1].representativePeriod[1]._logical_to_disjunctive._pyomo_gdp_bigm_reformulation.relaxedDisjuncts[285].localVarReferences.binary_indicator_var  n=    1  sample_idx=[None]
    investmentStage[1].representativePeriod[1]._logical_to_disjunctive._pyomo_gdp_bigm_reformulation.relaxedDisjuncts[286].localVarReferences.binary_indicator_var  n=    1  sample_idx=[None]
    investmentStage[1].representativePeriod[1]._logical_to_disjunctive._pyomo_gdp_bigm_reformulation.relaxedDisjuncts[287].localVarReferences.binary_indicator_var  n=    1  sample_idx=[None]
    investmentStage[1].representativePeriod[1]._logical_to_disjunctive._pyomo_gdp_bigm_reformulation.relaxedDisjuncts[288].localVarReferences.binary_indicator_var  n=    1  sample_idx=[None]
    investmentStage[1].representativePeriod[1]._logical_to_disjunctive._pyomo_gdp_bigm_reformulation.relaxedDisjuncts[289].localVarReferences.binary_indicator_var  n=    1  sample_idx=[None]
    investmentStage[1].representativePeriod[1]._logical_to_disjunctive._pyomo_gdp_bigm_reformulation.relaxedDisjuncts[290].localVarReferences.binary_indicator_var  n=    1  sample_idx=[None]
    investmentStage[1].representativePeriod[1]._logical_to_disjunctive._pyomo_gdp_bigm_reformulation.relaxedDisjuncts[291].localVarReferences.binary_indicator_var  n=    1  sample_idx=[None]
    investmentStage[1].representativePeriod[1]._logical_to_disjunctive._pyomo_gdp_bigm_reformulation.relaxedDisjuncts[292].localVarReferences.binary_indicator_var  n=    1  sample_idx=[None]
    investmentStage[1].representativePeriod[1]._logical_to_disjunctive._pyomo_gdp_bigm_reformulation.relaxedDisjuncts[293].localVarReferences.binary_indicator_var  n=    1  sample_idx=[None]
    investmentStage[1].representativePeriod[1]._logical_to_disjunctive._pyomo_gdp_bigm_reformulation.relaxedDisjuncts[294].localVarReferences.binary_indicator_var  n=    1  sample_idx=[None]
    investmentStage[1].representativePeriod[1]._logical_to_disjunctive._pyomo_gdp_bigm_reformulation.relaxedDisjuncts[295].localVarReferences.binary_indicator_var  n=    1  sample_idx=[None]
    investmentStage[1].representativePeriod[1]._logical_to_disjunctive._pyomo_gdp_bigm_reformulation.relaxedDisjuncts[296].localVarReferences.binary_indicator_var  n=    1  sample_idx=[None]
    investmentStage[1].representativePeriod[1]._logical_to_disjunctive._pyomo_gdp_bigm_reformulation.relaxedDisjuncts[297].localVarReferences.binary_indicator_var  n=    1  sample_idx=[None]
    investmentStage[1].representativePeriod[1]._logical_to_disjunctive._pyomo_gdp_bigm_reformulation.relaxedDisjuncts[298].localVarReferences.binary_indicator_var  n=    1  sample_idx=[None]
    investmentStage[1].representativePeriod[1]._logical_to_disjunctive._pyomo_gdp_bigm_reformulation.relaxedDisjuncts[299].localVarReferences.binary_indicator_var  n=    1  sample_idx=[None]
    investmentStage[1].representativePeriod[1]._logical_to_disjunctive._pyomo_gdp_bigm_reformulation.relaxedDisjuncts[300].localVarReferences.binary_indicator_var  n=    1  sample_idx=[None]
    investmentStage[1].representativePeriod[1]._logical_to_disjunctive._pyomo_gdp_bigm_reformulation.relaxedDisjuncts[301].localVarReferences.binary_indicator_var  n=    1  sample_idx=[None]
    investmentStage[1].representativePeriod[1]._logical_to_disjunctive._pyomo_gdp_bigm_reformulation.relaxedDisjuncts[302].localVarReferences.binary_indicator_var  n=    1  sample_idx=[None]
    investmentStage[1].representativePeriod[1]._logical_to_disjunctive._pyomo_gdp_bigm_reformulation.relaxedDisjuncts[303].localVarReferences.binary_indicator_var  n=    1  sample_idx=[None]
    investmentStage[1].representativePeriod[1]._logical_to_disjunctive._pyomo_gdp_bigm_reformulation.relaxedDisjuncts[304].localVarReferences.binary_indicator_var  n=    1  sample_idx=[None]
    investmentStage[1].representativePeriod[1]._logical_to_disjunctive._pyomo_gdp_bigm_reformulation.relaxedDisjuncts[305].localVarReferences.binary_indicator_var  n=    1  sample_idx=[None]
    investmentStage[1].representativePeriod[1]._logical_to_disjunctive._pyomo_gdp_bigm_reformulation.relaxedDisjuncts[306].localVarReferences.binary_indicator_var  n=    1  sample_idx=[None]
    investmentStage[1].representativePeriod[1]._logical_to_disjunctive._pyomo_gdp_bigm_reformulation.relaxedDisjuncts[307].localVarReferences.binary_indicator_var  n=    1  sample_idx=[None]
    investmentStage[1].representativePeriod[1]._logical_to_disjunctive._pyomo_gdp_bigm_reformulation.relaxedDisjuncts[308].localVarReferences.binary_indicator_var  n=    1  sample_idx=[None]
    investmentStage[1].representativePeriod[1]._logical_to_disjunctive._pyomo_gdp_bigm_reformulation.relaxedDisjuncts[309].localVarReferences.binary_indicator_var  n=    1  sample_idx=[None]
    investmentStage[1].representativePeriod[1]._logical_to_disjunctive._pyomo_gdp_bigm_reformulation.relaxedDisjuncts[310].localVarReferences.binary_indicator_var  n=    1  sample_idx=[None]
    investmentStage[1].representativePeriod[1]._logical_to_disjunctive._pyomo_gdp_bigm_reformulation.relaxedDisjuncts[311].localVarReferences.binary_indicator_var  n=    1  sample_idx=[None]
    investmentStage[1].representativePeriod[1]._logical_to_disjunctive._pyomo_gdp_bigm_reformulation.relaxedDisjuncts[312].localVarReferences.binary_indicator_var  n=    1  sample_idx=[None]
    investmentStage[1].representativePeriod[1]._logical_to_disjunctive._pyomo_gdp_bigm_reformulation.relaxedDisjuncts[313].localVarReferences.binary_indicator_var  n=    1  sample_idx=[None]
    investmentStage[1].representativePeriod[1]._logical_to_disjunctive._pyomo_gdp_bigm_reformulation.relaxedDisjuncts[314].localVarReferences.binary_indicator_var  n=    1  sample_idx=[None]
    investmentStage[1].representativePeriod[1]._logical_to_disjunctive._pyomo_gdp_bigm_reformulation.relaxedDisjuncts[315].localVarReferences.binary_indicator_var  n=    1  sample_idx=[None]
    investmentStage[1].representativePeriod[1]._logical_to_disjunctive._pyomo_gdp_bigm_reformulation.relaxedDisjuncts[316].localVarReferences.binary_indicator_var  n=    1  sample_idx=[None]
    investmentStage[1].representativePeriod[1]._logical_to_disjunctive._pyomo_gdp_bigm_reformulation.relaxedDisjuncts[317].localVarReferences.binary_indicator_var  n=    1  sample_idx=[None]
    investmentStage[1].representativePeriod[1]._logical_to_disjunctive._pyomo_gdp_bigm_reformulation.relaxedDisjuncts[318].localVarReferences.binary_indicator_var  n=    1  sample_idx=[None]
    investmentStage[1].representativePeriod[1]._logical_to_disjunctive._pyomo_gdp_bigm_reformulation.relaxedDisjuncts[319].localVarReferences.binary_indicator_var  n=    1  sample_idx=[None]
    investmentStage[1].representativePeriod[1]._logical_to_disjunctive._pyomo_gdp_bigm_reformulation.relaxedDisjuncts[320].localVarReferences.binary_indicator_var  n=    1  sample_idx=[None]
    investmentStage[1].representativePeriod[1]._logical_to_disjunctive._pyomo_gdp_bigm_reformulation.relaxedDisjuncts[321].localVarReferences.binary_indicator_var  n=    1  sample_idx=[None]
    investmentStage[1].representativePeriod[1]._logical_to_disjunctive._pyomo_gdp_bigm_reformulation.relaxedDisjuncts[322].localVarReferences.binary_indicator_var  n=    1  sample_idx=[None]
    investmentStage[1].representativePeriod[1]._logical_to_disjunctive._pyomo_gdp_bigm_reformulation.relaxedDisjuncts[323].localVarReferences.binary_indicator_var  n=    1  sample_idx=[None]
    investmentStage[1].representativePeriod[1]._logical_to_disjunctive._pyomo_gdp_bigm_reformulation.relaxedDisjuncts[324].localVarReferences.binary_indicator_var  n=    1  sample_idx=[None]
    investmentStage[1].representativePeriod[1]._logical_to_disjunctive._pyomo_gdp_bigm_reformulation.relaxedDisjuncts[325].localVarReferences.binary_indicator_var  n=    1  sample_idx=[None]
    investmentStage[1].representativePeriod[1]._logical_to_disjunctive._pyomo_gdp_bigm_reformulation.relaxedDisjuncts[326].localVarReferences.binary_indicator_var  n=    1  sample_idx=[None]
    investmentStage[1].representativePeriod[1]._logical_to_disjunctive._pyomo_gdp_bigm_reformulation.relaxedDisjuncts[327].localVarReferences.binary_indicator_var  n=    1  sample_idx=[None]
    investmentStage[1].representativePeriod[1]._logical_to_disjunctive._pyomo_gdp_bigm_reformulation.relaxedDisjuncts[328].localVarReferences.binary_indicator_var  n=    1  sample_idx=[None]
    investmentStage[1].representativePeriod[1]._logical_to_disjunctive._pyomo_gdp_bigm_reformulation.relaxedDisjuncts[329].localVarReferences.binary_indicator_var  n=    1  sample_idx=[None]
    investmentStage[1].representativePeriod[1]._logical_to_disjunctive._pyomo_gdp_bigm_reformulation.relaxedDisjuncts[330].localVarReferences.binary_indicator_var  n=    1  sample_idx=[None]
    investmentStage[1].representativePeriod[1]._logical_to_disjunctive._pyomo_gdp_bigm_reformulation.relaxedDisjuncts[331].localVarReferences.binary_indicator_var  n=    1  sample_idx=[None]
    investmentStage[1].representativePeriod[1]._logical_to_disjunctive._pyomo_gdp_bigm_reformulation.relaxedDisjuncts[332].localVarReferences.binary_indicator_var  n=    1  sample_idx=[None]
    investmentStage[1].representativePeriod[1]._logical_to_disjunctive._pyomo_gdp_bigm_reformulation.relaxedDisjuncts[333].localVarReferences.binary_indicator_var  n=    1  sample_idx=[None]
    investmentStage[1].representativePeriod[1]._logical_to_disjunctive._pyomo_gdp_bigm_reformulation.relaxedDisjuncts[334].localVarReferences.binary_indicator_var  n=    1  sample_idx=[None]
    investmentStage[1].representativePeriod[1]._logical_to_disjunctive._pyomo_gdp_bigm_reformulation.relaxedDisjuncts[335].localVarReferences.binary_indicator_var  n=    1  sample_idx=[None]
    investmentStage[1].representativePeriod[1]._logical_to_disjunctive._pyomo_gdp_bigm_reformulation.relaxedDisjuncts[336].localVarReferences.binary_indicator_var  n=    1  sample_idx=[None]
    investmentStage[1].representativePeriod[1]._logical_to_disjunctive._pyomo_gdp_bigm_reformulation.relaxedDisjuncts[337].localVarReferences.binary_indicator_var  n=    1  sample_idx=[None]
    investmentStage[1].representativePeriod[1]._logical_to_disjunctive._pyomo_gdp_bigm_reformulation.relaxedDisjuncts[338].localVarReferences.binary_indicator_var  n=    1  sample_idx=[None]
    investmentStage[1].representativePeriod[1]._logical_to_disjunctive._pyomo_gdp_bigm_reformulation.relaxedDisjuncts[339].localVarReferences.binary_indicator_var  n=    1  sample_idx=[None]
    investmentStage[1].representativePeriod[1]._logical_to_disjunctive._pyomo_gdp_bigm_reformulation.relaxedDisjuncts[340].localVarReferences.binary_indicator_var  n=    1  sample_idx=[None]
    investmentStage[1].representativePeriod[1]._logical_to_disjunctive._pyomo_gdp_bigm_reformulation.relaxedDisjuncts[341].localVarReferences.binary_indicator_var  n=    1  sample_idx=[None]
    investmentStage[1].representativePeriod[1]._logical_to_disjunctive._pyomo_gdp_bigm_reformulation.relaxedDisjuncts[342].localVarReferences.binary_indicator_var  n=    1  sample_idx=[None]
    investmentStage[1].representativePeriod[1]._logical_to_disjunctive._pyomo_gdp_bigm_reformulation.relaxedDisjuncts[343].localVarReferences.binary_indicator_var  n=    1  sample_idx=[None]
    investmentStage[1].representativePeriod[1]._logical_to_disjunctive._pyomo_gdp_bigm_reformulation.relaxedDisjuncts[344].localVarReferences.binary_indicator_var  n=    1  sample_idx=[None]
    investmentStage[1].representativePeriod[1]._logical_to_disjunctive._pyomo_gdp_bigm_reformulation.relaxedDisjuncts[345].localVarReferences.binary_indicator_var  n=    1  sample_idx=[None]
    investmentStage[1].representativePeriod[1]._logical_to_disjunctive._pyomo_gdp_bigm_reformulation.relaxedDisjuncts[346].localVarReferences.binary_indicator_var  n=    1  sample_idx=[None]
    investmentStage[1].representativePeriod[1]._logical_to_disjunctive._pyomo_gdp_bigm_reformulation.relaxedDisjuncts[347].localVarReferences.binary_indicator_var  n=    1  sample_idx=[None]
    investmentStage[1].representativePeriod[1]._logical_to_disjunctive._pyomo_gdp_bigm_reformulation.relaxedDisjuncts[348].localVarReferences.binary_indicator_var  n=    1  sample_idx=[None]
    investmentStage[1].representativePeriod[1]._logical_to_disjunctive._pyomo_gdp_bigm_reformulation.relaxedDisjuncts[349].localVarReferences.binary_indicator_var  n=    1  sample_idx=[None]
    investmentStage[1].representativePeriod[1]._logical_to_disjunctive._pyomo_gdp_bigm_reformulation.relaxedDisjuncts[350].localVarReferences.binary_indicator_var  n=    1  sample_idx=[None]
    investmentStage[1].representativePeriod[1]._logical_to_disjunctive._pyomo_gdp_bigm_reformulation.relaxedDisjuncts[351].localVarReferences.binary_indicator_var  n=    1  sample_idx=[None]
    investmentStage[1].representativePeriod[1]._logical_to_disjunctive._pyomo_gdp_bigm_reformulation.relaxedDisjuncts[352].localVarReferences.binary_indicator_var  n=    1  sample_idx=[None]
    investmentStage[1].representativePeriod[1]._logical_to_disjunctive._pyomo_gdp_bigm_reformulation.relaxedDisjuncts[353].localVarReferences.binary_indicator_var  n=    1  sample_idx=[None]
    investmentStage[1].representativePeriod[1]._logical_to_disjunctive._pyomo_gdp_bigm_reformulation.relaxedDisjuncts[354].localVarReferences.binary_indicator_var  n=    1  sample_idx=[None]
    investmentStage[1].representativePeriod[1]._logical_to_disjunctive._pyomo_gdp_bigm_reformulation.relaxedDisjuncts[355].localVarReferences.binary_indicator_var  n=    1  sample_idx=[None]
    investmentStage[1].representativePeriod[1]._logical_to_disjunctive._pyomo_gdp_bigm_reformulation.relaxedDisjuncts[356].localVarReferences.binary_indicator_var  n=    1  sample_idx=[None]
    investmentStage[1].representativePeriod[1]._logical_to_disjunctive._pyomo_gdp_bigm_reformulation.relaxedDisjuncts[357].localVarReferences.binary_indicator_var  n=    1  sample_idx=[None]
    investmentStage[1].representativePeriod[1]._logical_to_disjunctive._pyomo_gdp_bigm_reformulation.relaxedDisjuncts[358].localVarReferences.binary_indicator_var  n=    1  sample_idx=[None]
    investmentStage[1].representativePeriod[1]._logical_to_disjunctive._pyomo_gdp_bigm_reformulation.relaxedDisjuncts[359].localVarReferences.binary_indicator_var  n=    1  sample_idx=[None]
    investmentStage[1].representativePeriod[1]._logical_to_disjunctive._pyomo_gdp_bigm_reformulation.relaxedDisjuncts[360].localVarReferences.binary_indicator_var  n=    1  sample_idx=[None]
    investmentStage[1].representativePeriod[1]._logical_to_disjunctive._pyomo_gdp_bigm_reformulation.relaxedDisjuncts[361].localVarReferences.binary_indicator_var  n=    1  sample_idx=[None]
    investmentStage[1].representativePeriod[1]._logical_to_disjunctive._pyomo_gdp_bigm_reformulation.relaxedDisjuncts[362].localVarReferences.binary_indicator_var  n=    1  sample_idx=[None]
    investmentStage[1].representativePeriod[1]._logical_to_disjunctive._pyomo_gdp_bigm_reformulation.relaxedDisjuncts[363].localVarReferences.binary_indicator_var  n=    1  sample_idx=[None]
    investmentStage[1].representativePeriod[1]._logical_to_disjunctive._pyomo_gdp_bigm_reformulation.relaxedDisjuncts[364].localVarReferences.binary_indicator_var  n=    1  sample_idx=[None]
    investmentStage[1].representativePeriod[1]._logical_to_disjunctive._pyomo_gdp_bigm_reformulation.relaxedDisjuncts[365].localVarReferences.binary_indicator_var  n=    1  sample_idx=[None]
    investmentStage[1].representativePeriod[1]._logical_to_disjunctive._pyomo_gdp_bigm_reformulation.relaxedDisjuncts[366].localVarReferences.binary_indicator_var  n=    1  sample_idx=[None]
    investmentStage[1].representativePeriod[1]._logical_to_disjunctive._pyomo_gdp_bigm_reformulation.relaxedDisjuncts[367].localVarReferences.binary_indicator_var  n=    1  sample_idx=[None]
    investmentStage[1].representativePeriod[1]._logical_to_disjunctive._pyomo_gdp_bigm_reformulation.relaxedDisjuncts[368].localVarReferences.binary_indicator_var  n=    1  sample_idx=[None]
    investmentStage[1].representativePeriod[1]._logical_to_disjunctive._pyomo_gdp_bigm_reformulation.relaxedDisjuncts[369].localVarReferences.binary_indicator_var  n=    1  sample_idx=[None]
    investmentStage[1].representativePeriod[1]._logical_to_disjunctive._pyomo_gdp_bigm_reformulation.relaxedDisjuncts[370].localVarReferences.binary_indicator_var  n=    1  sample_idx=[None]
    investmentStage[1].representativePeriod[1]._logical_to_disjunctive._pyomo_gdp_bigm_reformulation.relaxedDisjuncts[371].localVarReferences.binary_indicator_var  n=    1  sample_idx=[None]
    investmentStage[1].representativePeriod[1]._logical_to_disjunctive._pyomo_gdp_bigm_reformulation.relaxedDisjuncts[372].localVarReferences.binary_indicator_var  n=    1  sample_idx=[None]
    investmentStage[1].representativePeriod[1]._logical_to_disjunctive._pyomo_gdp_bigm_reformulation.relaxedDisjuncts[373].localVarReferences.binary_indicator_var  n=    1  sample_idx=[None]
    investmentStage[1].representativePeriod[1]._logical_to_disjunctive._pyomo_gdp_bigm_reformulation.relaxedDisjuncts[374].localVarReferences.binary_indicator_var  n=    1  sample_idx=[None]
    investmentStage[1].representativePeriod[1]._logical_to_disjunctive._pyomo_gdp_bigm_reformulation.relaxedDisjuncts[375].localVarReferences.binary_indicator_var  n=    1  sample_idx=[None]
    investmentStage[1].representativePeriod[1]._logical_to_disjunctive._pyomo_gdp_bigm_reformulation.relaxedDisjuncts[376].localVarReferences.binary_indicator_var  n=    1  sample_idx=[None]
    investmentStage[1].representativePeriod[1]._logical_to_disjunctive._pyomo_gdp_bigm_reformulation.relaxedDisjuncts[377].localVarReferences.binary_indicator_var  n=    1  sample_idx=[None]
    investmentStage[1].representativePeriod[1]._logical_to_disjunctive._pyomo_gdp_bigm_reformulation.relaxedDisjuncts[378].localVarReferences.binary_indicator_var  n=    1  sample_idx=[None]
    investmentStage[1].representativePeriod[1]._logical_to_disjunctive._pyomo_gdp_bigm_reformulation.relaxedDisjuncts[379].localVarReferences.binary_indicator_var  n=    1  sample_idx=[None]
    investmentStage[1].representativePeriod[1]._logical_to_disjunctive._pyomo_gdp_bigm_reformulation.relaxedDisjuncts[380].localVarReferences.binary_indicator_var  n=    1  sample_idx=[None]
    investmentStage[1].representativePeriod[1]._logical_to_disjunctive._pyomo_gdp_bigm_reformulation.relaxedDisjuncts[381].localVarReferences.binary_indicator_var  n=    1  sample_idx=[None]
    investmentStage[1].representativePeriod[1]._logical_to_disjunctive._pyomo_gdp_bigm_reformulation.relaxedDisjuncts[382].localVarReferences.binary_indicator_var  n=    1  sample_idx=[None]
    investmentStage[1].representativePeriod[1]._logical_to_disjunctive._pyomo_gdp_bigm_reformulation.relaxedDisjuncts[383].localVarReferences.binary_indicator_var  n=    1  sample_idx=[None]
    investmentStage[1].representativePeriod[1]._logical_to_disjunctive._pyomo_gdp_bigm_reformulation.relaxedDisjuncts[384].localVarReferences.binary_indicator_var  n=    1  sample_idx=[None]
    investmentStage[1].representativePeriod[1]._logical_to_disjunctive._pyomo_gdp_bigm_reformulation.relaxedDisjuncts[385].localVarReferences.binary_indicator_var  n=    1  sample_idx=[None]
    investmentStage[1].representativePeriod[1]._logical_to_disjunctive._pyomo_gdp_bigm_reformulation.relaxedDisjuncts[386].localVarReferences.binary_indicator_var  n=    1  sample_idx=[None]
    investmentStage[1].representativePeriod[1]._logical_to_disjunctive._pyomo_gdp_bigm_reformulation.relaxedDisjuncts[387].localVarReferences.binary_indicator_var  n=    1  sample_idx=[None]
    investmentStage[1].representativePeriod[1]._logical_to_disjunctive._pyomo_gdp_bigm_reformulation.relaxedDisjuncts[388].localVarReferences.binary_indicator_var  n=    1  sample_idx=[None]
    investmentStage[1].representativePeriod[1]._logical_to_disjunctive._pyomo_gdp_bigm_reformulation.relaxedDisjuncts[389].localVarReferences.binary_indicator_var  n=    1  sample_idx=[None]
    investmentStage[1].representativePeriod[1]._logical_to_disjunctive._pyomo_gdp_bigm_reformulation.relaxedDisjuncts[390].localVarReferences.binary_indicator_var  n=    1  sample_idx=[None]
    investmentStage[1].representativePeriod[1]._logical_to_disjunctive._pyomo_gdp_bigm_reformulation.relaxedDisjuncts[391].localVarReferences.binary_indicator_var  n=    1  sample_idx=[None]
    investmentStage[1].representativePeriod[1]._logical_to_disjunctive._pyomo_gdp_bigm_reformulation.relaxedDisjuncts[392].localVarReferences.binary_indicator_var  n=    1  sample_idx=[None]
    investmentStage[1].representativePeriod[1]._logical_to_disjunctive._pyomo_gdp_bigm_reformulation.relaxedDisjuncts[393].localVarReferences.binary_indicator_var  n=    1  sample_idx=[None]
    investmentStage[1].representativePeriod[1]._logical_to_disjunctive._pyomo_gdp_bigm_reformulation.relaxedDisjuncts[394].localVarReferences.binary_indicator_var  n=    1  sample_idx=[None]
    investmentStage[1].representativePeriod[1]._logical_to_disjunctive._pyomo_gdp_bigm_reformulation.relaxedDisjuncts[395].localVarReferences.binary_indicator_var  n=    1  sample_idx=[None]
    investmentStage[1]._pyomo_gdp_bigm_reformulation.relaxedDisjuncts[0].localVarReferences.binary_indicator_var  n=    1  sample_idx=[None]
    investmentStage[1]._pyomo_gdp_bigm_reformulation.relaxedDisjuncts[1].localVarReferences.binary_indicator_var  n=    1  sample_idx=[None]
    investmentStage[1]._pyomo_gdp_bigm_reformulation.relaxedDisjuncts[2].localVarReferences.binary_indicator_var  n=    1  sample_idx=[None]
    investmentStage[1]._pyomo_gdp_bigm_reformulation.relaxedDisjuncts[3].localVarReferences.binary_indicator_var  n=    1  sample_idx=[None]
    investmentStage[1]._pyomo_gdp_bigm_reformulation.relaxedDisjuncts[4].localVarReferences.binary_indicator_var  n=    1  sample_idx=[None]
    investmentStage[1]._pyomo_gdp_bigm_reformulation.relaxedDisjuncts[5].localVarReferences.binary_indicator_var  n=    1  sample_idx=[None]
    investmentStage[1]._pyomo_gdp_bigm_reformulation.relaxedDisjuncts[6].localVarReferences.binary_indicator_var  n=    1  sample_idx=[None]
    investmentStage[1]._pyomo_gdp_bigm_reformulation.relaxedDisjuncts[7].localVarReferences.binary_indicator_var  n=    1  sample_idx=[None]
    investmentStage[1]._pyomo_gdp_bigm_reformulation.relaxedDisjuncts[8].localVarReferences.binary_indicator_var  n=    1  sample_idx=[None]
    investmentStage[1]._pyomo_gdp_bigm_reformulation.relaxedDisjuncts[9].localVarReferences.binary_indicator_var  n=    1  sample_idx=[None]
    investmentStage[1]._pyomo_gdp_bigm_reformulation.relaxedDisjuncts[10].localVarReferences.binary_indicator_var  n=    1  sample_idx=[None]
    investmentStage[1]._pyomo_gdp_bigm_reformulation.relaxedDisjuncts[11].localVarReferences.binary_indicator_var  n=    1  sample_idx=[None]
    investmentStage[1]._pyomo_gdp_bigm_reformulation.relaxedDisjuncts[12].localVarReferences.binary_indicator_var  n=    1  sample_idx=[None]
    investmentStage[1]._pyomo_gdp_bigm_reformulation.relaxedDisjuncts[13].localVarReferences.binary_indicator_var  n=    1  sample_idx=[None]
    investmentStage[1]._pyomo_gdp_bigm_reformulation.relaxedDisjuncts[14].localVarReferences.binary_indicator_var  n=    1  sample_idx=[None]
    investmentStage[1]._pyomo_gdp_bigm_reformulation.relaxedDisjuncts[15].localVarReferences.binary_indicator_var  n=    1  sample_idx=[None]
    investmentStage[1]._pyomo_gdp_bigm_reformulation.relaxedDisjuncts[16].localVarReferences.binary_indicator_var  n=    1  sample_idx=[None]
    investmentStage[1]._pyomo_gdp_bigm_reformulation.relaxedDisjuncts[17].localVarReferences.binary_indicator_var  n=    1  sample_idx=[None]
    investmentStage[1]._pyomo_gdp_bigm_reformulation.relaxedDisjuncts[18].localVarReferences.binary_indicator_var  n=    1  sample_idx=[None]
    investmentStage[1]._pyomo_gdp_bigm_reformulation.relaxedDisjuncts[19].localVarReferences.binary_indicator_var  n=    1  sample_idx=[None]
    investmentStage[1]._pyomo_gdp_bigm_reformulation.relaxedDisjuncts[20].localVarReferences.binary_indicator_var  n=    1  sample_idx=[None]
    investmentStage[1]._pyomo_gdp_bigm_reformulation.relaxedDisjuncts[21].localVarReferences.binary_indicator_var  n=    1  sample_idx=[None]
    investmentStage[1]._pyomo_gdp_bigm_reformulation.relaxedDisjuncts[22].localVarReferences.binary_indicator_var  n=    1  sample_idx=[None]
    investmentStage[1]._pyomo_gdp_bigm_reformulation.relaxedDisjuncts[23].localVarReferences.binary_indicator_var  n=    1  sample_idx=[None]
    investmentStage[1]._pyomo_gdp_bigm_reformulation.relaxedDisjuncts[24].localVarReferences.binary_indicator_var  n=    1  sample_idx=[None]
    investmentStage[1]._pyomo_gdp_bigm_reformulation.relaxedDisjuncts[25].localVarReferences.binary_indicator_var  n=    1  sample_idx=[None]
    investmentStage[1]._pyomo_gdp_bigm_reformulation.relaxedDisjuncts[26].localVarReferences.binary_indicator_var  n=    1  sample_idx=[None]
    investmentStage[1]._pyomo_gdp_bigm_reformulation.relaxedDisjuncts[27].localVarReferences.binary_indicator_var  n=    1  sample_idx=[None]
    investmentStage[1]._pyomo_gdp_bigm_reformulation.relaxedDisjuncts[28].localVarReferences.binary_indicator_var  n=    1  sample_idx=[None]
    investmentStage[1]._pyomo_gdp_bigm_reformulation.relaxedDisjuncts[29].localVarReferences.binary_indicator_var  n=    1  sample_idx=[None]
    investmentStage[1]._pyomo_gdp_bigm_reformulation.relaxedDisjuncts[30].localVarReferences.binary_indicator_var  n=    1  sample_idx=[None]
    investmentStage[1]._pyomo_gdp_bigm_reformulation.relaxedDisjuncts[31].localVarReferences.binary_indicator_var  n=    1  sample_idx=[None]
    investmentStage[1]._pyomo_gdp_bigm_reformulation.relaxedDisjuncts[32].localVarReferences.binary_indicator_var  n=    1  sample_idx=[None]
    investmentStage[1]._pyomo_gdp_bigm_reformulation.relaxedDisjuncts[33].localVarReferences.binary_indicator_var  n=    1  sample_idx=[None]
    investmentStage[1]._pyomo_gdp_bigm_reformulation.relaxedDisjuncts[34].localVarReferences.binary_indicator_var  n=    1  sample_idx=[None]
    investmentStage[1]._pyomo_gdp_bigm_reformulation.relaxedDisjuncts[35].localVarReferences.binary_indicator_var  n=    1  sample_idx=[None]
    investmentStage[1]._pyomo_gdp_bigm_reformulation.relaxedDisjuncts[36].localVarReferences.binary_indicator_var  n=    1  sample_idx=[None]
    investmentStage[1]._pyomo_gdp_bigm_reformulation.relaxedDisjuncts[37].localVarReferences.binary_indicator_var  n=    1  sample_idx=[None]
    investmentStage[1]._pyomo_gdp_bigm_reformulation.relaxedDisjuncts[38].localVarReferences.binary_indicator_var  n=    1  sample_idx=[None]
    investmentStage[1]._pyomo_gdp_bigm_reformulation.relaxedDisjuncts[39].localVarReferences.binary_indicator_var  n=    1  sample_idx=[None]
    investmentStage[1]._pyomo_gdp_bigm_reformulation.relaxedDisjuncts[40].localVarReferences.binary_indicator_var  n=    1  sample_idx=[None]
    investmentStage[1]._pyomo_gdp_bigm_reformulation.relaxedDisjuncts[41].localVarReferences.binary_indicator_var  n=    1  sample_idx=[None]
    investmentStage[1]._pyomo_gdp_bigm_reformulation.relaxedDisjuncts[42].localVarReferences.binary_indicator_var  n=    1  sample_idx=[None]
    investmentStage[1]._pyomo_gdp_bigm_reformulation.relaxedDisjuncts[43].localVarReferences.binary_indicator_var  n=    1  sample_idx=[None]
    investmentStage[1]._pyomo_gdp_bigm_reformulation.relaxedDisjuncts[44].localVarReferences.binary_indicator_var  n=    1  sample_idx=[None]
    investmentStage[1]._pyomo_gdp_bigm_reformulation.relaxedDisjuncts[45].localVarReferences.binary_indicator_var  n=    1  sample_idx=[None]
    investmentStage[1]._pyomo_gdp_bigm_reformulation.relaxedDisjuncts[46].localVarReferences.binary_indicator_var  n=    1  sample_idx=[None]
    investmentStage[1]._pyomo_gdp_bigm_reformulation.relaxedDisjuncts[47].localVarReferences.binary_indicator_var  n=    1  sample_idx=[None]
    investmentStage[1]._pyomo_gdp_bigm_reformulation.relaxedDisjuncts[48].localVarReferences.binary_indicator_var  n=    1  sample_idx=[None]
    investmentStage[1]._pyomo_gdp_bigm_reformulation.relaxedDisjuncts[49].localVarReferences.binary_indicator_var  n=    1  sample_idx=[None]
    investmentStage[1]._pyomo_gdp_bigm_reformulation.relaxedDisjuncts[50].localVarReferences.binary_indicator_var  n=    1  sample_idx=[None]
    investmentStage[1]._pyomo_gdp_bigm_reformulation.relaxedDisjuncts[51].localVarReferences.binary_indicator_var  n=    1  sample_idx=[None]
    investmentStage[1]._pyomo_gdp_bigm_reformulation.relaxedDisjuncts[52].localVarReferences.binary_indicator_var  n=    1  sample_idx=[None]
    investmentStage[1]._pyomo_gdp_bigm_reformulation.relaxedDisjuncts[53].localVarReferences.binary_indicator_var  n=    1  sample_idx=[None]
    investmentStage[1]._pyomo_gdp_bigm_reformulation.relaxedDisjuncts[54].localVarReferences.binary_indicator_var  n=    1  sample_idx=[None]
    investmentStage[1]._pyomo_gdp_bigm_reformulation.relaxedDisjuncts[55].localVarReferences.binary_indicator_var  n=    1  sample_idx=[None]
    investmentStage[1]._pyomo_gdp_bigm_reformulation.relaxedDisjuncts[56].localVarReferences.binary_indicator_var  n=    1  sample_idx=[None]
    investmentStage[1]._pyomo_gdp_bigm_reformulation.relaxedDisjuncts[57].localVarReferences.binary_indicator_var  n=    1  sample_idx=[None]
    investmentStage[1]._pyomo_gdp_bigm_reformulation.relaxedDisjuncts[58].localVarReferences.binary_indicator_var  n=    1  sample_idx=[None]
    investmentStage[1]._pyomo_gdp_bigm_reformulation.relaxedDisjuncts[59].localVarReferences.binary_indicator_var  n=    1  sample_idx=[None]
    investmentStage[1]._pyomo_gdp_bigm_reformulation.relaxedDisjuncts[60].localVarReferences.binary_indicator_var  n=    1  sample_idx=[None]
    investmentStage[1]._pyomo_gdp_bigm_reformulation.relaxedDisjuncts[61].localVarReferences.binary_indicator_var  n=    1  sample_idx=[None]
    investmentStage[1]._pyomo_gdp_bigm_reformulation.relaxedDisjuncts[62].localVarReferences.binary_indicator_var  n=    1  sample_idx=[None]
    investmentStage[1]._pyomo_gdp_bigm_reformulation.relaxedDisjuncts[63].localVarReferences.binary_indicator_var  n=    1  sample_idx=[None]
    investmentStage[1]._pyomo_gdp_bigm_reformulation.relaxedDisjuncts[64].localVarReferences.binary_indicator_var  n=    1  sample_idx=[None]
    investmentStage[1]._pyomo_gdp_bigm_reformulation.relaxedDisjuncts[65].localVarReferences.binary_indicator_var  n=    1  sample_idx=[None]
    investmentStage[1]._pyomo_gdp_bigm_reformulation.relaxedDisjuncts[66].localVarReferences.binary_indicator_var  n=    1  sample_idx=[None]
    investmentStage[1]._pyomo_gdp_bigm_reformulation.relaxedDisjuncts[67].localVarReferences.binary_indicator_var  n=    1  sample_idx=[None]
    investmentStage[1]._pyomo_gdp_bigm_reformulation.relaxedDisjuncts[68].localVarReferences.binary_indicator_var  n=    1  sample_idx=[None]
    investmentStage[1]._pyomo_gdp_bigm_reformulation.relaxedDisjuncts[69].localVarReferences.binary_indicator_var  n=    1  sample_idx=[None]
    investmentStage[1]._pyomo_gdp_bigm_reformulation.relaxedDisjuncts[70].localVarReferences.binary_indicator_var  n=    1  sample_idx=[None]
    investmentStage[1]._pyomo_gdp_bigm_reformulation.relaxedDisjuncts[71].localVarReferences.binary_indicator_var  n=    1  sample_idx=[None]
    investmentStage[1]._pyomo_gdp_bigm_reformulation.relaxedDisjuncts[72].localVarReferences.binary_indicator_var  n=    1  sample_idx=[None]
    investmentStage[1]._pyomo_gdp_bigm_reformulation.relaxedDisjuncts[73].localVarReferences.binary_indicator_var  n=    1  sample_idx=[None]
    investmentStage[1]._pyomo_gdp_bigm_reformulation.relaxedDisjuncts[74].localVarReferences.binary_indicator_var  n=    1  sample_idx=[None]
    investmentStage[1]._pyomo_gdp_bigm_reformulation.relaxedDisjuncts[75].localVarReferences.binary_indicator_var  n=    1  sample_idx=[None]
    investmentStage[1]._pyomo_gdp_bigm_reformulation.relaxedDisjuncts[76].localVarReferences.binary_indicator_var  n=    1  sample_idx=[None]
    investmentStage[1]._pyomo_gdp_bigm_reformulation.relaxedDisjuncts[77].localVarReferences.binary_indicator_var  n=    1  sample_idx=[None]
    investmentStage[1]._pyomo_gdp_bigm_reformulation.relaxedDisjuncts[78].localVarReferences.binary_indicator_var  n=    1  sample_idx=[None]
    investmentStage[1]._pyomo_gdp_bigm_reformulation.relaxedDisjuncts[79].localVarReferences.binary_indicator_var  n=    1  sample_idx=[None]
    investmentStage[1]._pyomo_gdp_bigm_reformulation.relaxedDisjuncts[80].localVarReferences.binary_indicator_var  n=    1  sample_idx=[None]
    investmentStage[1]._pyomo_gdp_bigm_reformulation.relaxedDisjuncts[81].localVarReferences.binary_indicator_var  n=    1  sample_idx=[None]
    investmentStage[1]._pyomo_gdp_bigm_reformulation.relaxedDisjuncts[82].localVarReferences.binary_indicator_var  n=    1  sample_idx=[None]
    investmentStage[1]._pyomo_gdp_bigm_reformulation.relaxedDisjuncts[83].localVarReferences.binary_indicator_var  n=    1  sample_idx=[None]
    investmentStage[1]._pyomo_gdp_bigm_reformulation.relaxedDisjuncts[84].localVarReferences.binary_indicator_var  n=    1  sample_idx=[None]
    investmentStage[1]._pyomo_gdp_bigm_reformulation.relaxedDisjuncts[85].localVarReferences.binary_indicator_var  n=    1  sample_idx=[None]
    investmentStage[1]._pyomo_gdp_bigm_reformulation.relaxedDisjuncts[86].localVarReferences.binary_indicator_var  n=    1  sample_idx=[None]
    investmentStage[1]._pyomo_gdp_bigm_reformulation.relaxedDisjuncts[87].localVarReferences.binary_indicator_var  n=    1  sample_idx=[None]
    investmentStage[1]._pyomo_gdp_bigm_reformulation.relaxedDisjuncts[88].localVarReferences.binary_indicator_var  n=    1  sample_idx=[None]
    investmentStage[1]._pyomo_gdp_bigm_reformulation.relaxedDisjuncts[89].localVarReferences.binary_indicator_var  n=    1  sample_idx=[None]
    investmentStage[1]._pyomo_gdp_bigm_reformulation.relaxedDisjuncts[90].localVarReferences.binary_indicator_var  n=    1  sample_idx=[None]
    investmentStage[1]._pyomo_gdp_bigm_reformulation.relaxedDisjuncts[91].localVarReferences.binary_indicator_var  n=    1  sample_idx=[None]
    investmentStage[1]._pyomo_gdp_bigm_reformulation.relaxedDisjuncts[92].localVarReferences.binary_indicator_var  n=    1  sample_idx=[None]
    investmentStage[1]._pyomo_gdp_bigm_reformulation.relaxedDisjuncts[93].localVarReferences.binary_indicator_var  n=    1  sample_idx=[None]
    investmentStage[1]._pyomo_gdp_bigm_reformulation.relaxedDisjuncts[94].localVarReferences.binary_indicator_var  n=    1  sample_idx=[None]
    investmentStage[1]._pyomo_gdp_bigm_reformulation.relaxedDisjuncts[95].localVarReferences.binary_indicator_var  n=    1  sample_idx=[None]
    investmentStage[1]._pyomo_gdp_bigm_reformulation.relaxedDisjuncts[96].localVarReferences.binary_indicator_var  n=    1  sample_idx=[None]
    investmentStage[1]._pyomo_gdp_bigm_reformulation.relaxedDisjuncts[97].localVarReferences.binary_indicator_var  n=    1  sample_idx=[None]
    investmentStage[1]._pyomo_gdp_bigm_reformulation.relaxedDisjuncts[98].localVarReferences.binary_indicator_var  n=    1  sample_idx=[None]
    investmentStage[1]._pyomo_gdp_bigm_reformulation.relaxedDisjuncts[99].localVarReferences.binary_indicator_var  n=    1  sample_idx=[None]
    investmentStage[1]._pyomo_gdp_bigm_reformulation.relaxedDisjuncts[100].localVarReferences.binary_indicator_var  n=    1  sample_idx=[None]
    investmentStage[1]._pyomo_gdp_bigm_reformulation.relaxedDisjuncts[101].localVarReferences.binary_indicator_var  n=    1  sample_idx=[None]
    investmentStage[1]._pyomo_gdp_bigm_reformulation.relaxedDisjuncts[102].localVarReferences.binary_indicator_var  n=    1  sample_idx=[None]
    investmentStage[1]._pyomo_gdp_bigm_reformulation.relaxedDisjuncts[103].localVarReferences.binary_indicator_var  n=    1  sample_idx=[None]
    investmentStage[1]._pyomo_gdp_bigm_reformulation.relaxedDisjuncts[104].localVarReferences.binary_indicator_var  n=    1  sample_idx=[None]
    investmentStage[1]._pyomo_gdp_bigm_reformulation.relaxedDisjuncts[105].localVarReferences.binary_indicator_var  n=    1  sample_idx=[None]
    investmentStage[1]._pyomo_gdp_bigm_reformulation.relaxedDisjuncts[106].localVarReferences.binary_indicator_var  n=    1  sample_idx=[None]
    investmentStage[1]._pyomo_gdp_bigm_reformulation.relaxedDisjuncts[107].localVarReferences.binary_indicator_var  n=    1  sample_idx=[None]
    investmentStage[1]._pyomo_gdp_bigm_reformulation.relaxedDisjuncts[108].localVarReferences.binary_indicator_var  n=    1  sample_idx=[None]
    investmentStage[1]._pyomo_gdp_bigm_reformulation.relaxedDisjuncts[109].localVarReferences.binary_indicator_var  n=    1  sample_idx=[None]
    investmentStage[1]._pyomo_gdp_bigm_reformulation.relaxedDisjuncts[110].localVarReferences.binary_indicator_var  n=    1  sample_idx=[None]
    investmentStage[1]._pyomo_gdp_bigm_reformulation.relaxedDisjuncts[111].localVarReferences.binary_indicator_var  n=    1  sample_idx=[None]
    investmentStage[1]._pyomo_gdp_bigm_reformulation.relaxedDisjuncts[112].localVarReferences.binary_indicator_var  n=    1  sample_idx=[None]
    investmentStage[1]._pyomo_gdp_bigm_reformulation.relaxedDisjuncts[113].localVarReferences.binary_indicator_var  n=    1  sample_idx=[None]
    investmentStage[1]._pyomo_gdp_bigm_reformulation.relaxedDisjuncts[114].localVarReferences.binary_indicator_var  n=    1  sample_idx=[None]
    investmentStage[1]._pyomo_gdp_bigm_reformulation.relaxedDisjuncts[115].localVarReferences.binary_indicator_var  n=    1  sample_idx=[None]
    investmentStage[1]._pyomo_gdp_bigm_reformulation.relaxedDisjuncts[116].localVarReferences.binary_indicator_var  n=    1  sample_idx=[None]
    investmentStage[1]._pyomo_gdp_bigm_reformulation.relaxedDisjuncts[117].localVarReferences.binary_indicator_var  n=    1  sample_idx=[None]
    investmentStage[1]._pyomo_gdp_bigm_reformulation.relaxedDisjuncts[118].localVarReferences.binary_indicator_var  n=    1  sample_idx=[None]
    investmentStage[1]._pyomo_gdp_bigm_reformulation.relaxedDisjuncts[119].localVarReferences.binary_indicator_var  n=    1  sample_idx=[None]
    investmentStage[1]._pyomo_gdp_bigm_reformulation.relaxedDisjuncts[120].localVarReferences.binary_indicator_var  n=    1  sample_idx=[None]
    investmentStage[1]._pyomo_gdp_bigm_reformulation.relaxedDisjuncts[121].localVarReferences.binary_indicator_var  n=    1  sample_idx=[None]
    investmentStage[1]._pyomo_gdp_bigm_reformulation.relaxedDisjuncts[122].localVarReferences.binary_indicator_var  n=    1  sample_idx=[None]
    investmentStage[1]._pyomo_gdp_bigm_reformulation.relaxedDisjuncts[123].localVarReferences.binary_indicator_var  n=    1  sample_idx=[None]
    investmentStage[1]._pyomo_gdp_bigm_reformulation.relaxedDisjuncts[124].localVarReferences.binary_indicator_var  n=    1  sample_idx=[None]
    investmentStage[1]._pyomo_gdp_bigm_reformulation.relaxedDisjuncts[125].localVarReferences.binary_indicator_var  n=    1  sample_idx=[None]
    investmentStage[1]._pyomo_gdp_bigm_reformulation.relaxedDisjuncts[126].localVarReferences.binary_indicator_var  n=    1  sample_idx=[None]
    investmentStage[1]._pyomo_gdp_bigm_reformulation.relaxedDisjuncts[127].localVarReferences.binary_indicator_var  n=    1  sample_idx=[None]
    investmentStage[1]._pyomo_gdp_bigm_reformulation.relaxedDisjuncts[128].localVarReferences.binary_indicator_var  n=    1  sample_idx=[None]
    investmentStage[1]._pyomo_gdp_bigm_reformulation.relaxedDisjuncts[129].localVarReferences.binary_indicator_var  n=    1  sample_idx=[None]
    investmentStage[1]._pyomo_gdp_bigm_reformulation.relaxedDisjuncts[130].localVarReferences.binary_indicator_var  n=    1  sample_idx=[None]
    investmentStage[1]._pyomo_gdp_bigm_reformulation.relaxedDisjuncts[131].localVarReferences.binary_indicator_var  n=    1  sample_idx=[None]
    investmentStage[1]._pyomo_gdp_bigm_reformulation.relaxedDisjuncts[132].localVarReferences.binary_indicator_var  n=    1  sample_idx=[None]
    investmentStage[1]._pyomo_gdp_bigm_reformulation.relaxedDisjuncts[133].localVarReferences.binary_indicator_var  n=    1  sample_idx=[None]
    investmentStage[1]._pyomo_gdp_bigm_reformulation.relaxedDisjuncts[134].localVarReferences.binary_indicator_var  n=    1  sample_idx=[None]
    investmentStage[1]._pyomo_gdp_bigm_reformulation.relaxedDisjuncts[135].localVarReferences.binary_indicator_var  n=    1  sample_idx=[None]
    investmentStage[1]._pyomo_gdp_bigm_reformulation.relaxedDisjuncts[136].localVarReferences.binary_indicator_var  n=    1  sample_idx=[None]
    investmentStage[1]._pyomo_gdp_bigm_reformulation.relaxedDisjuncts[137].localVarReferences.binary_indicator_var  n=    1  sample_idx=[None]
    investmentStage[1]._pyomo_gdp_bigm_reformulation.relaxedDisjuncts[138].localVarReferences.binary_indicator_var  n=    1  sample_idx=[None]
    investmentStage[1]._pyomo_gdp_bigm_reformulation.relaxedDisjuncts[139].localVarReferences.binary_indicator_var  n=    1  sample_idx=[None]
    investmentStage[1]._pyomo_gdp_bigm_reformulation.relaxedDisjuncts[140].localVarReferences.binary_indicator_var  n=    1  sample_idx=[None]
    investmentStage[1]._pyomo_gdp_bigm_reformulation.relaxedDisjuncts[141].localVarReferences.binary_indicator_var  n=    1  sample_idx=[None]
    investmentStage[1]._pyomo_gdp_bigm_reformulation.relaxedDisjuncts[142].localVarReferences.binary_indicator_var  n=    1  sample_idx=[None]
    investmentStage[1]._pyomo_gdp_bigm_reformulation.relaxedDisjuncts[143].localVarReferences.binary_indicator_var  n=    1  sample_idx=[None]
    investmentStage[1]._pyomo_gdp_bigm_reformulation.relaxedDisjuncts[144].localVarReferences.binary_indicator_var  n=    1  sample_idx=[None]
    investmentStage[1]._pyomo_gdp_bigm_reformulation.relaxedDisjuncts[145].localVarReferences.binary_indicator_var  n=    1  sample_idx=[None]
    investmentStage[1]._pyomo_gdp_bigm_reformulation.relaxedDisjuncts[146].localVarReferences.binary_indicator_var  n=    1  sample_idx=[None]
    investmentStage[1]._pyomo_gdp_bigm_reformulation.relaxedDisjuncts[147].localVarReferences.binary_indicator_var  n=    1  sample_idx=[None]
    investmentStage[1]._pyomo_gdp_bigm_reformulation.relaxedDisjuncts[148].localVarReferences.binary_indicator_var  n=    1  sample_idx=[None]
    investmentStage[1]._pyomo_gdp_bigm_reformulation.relaxedDisjuncts[149].localVarReferences.binary_indicator_var  n=    1  sample_idx=[None]
    investmentStage[1]._pyomo_gdp_bigm_reformulation.relaxedDisjuncts[150].localVarReferences.binary_indicator_var  n=    1  sample_idx=[None]
    investmentStage[1]._pyomo_gdp_bigm_reformulation.relaxedDisjuncts[151].localVarReferences.binary_indicator_var  n=    1  sample_idx=[None]
    investmentStage[1]._pyomo_gdp_bigm_reformulation.relaxedDisjuncts[152].localVarReferences.binary_indicator_var  n=    1  sample_idx=[None]
    investmentStage[1]._pyomo_gdp_bigm_reformulation.relaxedDisjuncts[153].localVarReferences.binary_indicator_var  n=    1  sample_idx=[None]
    investmentStage[1]._pyomo_gdp_bigm_reformulation.relaxedDisjuncts[154].localVarReferences.binary_indicator_var  n=    1  sample_idx=[None]
    investmentStage[1]._pyomo_gdp_bigm_reformulation.relaxedDisjuncts[155].localVarReferences.binary_indicator_var  n=    1  sample_idx=[None]
    investmentStage[1]._pyomo_gdp_bigm_reformulation.relaxedDisjuncts[156].localVarReferences.binary_indicator_var  n=    1  sample_idx=[None]
    investmentStage[1]._pyomo_gdp_bigm_reformulation.relaxedDisjuncts[157].localVarReferences.binary_indicator_var  n=    1  sample_idx=[None]
    investmentStage[1]._pyomo_gdp_bigm_reformulation.relaxedDisjuncts[158].localVarReferences.binary_indicator_var  n=    1  sample_idx=[None]
    investmentStage[1]._pyomo_gdp_bigm_reformulation.relaxedDisjuncts[159].localVarReferences.binary_indicator_var  n=    1  sample_idx=[None]
    investmentStage[1]._pyomo_gdp_bigm_reformulation.relaxedDisjuncts[160].localVarReferences.binary_indicator_var  n=    1  sample_idx=[None]
    investmentStage[1]._pyomo_gdp_bigm_reformulation.relaxedDisjuncts[161].localVarReferences.binary_indicator_var  n=    1  sample_idx=[None]
    investmentStage[1]._pyomo_gdp_bigm_reformulation.relaxedDisjuncts[162].localVarReferences.binary_indicator_var  n=    1  sample_idx=[None]
    investmentStage[1]._pyomo_gdp_bigm_reformulation.relaxedDisjuncts[163].localVarReferences.binary_indicator_var  n=    1  sample_idx=[None]
    investmentStage[1]._pyomo_gdp_bigm_reformulation.relaxedDisjuncts[164].localVarReferences.binary_indicator_var  n=    1  sample_idx=[None]
    investmentStage[1]._pyomo_gdp_bigm_reformulation.relaxedDisjuncts[165].localVarReferences.binary_indicator_var  n=    1  sample_idx=[None]
    investmentStage[1]._pyomo_gdp_bigm_reformulation.relaxedDisjuncts[166].localVarReferences.binary_indicator_var  n=    1  sample_idx=[None]
    investmentStage[1]._pyomo_gdp_bigm_reformulation.relaxedDisjuncts[167].localVarReferences.binary_indicator_var  n=    1  sample_idx=[None]
    investmentStage[1]._pyomo_gdp_bigm_reformulation.relaxedDisjuncts[168].localVarReferences.binary_indicator_var  n=    1  sample_idx=[None]
    investmentStage[1]._pyomo_gdp_bigm_reformulation.relaxedDisjuncts[169].localVarReferences.binary_indicator_var  n=    1  sample_idx=[None]
    investmentStage[1]._pyomo_gdp_bigm_reformulation.relaxedDisjuncts[170].localVarReferences.binary_indicator_var  n=    1  sample_idx=[None]
    investmentStage[1]._pyomo_gdp_bigm_reformulation.relaxedDisjuncts[171].localVarReferences.binary_indicator_var  n=    1  sample_idx=[None]
    investmentStage[1]._pyomo_gdp_bigm_reformulation.relaxedDisjuncts[172].localVarReferences.binary_indicator_var  n=    1  sample_idx=[None]
    investmentStage[1]._pyomo_gdp_bigm_reformulation.relaxedDisjuncts[173].localVarReferences.binary_indicator_var  n=    1  sample_idx=[None]
    investmentStage[1]._pyomo_gdp_bigm_reformulation.relaxedDisjuncts[174].localVarReferences.binary_indicator_var  n=    1  sample_idx=[None]
    investmentStage[1]._pyomo_gdp_bigm_reformulation.relaxedDisjuncts[175].localVarReferences.binary_indicator_var  n=    1  sample_idx=[None]
    investmentStage[1]._pyomo_gdp_bigm_reformulation.relaxedDisjuncts[176].localVarReferences.binary_indicator_var  n=    1  sample_idx=[None]
    investmentStage[1]._pyomo_gdp_bigm_reformulation.relaxedDisjuncts[177].localVarReferences.binary_indicator_var  n=    1  sample_idx=[None]
    investmentStage[1]._pyomo_gdp_bigm_reformulation.relaxedDisjuncts[178].localVarReferences.binary_indicator_var  n=    1  sample_idx=[None]
    investmentStage[1]._pyomo_gdp_bigm_reformulation.relaxedDisjuncts[179].localVarReferences.binary_indicator_var  n=    1  sample_idx=[None]
    investmentStage[1]._pyomo_gdp_bigm_reformulation.relaxedDisjuncts[180].localVarReferences.binary_indicator_var  n=    1  sample_idx=[None]
    investmentStage[1]._pyomo_gdp_bigm_reformulation.relaxedDisjuncts[181].localVarReferences.binary_indicator_var  n=    1  sample_idx=[None]
    investmentStage[1]._pyomo_gdp_bigm_reformulation.relaxedDisjuncts[182].localVarReferences.binary_indicator_var  n=    1  sample_idx=[None]
    investmentStage[1]._pyomo_gdp_bigm_reformulation.relaxedDisjuncts[183].localVarReferences.binary_indicator_var  n=    1  sample_idx=[None]
    investmentStage[1]._pyomo_gdp_bigm_reformulation.relaxedDisjuncts[184].localVarReferences.binary_indicator_var  n=    1  sample_idx=[None]
    investmentStage[1]._pyomo_gdp_bigm_reformulation.relaxedDisjuncts[185].localVarReferences.binary_indicator_var  n=    1  sample_idx=[None]
    investmentStage[1]._pyomo_gdp_bigm_reformulation.relaxedDisjuncts[186].localVarReferences.binary_indicator_var  n=    1  sample_idx=[None]
    investmentStage[1]._pyomo_gdp_bigm_reformulation.relaxedDisjuncts[187].localVarReferences.binary_indicator_var  n=    1  sample_idx=[None]
    investmentStage[1]._pyomo_gdp_bigm_reformulation.relaxedDisjuncts[188].localVarReferences.binary_indicator_var  n=    1  sample_idx=[None]
    investmentStage[1]._pyomo_gdp_bigm_reformulation.relaxedDisjuncts[189].localVarReferences.binary_indicator_var  n=    1  sample_idx=[None]
    investmentStage[1]._pyomo_gdp_bigm_reformulation.relaxedDisjuncts[190].localVarReferences.binary_indicator_var  n=    1  sample_idx=[None]
    investmentStage[1]._pyomo_gdp_bigm_reformulation.relaxedDisjuncts[191].localVarReferences.binary_indicator_var  n=    1  sample_idx=[None]
    investmentStage[1]._pyomo_gdp_bigm_reformulation.relaxedDisjuncts[192].localVarReferences.binary_indicator_var  n=    1  sample_idx=[None]
    investmentStage[1]._pyomo_gdp_bigm_reformulation.relaxedDisjuncts[193].localVarReferences.binary_indicator_var  n=    1  sample_idx=[None]
    investmentStage[1]._pyomo_gdp_bigm_reformulation.relaxedDisjuncts[194].localVarReferences.binary_indicator_var  n=    1  sample_idx=[None]
    investmentStage[1]._pyomo_gdp_bigm_reformulation.relaxedDisjuncts[195].localVarReferences.binary_indicator_var  n=    1  sample_idx=[None]
    investmentStage[1]._pyomo_gdp_bigm_reformulation.relaxedDisjuncts[196].localVarReferences.binary_indicator_var  n=    1  sample_idx=[None]
    investmentStage[1]._pyomo_gdp_bigm_reformulation.relaxedDisjuncts[197].localVarReferences.binary_indicator_var  n=    1  sample_idx=[None]
    investmentStage[1]._pyomo_gdp_bigm_reformulation.relaxedDisjuncts[198].localVarReferences.binary_indicator_var  n=    1  sample_idx=[None]
    investmentStage[1]._pyomo_gdp_bigm_reformulation.relaxedDisjuncts[199].localVarReferences.binary_indicator_var  n=    1  sample_idx=[None]
    investmentStage[1]._pyomo_gdp_bigm_reformulation.relaxedDisjuncts[200].localVarReferences.binary_indicator_var  n=    1  sample_idx=[None]
    investmentStage[1]._pyomo_gdp_bigm_reformulation.relaxedDisjuncts[201].localVarReferences.binary_indicator_var  n=    1  sample_idx=[None]
    investmentStage[1]._pyomo_gdp_bigm_reformulation.relaxedDisjuncts[202].localVarReferences.binary_indicator_var  n=    1  sample_idx=[None]
    investmentStage[1]._pyomo_gdp_bigm_reformulation.relaxedDisjuncts[203].localVarReferences.binary_indicator_var  n=    1  sample_idx=[None]
    investmentStage[1]._pyomo_gdp_bigm_reformulation.relaxedDisjuncts[204].localVarReferences.binary_indicator_var  n=    1  sample_idx=[None]
    investmentStage[1]._pyomo_gdp_bigm_reformulation.relaxedDisjuncts[205].localVarReferences.binary_indicator_var  n=    1  sample_idx=[None]
    investmentStage[1]._pyomo_gdp_bigm_reformulation.relaxedDisjuncts[206].localVarReferences.binary_indicator_var  n=    1  sample_idx=[None]
    investmentStage[1]._pyomo_gdp_bigm_reformulation.relaxedDisjuncts[207].localVarReferences.binary_indicator_var  n=    1  sample_idx=[None]
    investmentStage[1]._pyomo_gdp_bigm_reformulation.relaxedDisjuncts[208].localVarReferences.binary_indicator_var  n=    1  sample_idx=[None]
    investmentStage[1]._pyomo_gdp_bigm_reformulation.relaxedDisjuncts[209].localVarReferences.binary_indicator_var  n=    1  sample_idx=[None]
    investmentStage[1]._pyomo_gdp_bigm_reformulation.relaxedDisjuncts[210].localVarReferences.binary_indicator_var  n=    1  sample_idx=[None]
    investmentStage[1]._pyomo_gdp_bigm_reformulation.relaxedDisjuncts[211].localVarReferences.binary_indicator_var  n=    1  sample_idx=[None]
    investmentStage[1]._pyomo_gdp_bigm_reformulation.relaxedDisjuncts[212].localVarReferences.binary_indicator_var  n=    1  sample_idx=[None]
    investmentStage[1]._pyomo_gdp_bigm_reformulation.relaxedDisjuncts[213].localVarReferences.binary_indicator_var  n=    1  sample_idx=[None]
    investmentStage[1]._pyomo_gdp_bigm_reformulation.relaxedDisjuncts[214].localVarReferences.binary_indicator_var  n=    1  sample_idx=[None]
    investmentStage[1]._pyomo_gdp_bigm_reformulation.relaxedDisjuncts[215].localVarReferences.binary_indicator_var  n=    1  sample_idx=[None]
    investmentStage[1]._pyomo_gdp_bigm_reformulation.relaxedDisjuncts[216].localVarReferences.binary_indicator_var  n=    1  sample_idx=[None]
    investmentStage[1]._pyomo_gdp_bigm_reformulation.relaxedDisjuncts[217].localVarReferences.binary_indicator_var  n=    1  sample_idx=[None]
    investmentStage[1]._pyomo_gdp_bigm_reformulation.relaxedDisjuncts[218].localVarReferences.binary_indicator_var  n=    1  sample_idx=[None]
    investmentStage[1]._pyomo_gdp_bigm_reformulation.relaxedDisjuncts[219].localVarReferences.binary_indicator_var  n=    1  sample_idx=[None]
    investmentStage[1]._pyomo_gdp_bigm_reformulation.relaxedDisjuncts[220].localVarReferences.binary_indicator_var  n=    1  sample_idx=[None]
    investmentStage[1]._pyomo_gdp_bigm_reformulation.relaxedDisjuncts[221].localVarReferences.binary_indicator_var  n=    1  sample_idx=[None]
    investmentStage[1]._pyomo_gdp_bigm_reformulation.relaxedDisjuncts[222].localVarReferences.binary_indicator_var  n=    1  sample_idx=[None]
    investmentStage[1]._pyomo_gdp_bigm_reformulation.relaxedDisjuncts[223].localVarReferences.binary_indicator_var  n=    1  sample_idx=[None]
    investmentStage[1]._pyomo_gdp_bigm_reformulation.relaxedDisjuncts[224].localVarReferences.binary_indicator_var  n=    1  sample_idx=[None]
    investmentStage[1]._pyomo_gdp_bigm_reformulation.relaxedDisjuncts[225].localVarReferences.binary_indicator_var  n=    1  sample_idx=[None]
    investmentStage[1]._pyomo_gdp_bigm_reformulation.relaxedDisjuncts[226].localVarReferences.binary_indicator_var  n=    1  sample_idx=[None]
    investmentStage[1]._pyomo_gdp_bigm_reformulation.relaxedDisjuncts[227].localVarReferences.binary_indicator_var  n=    1  sample_idx=[None]
    investmentStage[1]._pyomo_gdp_bigm_reformulation.relaxedDisjuncts[228].localVarReferences.binary_indicator_var  n=    1  sample_idx=[None]
    investmentStage[1]._pyomo_gdp_bigm_reformulation.relaxedDisjuncts[229].localVarReferences.binary_indicator_var  n=    1  sample_idx=[None]
    investmentStage[1]._pyomo_gdp_bigm_reformulation.relaxedDisjuncts[230].localVarReferences.binary_indicator_var  n=    1  sample_idx=[None]
    investmentStage[1]._pyomo_gdp_bigm_reformulation.relaxedDisjuncts[231].localVarReferences.binary_indicator_var  n=    1  sample_idx=[None]
    investmentStage[1]._pyomo_gdp_bigm_reformulation.relaxedDisjuncts[232].localVarReferences.binary_indicator_var  n=    1  sample_idx=[None]
    investmentStage[1]._pyomo_gdp_bigm_reformulation.relaxedDisjuncts[233].localVarReferences.binary_indicator_var  n=    1  sample_idx=[None]
    investmentStage[1]._pyomo_gdp_bigm_reformulation.relaxedDisjuncts[234].localVarReferences.binary_indicator_var  n=    1  sample_idx=[None]
    investmentStage[1]._pyomo_gdp_bigm_reformulation.relaxedDisjuncts[235].localVarReferences.binary_indicator_var  n=    1  sample_idx=[None]
    investmentStage[1]._pyomo_gdp_bigm_reformulation.relaxedDisjuncts[236].localVarReferences.binary_indicator_var  n=    1  sample_idx=[None]
    investmentStage[1]._pyomo_gdp_bigm_reformulation.relaxedDisjuncts[237].localVarReferences.binary_indicator_var  n=    1  sample_idx=[None]
    investmentStage[1]._pyomo_gdp_bigm_reformulation.relaxedDisjuncts[238].localVarReferences.binary_indicator_var  n=    1  sample_idx=[None]
    investmentStage[1]._pyomo_gdp_bigm_reformulation.relaxedDisjuncts[239].localVarReferences.binary_indicator_var  n=    1  sample_idx=[None]
    investmentStage[1]._pyomo_gdp_bigm_reformulation.relaxedDisjuncts[240].localVarReferences.binary_indicator_var  n=    1  sample_idx=[None]
    investmentStage[1]._pyomo_gdp_bigm_reformulation.relaxedDisjuncts[241].localVarReferences.binary_indicator_var  n=    1  sample_idx=[None]
    investmentStage[1]._pyomo_gdp_bigm_reformulation.relaxedDisjuncts[242].localVarReferences.binary_indicator_var  n=    1  sample_idx=[None]
    investmentStage[1]._pyomo_gdp_bigm_reformulation.relaxedDisjuncts[243].localVarReferences.binary_indicator_var  n=    1  sample_idx=[None]
    investmentStage[1]._pyomo_gdp_bigm_reformulation.relaxedDisjuncts[244].localVarReferences.binary_indicator_var  n=    1  sample_idx=[None]
    investmentStage[1]._pyomo_gdp_bigm_reformulation.relaxedDisjuncts[245].localVarReferences.binary_indicator_var  n=    1  sample_idx=[None]
    investmentStage[1]._pyomo_gdp_bigm_reformulation.relaxedDisjuncts[246].localVarReferences.binary_indicator_var  n=    1  sample_idx=[None]
    investmentStage[1]._pyomo_gdp_bigm_reformulation.relaxedDisjuncts[247].localVarReferences.binary_indicator_var  n=    1  sample_idx=[None]
    investmentStage[1]._pyomo_gdp_bigm_reformulation.relaxedDisjuncts[248].localVarReferences.binary_indicator_var  n=    1  sample_idx=[None]
    investmentStage[1]._pyomo_gdp_bigm_reformulation.relaxedDisjuncts[249].localVarReferences.binary_indicator_var  n=    1  sample_idx=[None]
    investmentStage[1]._pyomo_gdp_bigm_reformulation.relaxedDisjuncts[250].localVarReferences.binary_indicator_var  n=    1  sample_idx=[None]
    investmentStage[1]._pyomo_gdp_bigm_reformulation.relaxedDisjuncts[251].localVarReferences.binary_indicator_var  n=    1  sample_idx=[None]
    investmentStage[1]._pyomo_gdp_bigm_reformulation.relaxedDisjuncts[252].localVarReferences.binary_indicator_var  n=    1  sample_idx=[None]
    investmentStage[1]._pyomo_gdp_bigm_reformulation.relaxedDisjuncts[253].localVarReferences.binary_indicator_var  n=    1  sample_idx=[None]
    investmentStage[1]._pyomo_gdp_bigm_reformulation.relaxedDisjuncts[254].localVarReferences.binary_indicator_var  n=    1  sample_idx=[None]
    investmentStage[1]._pyomo_gdp_bigm_reformulation.relaxedDisjuncts[255].localVarReferences.binary_indicator_var  n=    1  sample_idx=[None]
    investmentStage[1]._pyomo_gdp_bigm_reformulation.relaxedDisjuncts[256].localVarReferences.binary_indicator_var  n=    1  sample_idx=[None]
    investmentStage[1]._pyomo_gdp_bigm_reformulation.relaxedDisjuncts[257].localVarReferences.binary_indicator_var  n=    1  sample_idx=[None]
    investmentStage[1]._pyomo_gdp_bigm_reformulation.relaxedDisjuncts[258].localVarReferences.binary_indicator_var  n=    1  sample_idx=[None]
    investmentStage[1]._pyomo_gdp_bigm_reformulation.relaxedDisjuncts[259].localVarReferences.binary_indicator_var  n=    1  sample_idx=[None]
    investmentStage[1]._pyomo_gdp_bigm_reformulation.relaxedDisjuncts[260].localVarReferences.binary_indicator_var  n=    1  sample_idx=[None]
    investmentStage[1]._pyomo_gdp_bigm_reformulation.relaxedDisjuncts[261].localVarReferences.binary_indicator_var  n=    1  sample_idx=[None]
    investmentStage[1]._pyomo_gdp_bigm_reformulation.relaxedDisjuncts[262].localVarReferences.binary_indicator_var  n=    1  sample_idx=[None]
    investmentStage[1]._pyomo_gdp_bigm_reformulation.relaxedDisjuncts[263].localVarReferences.binary_indicator_var  n=    1  sample_idx=[None]
    investmentStage[1]._pyomo_gdp_bigm_reformulation.relaxedDisjuncts[264].localVarReferences.binary_indicator_var  n=    1  sample_idx=[None]
    investmentStage[1]._pyomo_gdp_bigm_reformulation.relaxedDisjuncts[265].localVarReferences.binary_indicator_var  n=    1  sample_idx=[None]
    investmentStage[1]._pyomo_gdp_bigm_reformulation.relaxedDisjuncts[266].localVarReferences.binary_indicator_var  n=    1  sample_idx=[None]
    investmentStage[1]._pyomo_gdp_bigm_reformulation.relaxedDisjuncts[267].localVarReferences.binary_indicator_var  n=    1  sample_idx=[None]
    investmentStage[1]._pyomo_gdp_bigm_reformulation.relaxedDisjuncts[268].localVarReferences.binary_indicator_var  n=    1  sample_idx=[None]
    investmentStage[1]._pyomo_gdp_bigm_reformulation.relaxedDisjuncts[269].localVarReferences.binary_indicator_var  n=    1  sample_idx=[None]
  Integer (non-binary) components:
    (none)
  Continuous sample (first few):
    investmentStage[1].renewableOperational                                 n=   33
    investmentStage[1].renewableInstalled                                   n=   33
    investmentStage[1].renewableRetired                                     n=   33
    investmentStage[1].renewableExtended                                    n=   33
    investmentStage[1].renewableDisabled                                    n=   33
    investmentStage[1].quotaDeficit                                         n=    1
    investmentStage[1].renewableCurtailmentInvestment                       n=    1
    investmentStage[1].representativePeriod[1].renewableSurplusRepresentative  n=    1

  Suggested first_stage candidates (heuristic, binary only): 1043 names
    investmentStage[1].representativePeriod[1].commitmentPeriod[1].dispatchPeriod[1]._logical_to_disjunctive.auxiliary_vars
    investmentStage[1].representativePeriod[1].commitmentPeriod[1].dispatchPeriod[1]._pyomo_gdp_bigm_reformulation.relaxedDisjuncts[0].localVarReferences.binary_indicator_var
    investmentStage[1].representativePeriod[1].commitmentPeriod[1].dispatchPeriod[1]._pyomo_gdp_bigm_reformulation.relaxedDisjuncts[1].localVarReferences.binary_indicator_var
    investmentStage[1].representativePeriod[1].commitmentPeriod[1].dispatchPeriod[1]._pyomo_gdp_bigm_reformulation.relaxedDisjuncts[2].localVarReferences.binary_indicator_var
    investmentStage[1].representativePeriod[1].commitmentPeriod[1].dispatchPeriod[1]._pyomo_gdp_bigm_reformulation.relaxedDisjuncts[3].localVarReferences.binary_indicator_var
    investmentStage[1].representativePeriod[1].commitmentPeriod[1].dispatchPeriod[1]._pyomo_gdp_bigm_reformulation.relaxedDisjuncts[4].localVarReferences.binary_indicator_var
    investmentStage[1].representativePeriod[1].commitmentPeriod[1].dispatchPeriod[1]._pyomo_gdp_bigm_reformulation.relaxedDisjuncts[5].localVarReferences.binary_indicator_var
    investmentStage[1].representativePeriod[1].commitmentPeriod[1].dispatchPeriod[1]._pyomo_gdp_bigm_reformulation.relaxedDisjuncts[6].localVarReferences.binary_indicator_var
    investmentStage[1].representativePeriod[1].commitmentPeriod[1].dispatchPeriod[1]._pyomo_gdp_bigm_reformulation.relaxedDisjuncts[7].localVarReferences.binary_indicator_var
    investmentStage[1].representativePeriod[1].commitmentPeriod[1].dispatchPeriod[1]._pyomo_gdp_bigm_reformulation.relaxedDisjuncts[8].localVarReferences.binary_indicator_var
    investmentStage[1].representativePeriod[1].commitmentPeriod[1].dispatchPeriod[1]._pyomo_gdp_bigm_reformulation.relaxedDisjuncts[9].localVarReferences.binary_indicator_var
    investmentStage[1].representativePeriod[1].commitmentPeriod[1].dispatchPeriod[1]._pyomo_gdp_bigm_reformulation.relaxedDisjuncts[10].localVarReferences.binary_indicator_var
    ... +1031 more
  Stage 2 PASSED – inspect the list above before continuing

  Using DEFAULT_FIRST_STAGE_NAMES (20 patterns)

=== STAGE 3: Verify first-stage name list ===
  Candidate patterns (20):
    investmentStage[*].renewableOperational[*]
    investmentStage[*].renewableInstalled[*]
    investmentStage[*].renewableRetired[*]
    investmentStage[*].renewableExtended[*]
    investmentStage[*].renewableDisabled[*]
    investmentStage[*].genOperational[*].binary_indicator_var
    investmentStage[*].genInstalled[*].binary_indicator_var
    investmentStage[*].genRetired[*].binary_indicator_var
    investmentStage[*].genDisabled[*].binary_indicator_var
    investmentStage[*].genExtended[*].binary_indicator_var
    investmentStage[*].branchOperational[*].binary_indicator_var
    investmentStage[*].branchInstalled[*].binary_indicator_var
    investmentStage[*].branchRetired[*].binary_indicator_var
    investmentStage[*].branchDisabled[*].binary_indicator_var
    investmentStage[*].branchExtended[*].binary_indicator_var
    investmentStage[*].storOperational[*].binary_indicator_var
    investmentStage[*].storInstalled[*].binary_indicator_var
    investmentStage[*].storRetired[*].binary_indicator_var
    investmentStage[*].storDisabled[*].binary_indicator_var
    investmentStage[*].storExtended[*].binary_indicator_var
  Model still has 1776 active Binary VarData objects
  Stage 3 PASSED (full map population is verified in Stage 5)

=== STAGE 4: Trivial SPAROW SP (newsvendor-style) ===
  default_model: None
  bundles: ['1', '2', '3']
  create_bundle_EF succeeded for bundle 1
  int_to_FirstStageVar[1]: 1 entries
  Stage 4 PASSED

=== STAGE 5: SPAROW SP with GTEP model_builder (MULTI-SCENARIO) ===
  app_data sizes: stages=1, reps=1, len_reps=4, commit=2, disp=1
  Scenarios (2):
    ID='load_0p95'  alpha=0.95  P=0.5
    ID='load_1p05'  alpha=1.05  P=0.5
  Registered relax_second_stage (residual second-stage discrete → continuous)
  default_model: None
  bundles: ['load_0p95', 'load_1p05']
  Building EF for bundle load_0p95 (map population) ...
Did not find reserves.csv; assuming no reserves
WARNING | Did not find reserves.csv; assuming no reserves
Setting default t0 state in RTS-GMLC parser
WARNING | Setting default t0 state in RTS-GMLC parser
WARNING | Implicitly replacing the Component attribute storageCostInvestment (type=<class 'pyomo.core.base.var.ScalarVar'>) on block investmentStage[1] with a new Component (type=<class 'pyomo.core.base.expression.ScalarExpression'>).
This is usually indicative of a modelling error.
To avoid this warning, use block.del_component() and block.add_component().
[    0.00] Creating GTEP Model
  int_to_FirstStageVar[load_0p95]: 435 variables
    [0] s[None,load_0p95].investmentStage[1].renewableOperational[G11_R1]  domain=NonNegativeReals
    [1] s[None,load_0p95].investmentStage[1].renewableOperational[Wind_R1]  domain=NonNegativeReals
    [2] s[None,load_0p95].investmentStage[1].renewableOperational[G13_R1]  domain=NonNegativeReals
    [3] s[None,load_0p95].investmentStage[1].renewableOperational[G14_R1]  domain=NonNegativeReals
    [4] s[None,load_0p95].investmentStage[1].renewableOperational[Solar_R1]  domain=NonNegativeReals
    [5] s[None,load_0p95].investmentStage[1].renewableOperational[Hydro_R1]  domain=NonNegativeReals
  NOTE: 165 first-stage vars are continuous (expected for renewable MW)
  Stage 5 PASSED (multi-scenario)

=== STAGE 6: Extensive Form solve (reference) ===
  Solver: gurobi
  Bundles / scenarios: ['load_0p95', 'load_1p05']
  Building and solving extensive form ...
INFO - 
INFO | 
INFO - ----------------------------------------------------------------------
INFO | ----------------------------------------------------------------------
INFO - ExtensiveFormSolver - START
INFO | ExtensiveFormSolver - START
INFO - Using single_bundle scheme (extensive form solve).
INFO | Using single_bundle scheme (extensive form solve).
Did not find reserves.csv; assuming no reserves
WARNING | Did not find reserves.csv; assuming no reserves
Setting default t0 state in RTS-GMLC parser
WARNING | Setting default t0 state in RTS-GMLC parser
WARNING | Implicitly replacing the Component attribute storageCostInvestment (type=<class 'pyomo.core.base.var.ScalarVar'>) on block investmentStage[1] with a new Component (type=<class 'pyomo.core.base.expression.ScalarExpression'>).
This is usually indicative of a modelling error.
To avoid this warning, use block.del_component() and block.add_component().
WARNING | Redefining 'USD' (<class 'pint.delegates.txt_defparser.plain.UnitDefinition'>)
[    0.00] Creating GTEP Model
Did not find reserves.csv; assuming no reserves
WARNING | Did not find reserves.csv; assuming no reserves
Setting default t0 state in RTS-GMLC parser
WARNING | Setting default t0 state in RTS-GMLC parser
WARNING | DEPRECATED: Using __getitem__ to return a set value from its (ordered)
position is deprecated.  Please use at()  (deprecated in 6.1, will be
removed in (or after) 7.0)
(called from /Users/matthewviens/Optimization/sparow_examples/sparow_examples/aos_gtep_benders_multiple_scenarios/scale_tests/load_1p05/gtep_model.py:1282)
WARNING | DEPRECATED: Using __getitem__ to return a set value from its (ordered)
position is deprecated.  Please use at()  (deprecated in 6.1, will be
removed in (or after) 7.0)
(called from /Users/matthewviens/Optimization/sparow_examples/sparow_examples/aos_gtep_benders_multiple_scenarios/scale_tests/load_1p05/gtep_model.py:1352)
WARNING | DEPRECATED: Using __getitem__ to return a set value from its (ordered)
position is deprecated.  Please use at()  (deprecated in 6.1, will be
removed in (or after) 7.0)
(called from /Users/matthewviens/Optimization/sparow_examples/sparow_examples/aos_gtep_benders_multiple_scenarios/scale_tests/load_1p05/gtep_model.py:1391)
WARNING | Implicitly replacing the Component attribute storageCostInvestment (type=<class 'pyomo.core.base.var.ScalarVar'>) on block investmentStage[1] with a new Component (type=<class 'pyomo.core.base.expression.ScalarExpression'>).
This is usually indicative of a modelling error.
To avoid this warning, use block.del_component() and block.add_component().
[    0.00] Creating GTEP Model
INFO | Read LP format model from file /var/folders/n2/cpw5cst11dz704mw_b3h928w0000gn/T/tmpflpwvpgr.pyomo.lp
INFO | Reading time = 0.06 seconds
INFO | x1: 25698 rows, 4183 columns, 58730 nonzeros
INFO | Set parameter TimeLimit to value 600
INFO | Set parameter TimeLimit to value 600
INFO | Gurobi Optimizer version 13.0.0 build v13.0.0rc1 (mac64[rosetta2] - Darwin 25.5.0 25F84)
INFO | 
INFO | CPU model: Apple M1 Max
INFO | Thread count: 10 physical cores, 10 logical processors, using up to 10 threads
INFO | 
INFO | Non-default parameters:
INFO | TimeLimit  600
INFO | 
INFO | Optimize a model with 25698 rows, 4183 columns and 58730 nonzeros (Min)
INFO | Model fingerprint: 0x1aca1ba4
INFO | Model has 376 linear objective coefficients
INFO | Variable types: 3967 continuous, 216 integer (216 binary)
INFO | Coefficient statistics:
INFO |   Matrix range     [3e-01, 2e+05]
INFO |   Objective range  [5e-01, 1e+09]
INFO |   Bounds range     [3e-01, 2e+05]
INFO |   RHS range        [1e+00, 4e+04]
INFO | Warning: Model contains large objective coefficients
INFO |          Consider reformulating model or setting NumericFocus parameter
INFO |          to avoid numerical issues.
INFO | Presolve removed 25451 rows and 4002 columns
INFO | Presolve time: 0.09s
INFO | Presolved: 247 rows, 181 columns, 670 nonzeros
INFO | Variable types: 181 continuous, 0 integer (0 binary)
INFO | 
INFO | Root relaxation: objective 2.489218e+07, 64 iterations, 0.00 seconds (0.00 work units)
INFO | 
INFO |     Nodes    |    Current Node    |     Objective Bounds      |     Work
INFO |  Expl Unexpl |  Obj  Depth IntInf | Incumbent    BestBd   Gap | It/Node Time
INFO | 
INFO | *    0     0               0    2.489218e+07 2.4892e+07  0.00%     -    0s
INFO | 
INFO | Explored 1 nodes (64 simplex iterations) in 0.12 seconds (0.04 work units)
INFO | Thread count was 10 (of 10 available processors)
INFO | 
INFO | Solution count 1: 2.48922e+07 
INFO | 
INFO | Optimal solution found (tolerance 1.00e-04)
INFO | Best objective 2.489217731863e+07, best bound 2.489217731863e+07, gap 0.0000%
INFO - 
INFO | 
INFO - ----------------------------------------------------------------------
INFO | ----------------------------------------------------------------------
INFO - ExtensiveFormSolver - STOP
INFO | ExtensiveFormSolver - STOP
  EF objective value: 2.48922e+07
  Sample first-stage values (post-EF):
    s[None,load_0p95].investmentStage[1].renewableOperational[G11_R1] = 0
    s[None,load_0p95].investmentStage[1].renewableOperational[Wind_R1] = 2372.5465968785684
    s[None,load_0p95].investmentStage[1].renewableOperational[G13_R1] = 0
    s[None,load_0p95].investmentStage[1].renewableOperational[G14_R1] = 0
    s[None,load_0p95].investmentStage[1].renewableOperational[Solar_R1] = 0.0
    s[None,load_0p95].investmentStage[1].renewableOperational[Hydro_R1] = 658.1693342713265
    s[None,load_0p95].investmentStage[1].renewableOperational[G17_R1] = 0
    s[None,load_0p95].investmentStage[1].renewableOperational[G18_R1] = 0
  Stage 6 PASSED – reference objective recorded

*** MULTI-SCENARIO staged diagnostics complete through EF. ***
*** EF reference objective = 2.48922e+07 ***
*** Note: EF may rebundle scenarios into a single 'bundle'. ***
*** Re-run with run_benders=True only after this stage is clean. ***
